Obtaining file:///workspace/vllm/RiverEdge/river-vllm-edge/third_party/vllm
  Checking if build backend supports build_editable: started
  Checking if build backend supports build_editable: finished with status 'done'
  Preparing editable metadata (pyproject.toml): started
  Preparing editable metadata (pyproject.toml): finished with status 'error'
  error: subprocess-exited-with-error
  
  × Preparing editable metadata (pyproject.toml) did not run successfully.
  │ exit code: 1
  ╰─> [1990 lines of output]
      Failed to get the base commit in the main branch. Using the nightly wheel. The libraries in this wheel may not be compatible with your dev branch: [Errno 2] No such file or directory: 'git'
      Detected CUDA 13.0, using variant cu130
      VLLM_PRECOMPILED_WHEEL_COMMIT not valid: , trying to fetch base commit in main branch
      Upstream main branch latest commit: 88e5e2c57be8ce6e25510c1249352a23b8a85ec4
      Using precompiled wheel commit nightly with variant cu130
      Trying to fetch nightly build metadata from https://wheels.vllm.ai/nightly/cu130/vllm/metadata.json
      Found precompiled wheel metadata: {'package_name': 'vllm', 'version': '0.23.1rc1.dev998+g88e5e2c57', 'build_tag': None, 'python_tag': 'cp38', 'abi_tag': 'abi3', 'platform_tag': 'manylinux_2_28_aarch64', 'variant': None, 'filename': 'vllm-0.23.1rc1.dev998+g88e5e2c57-cp38-abi3-manylinux_2_28_aarch64.whl', 'path': '../../../88e5e2c57be8ce6e25510c1249352a23b8a85ec4/vllm-0.23.1rc1.dev998%2Bg88e5e2c57-cp38-abi3-manylinux_2_28_aarch64.whl'}
      Using precompiled wheel URL: https://wheels.vllm.ai/88e5e2c57be8ce6e25510c1249352a23b8a85ec4/vllm-0.23.1rc1.dev998%2Bg88e5e2c57-cp38-abi3-manylinux_2_28_aarch64.whl
      Downloading wheel from https://wheels.vllm.ai/88e5e2c57be8ce6e25510c1249352a23b8a85ec4/vllm-0.23.1rc1.dev998%2Bg88e5e2c57-cp38-abi3-manylinux_2_28_aarch64.whl to /tmp/vllm-wheels85t3_sz7/vllm-0.23.1rc1.dev998+g88e5e2c57-cp38-abi3-manylinux_2_28_aarch64.whl
      [extract] vllm/_C_stable_libtorch.abi3.so
      [extract] vllm/_flashmla_C.abi3.so
      [extract] vllm/_flashmla_extension_C.abi3.so
      [extract] vllm/_moe_C_stable_libtorch.abi3.so
      [extract] vllm/_qutlass_C.abi3.so
      [extract] vllm/_rust_tool_parser.abi3.so
      [extract] vllm/cumem_allocator.abi3.so
      [extract] vllm/spinloop.abi3.so
      [extract] vllm/vllm-rs
      [extract] vllm/third_party/deep_gemm/_C.cpython-310-aarch64-linux-gnu.so
      [extract] vllm/third_party/deep_gemm/_C.cpython-311-aarch64-linux-gnu.so
      [extract] vllm/third_party/deep_gemm/_C.cpython-312-aarch64-linux-gnu.so
      [extract] vllm/third_party/deep_gemm/_C.cpython-313-aarch64-linux-gnu.so
      [extract] vllm/third_party/deep_gemm/_C.cpython-314-aarch64-linux-gnu.so
      [extract] vllm/third_party/deep_gemm/__init__.py
      [extract] vllm/third_party/deep_gemm/envs.py
      [extract] vllm/third_party/deep_gemm/include/cute/config.hpp
      [extract] vllm/third_party/deep_gemm/include/cute/int_tuple.hpp
      [extract] vllm/third_party/deep_gemm/include/cute/layout.hpp
      [extract] vllm/third_party/deep_gemm/include/cute/layout_composed.hpp
      [extract] vllm/third_party/deep_gemm/include/cute/pointer.hpp
      [extract] vllm/third_party/deep_gemm/include/cute/pointer_base.hpp
      [extract] vllm/third_party/deep_gemm/include/cute/pointer_flagged.hpp
      [extract] vllm/third_party/deep_gemm/include/cute/pointer_sparse.hpp
      [extract] vllm/third_party/deep_gemm/include/cute/pointer_swizzle.hpp
      [extract] vllm/third_party/deep_gemm/include/cute/stride.hpp
      [extract] vllm/third_party/deep_gemm/include/cute/swizzle.hpp
      [extract] vllm/third_party/deep_gemm/include/cute/swizzle_layout.hpp
      [extract] vllm/third_party/deep_gemm/include/cute/tensor.hpp
      [extract] vllm/third_party/deep_gemm/include/cute/tensor_impl.hpp
      [extract] vllm/third_party/deep_gemm/include/cute/tensor_zip.hpp
      [extract] vllm/third_party/deep_gemm/include/cute/underscore.hpp
      [extract] vllm/third_party/deep_gemm/include/cute/algorithm/axpby.hpp
      [extract] vllm/third_party/deep_gemm/include/cute/algorithm/clear.hpp
      [extract] vllm/third_party/deep_gemm/include/cute/algorithm/cooperative_copy.hpp
      [extract] vllm/third_party/deep_gemm/include/cute/algorithm/cooperative_gemm.hpp
      [extract] vllm/third_party/deep_gemm/include/cute/algorithm/copy.hpp
      [extract] vllm/third_party/deep_gemm/include/cute/algorithm/fill.hpp
      [extract] vllm/third_party/deep_gemm/include/cute/algorithm/functional.hpp
      [extract] vllm/third_party/deep_gemm/include/cute/algorithm/gemm.hpp
      [extract] vllm/third_party/deep_gemm/include/cute/algorithm/prefer.hpp
      [extract] vllm/third_party/deep_gemm/include/cute/algorithm/prefetch.hpp
      [extract] vllm/third_party/deep_gemm/include/cute/algorithm/tensor_algorithms.hpp
      [extract] vllm/third_party/deep_gemm/include/cute/algorithm/tensor_reduce.hpp
      [extract] vllm/third_party/deep_gemm/include/cute/algorithm/tuple_algorithms.hpp
      [extract] vllm/third_party/deep_gemm/include/cute/arch/cluster_sm100.hpp
      [extract] vllm/third_party/deep_gemm/include/cute/arch/cluster_sm90.hpp
      [extract] vllm/third_party/deep_gemm/include/cute/arch/config.hpp
      [extract] vllm/third_party/deep_gemm/include/cute/arch/copy.hpp
      [extract] vllm/third_party/deep_gemm/include/cute/arch/copy_sm100.hpp
      [extract] vllm/third_party/deep_gemm/include/cute/arch/copy_sm100_tma.hpp
      [extract] vllm/third_party/deep_gemm/include/cute/arch/copy_sm50.hpp
      [extract] vllm/third_party/deep_gemm/include/cute/arch/copy_sm75.hpp
      [extract] vllm/third_party/deep_gemm/include/cute/arch/copy_sm80.hpp
      [extract] vllm/third_party/deep_gemm/include/cute/arch/copy_sm90.hpp
      [extract] vllm/third_party/deep_gemm/include/cute/arch/copy_sm90_desc.hpp
      [extract] vllm/third_party/deep_gemm/include/cute/arch/copy_sm90_tma.hpp
      [extract] vllm/third_party/deep_gemm/include/cute/arch/mma.hpp
      [extract] vllm/third_party/deep_gemm/include/cute/arch/mma_sm100.hpp
      [extract] vllm/third_party/deep_gemm/include/cute/arch/mma_sm100_desc.hpp
      [extract] vllm/third_party/deep_gemm/include/cute/arch/mma_sm100_umma.hpp
      [extract] vllm/third_party/deep_gemm/include/cute/arch/mma_sm120.hpp
      [extract] vllm/third_party/deep_gemm/include/cute/arch/mma_sm120_sparse.hpp
      [extract] vllm/third_party/deep_gemm/include/cute/arch/mma_sm61.hpp
      [extract] vllm/third_party/deep_gemm/include/cute/arch/mma_sm70.hpp
      [extract] vllm/third_party/deep_gemm/include/cute/arch/mma_sm75.hpp
      [extract] vllm/third_party/deep_gemm/include/cute/arch/mma_sm80.hpp
      [extract] vllm/third_party/deep_gemm/include/cute/arch/mma_sm89.hpp
      [extract] vllm/third_party/deep_gemm/include/cute/arch/mma_sm90.hpp
      [extract] vllm/third_party/deep_gemm/include/cute/arch/mma_sm90_desc.hpp
      [extract] vllm/third_party/deep_gemm/include/cute/arch/mma_sm90_gmma.hpp
      [extract] vllm/third_party/deep_gemm/include/cute/arch/mma_sm90_gmma_ext.hpp
      [extract] vllm/third_party/deep_gemm/include/cute/arch/mma_sm90_gmma_sparse.hpp
      [extract] vllm/third_party/deep_gemm/include/cute/arch/mma_sm90_gmma_sparse_ext.hpp
      [extract] vllm/third_party/deep_gemm/include/cute/arch/simd_sm100.hpp
      [extract] vllm/third_party/deep_gemm/include/cute/arch/tmem_allocator_sm100.hpp
      [extract] vllm/third_party/deep_gemm/include/cute/arch/util.hpp
      [extract] vllm/third_party/deep_gemm/include/cute/atom/copy_atom.hpp
      [extract] vllm/third_party/deep_gemm/include/cute/atom/copy_traits.hpp
      [extract] vllm/third_party/deep_gemm/include/cute/atom/copy_traits_sm100.hpp
      [extract] vllm/third_party/deep_gemm/include/cute/atom/copy_traits_sm100_im2col.hpp
      [extract] vllm/third_party/deep_gemm/include/cute/atom/copy_traits_sm100_tma.hpp
      [extract] vllm/third_party/deep_gemm/include/cute/atom/copy_traits_sm50.hpp
      [extract] vllm/third_party/deep_gemm/include/cute/atom/copy_traits_sm75.hpp
      [extract] vllm/third_party/deep_gemm/include/cute/atom/copy_traits_sm80.hpp
      [extract] vllm/third_party/deep_gemm/include/cute/atom/copy_traits_sm90.hpp
      [extract] vllm/third_party/deep_gemm/include/cute/atom/copy_traits_sm90_im2col.hpp
      [extract] vllm/third_party/deep_gemm/include/cute/atom/copy_traits_sm90_tma.hpp
      [extract] vllm/third_party/deep_gemm/include/cute/atom/copy_traits_sm90_tma_swizzle.hpp
      [extract] vllm/third_party/deep_gemm/include/cute/atom/mma_atom.hpp
      [extract] vllm/third_party/deep_gemm/include/cute/atom/mma_traits.hpp
      [extract] vllm/third_party/deep_gemm/include/cute/atom/mma_traits_sm100.hpp
      [extract] vllm/third_party/deep_gemm/include/cute/atom/mma_traits_sm120.hpp
      [extract] vllm/third_party/deep_gemm/include/cute/atom/mma_traits_sm120_sparse.hpp
      [extract] vllm/third_party/deep_gemm/include/cute/atom/mma_traits_sm61.hpp
      [extract] vllm/third_party/deep_gemm/include/cute/atom/mma_traits_sm70.hpp
      [extract] vllm/third_party/deep_gemm/include/cute/atom/mma_traits_sm75.hpp
      [extract] vllm/third_party/deep_gemm/include/cute/atom/mma_traits_sm80.hpp
      [extract] vllm/third_party/deep_gemm/include/cute/atom/mma_traits_sm89.hpp
      [extract] vllm/third_party/deep_gemm/include/cute/atom/mma_traits_sm90.hpp
      [extract] vllm/third_party/deep_gemm/include/cute/atom/mma_traits_sm90_gmma.hpp
      [extract] vllm/third_party/deep_gemm/include/cute/atom/mma_traits_sm90_gmma_ext.hpp
      [extract] vllm/third_party/deep_gemm/include/cute/atom/mma_traits_sm90_gmma_sparse.hpp
      [extract] vllm/third_party/deep_gemm/include/cute/atom/mma_traits_sm90_gmma_sparse_ext.hpp
      [extract] vllm/third_party/deep_gemm/include/cute/atom/partitioner.hpp
      [extract] vllm/third_party/deep_gemm/include/cute/container/alignment.hpp
      [extract] vllm/third_party/deep_gemm/include/cute/container/array.hpp
      [extract] vllm/third_party/deep_gemm/include/cute/container/array_aligned.hpp
      [extract] vllm/third_party/deep_gemm/include/cute/container/array_subbyte.hpp
      [extract] vllm/third_party/deep_gemm/include/cute/container/bit_field.hpp
      [extract] vllm/third_party/deep_gemm/include/cute/container/cuda_types.hpp
      [extract] vllm/third_party/deep_gemm/include/cute/container/tuple.hpp
      [extract] vllm/third_party/deep_gemm/include/cute/container/type_list.hpp
      [extract] vllm/third_party/deep_gemm/include/cute/numeric/arithmetic_tuple.hpp
      [extract] vllm/third_party/deep_gemm/include/cute/numeric/complex.hpp
      [extract] vllm/third_party/deep_gemm/include/cute/numeric/int.hpp
      [extract] vllm/third_party/deep_gemm/include/cute/numeric/integer_sequence.hpp
      [extract] vllm/third_party/deep_gemm/include/cute/numeric/integral_constant.hpp
      [extract] vllm/third_party/deep_gemm/include/cute/numeric/integral_ratio.hpp
      [extract] vllm/third_party/deep_gemm/include/cute/numeric/math.hpp
      [extract] vllm/third_party/deep_gemm/include/cute/numeric/numeric_types.hpp
      [extract] vllm/third_party/deep_gemm/include/cute/numeric/real.hpp
      [extract] vllm/third_party/deep_gemm/include/cute/util/debug.hpp
      [extract] vllm/third_party/deep_gemm/include/cute/util/print.hpp
      [extract] vllm/third_party/deep_gemm/include/cute/util/print_latex.hpp
      [extract] vllm/third_party/deep_gemm/include/cute/util/print_svg.hpp
      [extract] vllm/third_party/deep_gemm/include/cute/util/print_tensor.hpp
      [extract] vllm/third_party/deep_gemm/include/cute/util/type_traits.hpp
      [extract] vllm/third_party/deep_gemm/include/cutlass/aligned_buffer.h
      [extract] vllm/third_party/deep_gemm/include/cutlass/array.h
      [extract] vllm/third_party/deep_gemm/include/cutlass/array_planar_complex.h
      [extract] vllm/third_party/deep_gemm/include/cutlass/array_subbyte.h
      [extract] vllm/third_party/deep_gemm/include/cutlass/barrier.h
      [extract] vllm/third_party/deep_gemm/include/cutlass/bfloat16.h
      [extract] vllm/third_party/deep_gemm/include/cutlass/blas3.h
      [extract] vllm/third_party/deep_gemm/include/cutlass/blas3_types.h
      [extract] vllm/third_party/deep_gemm/include/cutlass/block_striped.h
      [extract] vllm/third_party/deep_gemm/include/cutlass/cluster_launch.hpp
      [extract] vllm/third_party/deep_gemm/include/cutlass/complex.h
      [extract] vllm/third_party/deep_gemm/include/cutlass/constants.h
      [extract] vllm/third_party/deep_gemm/include/cutlass/coord.h
      [extract] vllm/third_party/deep_gemm/include/cutlass/core_io.h
      [extract] vllm/third_party/deep_gemm/include/cutlass/cuda_host_adapter.hpp
      [extract] vllm/third_party/deep_gemm/include/cutlass/cutlass.h
      [extract] vllm/third_party/deep_gemm/include/cutlass/device_kernel.h
      [extract] vllm/third_party/deep_gemm/include/cutlass/exmy_base.h
      [extract] vllm/third_party/deep_gemm/include/cutlass/fast_math.h
      [extract] vllm/third_party/deep_gemm/include/cutlass/float8.h
      [extract] vllm/third_party/deep_gemm/include/cutlass/float_subbyte.h
      [extract] vllm/third_party/deep_gemm/include/cutlass/floating_point_nvrtc.h
      [extract] vllm/third_party/deep_gemm/include/cutlass/functional.h
      [extract] vllm/third_party/deep_gemm/include/cutlass/gemm_coord.h
      [extract] vllm/third_party/deep_gemm/include/cutlass/gemm_coord.hpp
      [extract] vllm/third_party/deep_gemm/include/cutlass/half.h
      [extract] vllm/third_party/deep_gemm/include/cutlass/integer_subbyte.h
      [extract] vllm/third_party/deep_gemm/include/cutlass/kernel_hardware_info.h
      [extract] vllm/third_party/deep_gemm/include/cutlass/kernel_hardware_info.hpp
      [extract] vllm/third_party/deep_gemm/include/cutlass/kernel_launch.h
      [extract] vllm/third_party/deep_gemm/include/cutlass/matrix.h
      [extract] vllm/third_party/deep_gemm/include/cutlass/matrix_coord.h
      [extract] vllm/third_party/deep_gemm/include/cutlass/matrix_shape.h
      [extract] vllm/third_party/deep_gemm/include/cutlass/numeric_conversion.h
      [extract] vllm/third_party/deep_gemm/include/cutlass/numeric_size.h
      [extract] vllm/third_party/deep_gemm/include/cutlass/numeric_types.h
      [extract] vllm/third_party/deep_gemm/include/cutlass/pitch_linear_coord.h
      [extract] vllm/third_party/deep_gemm/include/cutlass/predicate_vector.h
      [extract] vllm/third_party/deep_gemm/include/cutlass/quaternion.h
      [extract] vllm/third_party/deep_gemm/include/cutlass/real.h
      [extract] vllm/third_party/deep_gemm/include/cutlass/relatively_equal.h
      [extract] vllm/third_party/deep_gemm/include/cutlass/semaphore.h
      [extract] vllm/third_party/deep_gemm/include/cutlass/subbyte_reference.h
      [extract] vllm/third_party/deep_gemm/include/cutlass/tensor_coord.h
      [extract] vllm/third_party/deep_gemm/include/cutlass/tensor_ref.h
      [extract] vllm/third_party/deep_gemm/include/cutlass/tensor_ref_planar_complex.h
      [extract] vllm/third_party/deep_gemm/include/cutlass/tensor_view.h
      [extract] vllm/third_party/deep_gemm/include/cutlass/tensor_view_planar_complex.h
      [extract] vllm/third_party/deep_gemm/include/cutlass/tfloat32.h
      [extract] vllm/third_party/deep_gemm/include/cutlass/trace.h
      [extract] vllm/third_party/deep_gemm/include/cutlass/uint128.h
      [extract] vllm/third_party/deep_gemm/include/cutlass/uint256.h
      [extract] vllm/third_party/deep_gemm/include/cutlass/version.h
      [extract] vllm/third_party/deep_gemm/include/cutlass/wmma_array.h
      [extract] vllm/third_party/deep_gemm/include/cutlass/workspace.h
      [extract] vllm/third_party/deep_gemm/include/cutlass/arch/arch.h
      [extract] vllm/third_party/deep_gemm/include/cutlass/arch/barrier.h
      [extract] vllm/third_party/deep_gemm/include/cutlass/arch/cache_operation.h
      [extract] vllm/third_party/deep_gemm/include/cutlass/arch/config.h
      [extract] vllm/third_party/deep_gemm/include/cutlass/arch/grid_dependency_control.h
      [extract] vllm/third_party/deep_gemm/include/cutlass/arch/memory.h
      [extract] vllm/third_party/deep_gemm/include/cutlass/arch/memory_sm75.h
      [extract] vllm/third_party/deep_gemm/include/cutlass/arch/memory_sm80.h
      [extract] vllm/third_party/deep_gemm/include/cutlass/arch/mma.h
      [extract] vllm/third_party/deep_gemm/include/cutlass/arch/mma_sm100.h
      [extract] vllm/third_party/deep_gemm/include/cutlass/arch/mma_sm50.h
      [extract] vllm/third_party/deep_gemm/include/cutlass/arch/mma_sm60.h
      [extract] vllm/third_party/deep_gemm/include/cutlass/arch/mma_sm61.h
      [extract] vllm/third_party/deep_gemm/include/cutlass/arch/mma_sm70.h
      [extract] vllm/third_party/deep_gemm/include/cutlass/arch/mma_sm75.h
      [extract] vllm/third_party/deep_gemm/include/cutlass/arch/mma_sm80.h
      [extract] vllm/third_party/deep_gemm/include/cutlass/arch/mma_sm89.h
      [extract] vllm/third_party/deep_gemm/include/cutlass/arch/mma_sm90.h
      [extract] vllm/third_party/deep_gemm/include/cutlass/arch/mma_sparse_sm80.h
      [extract] vllm/third_party/deep_gemm/include/cutlass/arch/mma_sparse_sm89.h
      [extract] vllm/third_party/deep_gemm/include/cutlass/arch/reg_reconfig.h
      [extract] vllm/third_party/deep_gemm/include/cutlass/arch/simd.h
      [extract] vllm/third_party/deep_gemm/include/cutlass/arch/simd_sm60.h
      [extract] vllm/third_party/deep_gemm/include/cutlass/arch/simd_sm61.h
      [extract] vllm/third_party/deep_gemm/include/cutlass/arch/synclog.hpp
      [extract] vllm/third_party/deep_gemm/include/cutlass/arch/wmma.h
      [extract] vllm/third_party/deep_gemm/include/cutlass/arch/wmma_sm70.h
      [extract] vllm/third_party/deep_gemm/include/cutlass/arch/wmma_sm72.h
      [extract] vllm/third_party/deep_gemm/include/cutlass/arch/wmma_sm75.h
      [extract] vllm/third_party/deep_gemm/include/cutlass/conv/conv2d_problem_size.h
      [extract] vllm/third_party/deep_gemm/include/cutlass/conv/conv3d_problem_size.h
      [extract] vllm/third_party/deep_gemm/include/cutlass/conv/convnd_problem_shape.hpp
      [extract] vllm/third_party/deep_gemm/include/cutlass/conv/convolution.h
      [extract] vllm/third_party/deep_gemm/include/cutlass/conv/detail.hpp
      [extract] vllm/third_party/deep_gemm/include/cutlass/conv/dispatch_policy.hpp
      [extract] vllm/third_party/deep_gemm/include/cutlass/conv/collective/collective_builder.hpp
      [extract] vllm/third_party/deep_gemm/include/cutlass/conv/collective/collective_conv.hpp
      [extract] vllm/third_party/deep_gemm/include/cutlass/conv/collective/detail.hpp
      [extract] vllm/third_party/deep_gemm/include/cutlass/conv/collective/sm100_implicit_gemm_umma_warpspecialized.hpp
      [extract] vllm/third_party/deep_gemm/include/cutlass/conv/collective/sm90_implicit_gemm_gmma_ss_warpspecialized.hpp
      [extract] vllm/third_party/deep_gemm/include/cutlass/conv/collective/builders/sm100_common.inl
      [extract] vllm/third_party/deep_gemm/include/cutlass/conv/collective/builders/sm100_umma_builder.inl
      [extract] vllm/third_party/deep_gemm/include/cutlass/conv/collective/builders/sm90_common.inl
      [extract] vllm/third_party/deep_gemm/include/cutlass/conv/collective/builders/sm90_gmma_builder.inl
      [extract] vllm/third_party/deep_gemm/include/cutlass/conv/device/conv_universal_adapter.hpp
      [extract] vllm/third_party/deep_gemm/include/cutlass/conv/device/direct_convolution.h
      [extract] vllm/third_party/deep_gemm/include/cutlass/conv/device/implicit_gemm_convolution.h
      [extract] vllm/third_party/deep_gemm/include/cutlass/conv/device/implicit_gemm_convolution_fusion.h
      [extract] vllm/third_party/deep_gemm/include/cutlass/conv/kernel/conv_universal.hpp
      [extract] vllm/third_party/deep_gemm/include/cutlass/conv/kernel/default_conv2d.h
      [extract] vllm/third_party/deep_gemm/include/cutlass/conv/kernel/default_conv2d_dgrad.h
      [extract] vllm/third_party/deep_gemm/include/cutlass/conv/kernel/default_conv2d_fprop.h
      [extract] vllm/third_party/deep_gemm/include/cutlass/conv/kernel/default_conv2d_fprop_fusion.h
      [extract] vllm/third_party/deep_gemm/include/cutlass/conv/kernel/default_conv2d_fprop_with_absmax.h
      [extract] vllm/third_party/deep_gemm/include/cutlass/conv/kernel/default_conv2d_fprop_with_broadcast.h
      [extract] vllm/third_party/deep_gemm/include/cutlass/conv/kernel/default_conv2d_fprop_with_reduction.h
      [extract] vllm/third_party/deep_gemm/include/cutlass/conv/kernel/default_conv2d_group_fprop.h
      [extract] vllm/third_party/deep_gemm/include/cutlass/conv/kernel/default_conv2d_wgrad.h
      [extract] vllm/third_party/deep_gemm/include/cutlass/conv/kernel/default_conv2d_wgrad_fusion.h
      [extract] vllm/third_party/deep_gemm/include/cutlass/conv/kernel/default_conv3d_dgrad.h
      [extract] vllm/third_party/deep_gemm/include/cutlass/conv/kernel/default_conv3d_fprop.h
      [extract] vllm/third_party/deep_gemm/include/cutlass/conv/kernel/default_conv3d_fprop_fusion.h
      [extract] vllm/third_party/deep_gemm/include/cutlass/conv/kernel/default_conv3d_fprop_with_broadcast.h
      [extract] vllm/third_party/deep_gemm/include/cutlass/conv/kernel/default_conv3d_wgrad.h
      [extract] vllm/third_party/deep_gemm/include/cutlass/conv/kernel/default_deconv2d.h
      [extract] vllm/third_party/deep_gemm/include/cutlass/conv/kernel/default_deconv2d_with_broadcast.h
      [extract] vllm/third_party/deep_gemm/include/cutlass/conv/kernel/default_deconv3d.h
      [extract] vllm/third_party/deep_gemm/include/cutlass/conv/kernel/default_deconv3d_with_broadcast.h
      [extract] vllm/third_party/deep_gemm/include/cutlass/conv/kernel/default_depthwise_fprop.h
      [extract] vllm/third_party/deep_gemm/include/cutlass/conv/kernel/direct_convolution.h
      [extract] vllm/third_party/deep_gemm/include/cutlass/conv/kernel/implicit_gemm_convolution.h
      [extract] vllm/third_party/deep_gemm/include/cutlass/conv/kernel/implicit_gemm_convolution_fusion.h
      [extract] vllm/third_party/deep_gemm/include/cutlass/conv/kernel/implicit_gemm_convolution_strided_dgrad.h
      [extract] vllm/third_party/deep_gemm/include/cutlass/conv/kernel/implicit_gemm_convolution_with_absmax.h
      [extract] vllm/third_party/deep_gemm/include/cutlass/conv/kernel/implicit_gemm_convolution_with_fused_epilogue.h
      [extract] vllm/third_party/deep_gemm/include/cutlass/conv/kernel/sm100_implicit_gemm_tma_warpspecialized.hpp
      [extract] vllm/third_party/deep_gemm/include/cutlass/conv/kernel/sm90_implicit_gemm_tma_warpspecialized.hpp
      [extract] vllm/third_party/deep_gemm/include/cutlass/conv/thread/depthwise_mma.h
      [extract] vllm/third_party/deep_gemm/include/cutlass/conv/threadblock/conv2d_dgrad_filter_tile_access_iterator_analytic.h
      [extract] vllm/third_party/deep_gemm/include/cutlass/conv/threadblock/conv2d_dgrad_filter_tile_access_iterator_optimized.h
      [extract] vllm/third_party/deep_gemm/include/cutlass/conv/threadblock/conv2d_dgrad_output_gradient_tile_access_iterator_analytic.h
      [extract] vllm/third_party/deep_gemm/include/cutlass/conv/threadblock/conv2d_dgrad_output_gradient_tile_access_iterator_optimized.h
      [extract] vllm/third_party/deep_gemm/include/cutlass/conv/threadblock/conv2d_fprop_activation_tile_access_iterator_analytic.h
      [extract] vllm/third_party/deep_gemm/include/cutlass/conv/threadblock/conv2d_fprop_activation_tile_access_iterator_few_channels.h
      [extract] vllm/third_party/deep_gemm/include/cutlass/conv/threadblock/conv2d_fprop_activation_tile_access_iterator_fixed_channels.h
      [extract] vllm/third_party/deep_gemm/include/cutlass/conv/threadblock/conv2d_fprop_activation_tile_access_iterator_optimized.h
      [extract] vllm/third_party/deep_gemm/include/cutlass/conv/threadblock/conv2d_fprop_filter_tile_access_iterator_analytic.h
      [extract] vllm/third_party/deep_gemm/include/cutlass/conv/threadblock/conv2d_fprop_filter_tile_access_iterator_few_channels.h
      [extract] vllm/third_party/deep_gemm/include/cutlass/conv/threadblock/conv2d_fprop_filter_tile_access_iterator_fixed_channels.h
      [extract] vllm/third_party/deep_gemm/include/cutlass/conv/threadblock/conv2d_fprop_filter_tile_access_iterator_optimized.h
      [extract] vllm/third_party/deep_gemm/include/cutlass/conv/threadblock/conv2d_params.h
      [extract] vllm/third_party/deep_gemm/include/cutlass/conv/threadblock/conv2d_tile_iterator.h
      [extract] vllm/third_party/deep_gemm/include/cutlass/conv/threadblock/conv2d_wgrad_activation_tile_access_iterator_analytic.h
      [extract] vllm/third_party/deep_gemm/include/cutlass/conv/threadblock/conv2d_wgrad_activation_tile_access_iterator_optimized.h
      [extract] vllm/third_party/deep_gemm/include/cutlass/conv/threadblock/conv2d_wgrad_output_gradient_tile_access_iterator_analytic.h
      [extract] vllm/third_party/deep_gemm/include/cutlass/conv/threadblock/conv2d_wgrad_output_gradient_tile_access_iterator_optimized.h
      [extract] vllm/third_party/deep_gemm/include/cutlass/conv/threadblock/conv3d_dgrad_filter_tile_access_iterator_analytic.h
      [extract] vllm/third_party/deep_gemm/include/cutlass/conv/threadblock/conv3d_dgrad_filter_tile_access_iterator_optimized.h
      [extract] vllm/third_party/deep_gemm/include/cutlass/conv/threadblock/conv3d_dgrad_output_gradient_tile_access_iterator_analytic.h
      [extract] vllm/third_party/deep_gemm/include/cutlass/conv/threadblock/conv3d_dgrad_output_gradient_tile_access_iterator_optimized.h
      [extract] vllm/third_party/deep_gemm/include/cutlass/conv/threadblock/conv3d_fprop_activation_tile_access_iterator_analytic.h
      [extract] vllm/third_party/deep_gemm/include/cutlass/conv/threadblock/conv3d_fprop_activation_tile_access_iterator_optimized.h
      [extract] vllm/third_party/deep_gemm/include/cutlass/conv/threadblock/conv3d_fprop_filter_tile_access_iterator_analytic.h
      [extract] vllm/third_party/deep_gemm/include/cutlass/conv/threadblock/conv3d_fprop_filter_tile_access_iterator_optimized.h
      [extract] vllm/third_party/deep_gemm/include/cutlass/conv/threadblock/conv3d_params.h
      [extract] vllm/third_party/deep_gemm/include/cutlass/conv/threadblock/conv3d_wgrad_activation_tile_access_iterator_analytic.h
      [extract] vllm/third_party/deep_gemm/include/cutlass/conv/threadblock/conv3d_wgrad_activation_tile_access_iterator_optimized.h
      [extract] vllm/third_party/deep_gemm/include/cutlass/conv/threadblock/conv3d_wgrad_output_gradient_tile_access_iterator_analytic.h
      [extract] vllm/third_party/deep_gemm/include/cutlass/conv/threadblock/conv3d_wgrad_output_gradient_tile_access_iterator_optimized.h
      [extract] vllm/third_party/deep_gemm/include/cutlass/conv/threadblock/depthwise_direct_conv_params.h
      [extract] vllm/third_party/deep_gemm/include/cutlass/conv/threadblock/depthwise_fprop_activation_tile_access_iterator_direct_conv_fixed_stride_dilation.h
      [extract] vllm/third_party/deep_gemm/include/cutlass/conv/threadblock/depthwise_fprop_activation_tile_access_iterator_direct_conv_optimized.h
      [extract] vllm/third_party/deep_gemm/include/cutlass/conv/threadblock/depthwise_fprop_direct_conv_multistage.h
      [extract] vllm/third_party/deep_gemm/include/cutlass/conv/threadblock/depthwise_fprop_filter_tile_access_iterator_direct_conv_optimized.h
      [extract] vllm/third_party/deep_gemm/include/cutlass/conv/threadblock/depthwise_fprop_pipelined.h
      [extract] vllm/third_party/deep_gemm/include/cutlass/conv/threadblock/depthwise_mma_base.h
      [extract] vllm/third_party/deep_gemm/include/cutlass/conv/threadblock/depthwise_mma_core_with_lane_access_size.h
      [extract] vllm/third_party/deep_gemm/include/cutlass/conv/threadblock/implicit_gemm_fprop_fusion_multistage.h
      [extract] vllm/third_party/deep_gemm/include/cutlass/conv/threadblock/implicit_gemm_multistage.h
      [extract] vllm/third_party/deep_gemm/include/cutlass/conv/threadblock/implicit_gemm_pipelined.h
      [extract] vllm/third_party/deep_gemm/include/cutlass/conv/threadblock/implicit_gemm_wgrad_fusion_multistage.h
      [extract] vllm/third_party/deep_gemm/include/cutlass/conv/threadblock/predicated_scale_bias_vector_access_iterator.h
      [extract] vllm/third_party/deep_gemm/include/cutlass/conv/threadblock/predicated_scale_bias_vector_iterator.h
      [extract] vllm/third_party/deep_gemm/include/cutlass/conv/threadblock/threadblock_swizzle.h
      [extract] vllm/third_party/deep_gemm/include/cutlass/conv/warp/mma_depthwise_simt.h
      [extract] vllm/third_party/deep_gemm/include/cutlass/conv/warp/mma_depthwise_simt_tile_iterator.h
      [extract] vllm/third_party/deep_gemm/include/cutlass/conv/warp/scale_bias_relu_transform.h
      [extract] vllm/third_party/deep_gemm/include/cutlass/detail/blockwise_scale_layout.hpp
      [extract] vllm/third_party/deep_gemm/include/cutlass/detail/cluster.hpp
      [extract] vllm/third_party/deep_gemm/include/cutlass/detail/collective.hpp
      [extract] vllm/third_party/deep_gemm/include/cutlass/detail/dependent_false.hpp
      [extract] vllm/third_party/deep_gemm/include/cutlass/detail/helper_macros.hpp
      [extract] vllm/third_party/deep_gemm/include/cutlass/detail/layout.hpp
      [extract] vllm/third_party/deep_gemm/include/cutlass/detail/mainloop_fusion_helper_scale_factor.hpp
      [extract] vllm/third_party/deep_gemm/include/cutlass/detail/mma.hpp
      [extract] vllm/third_party/deep_gemm/include/cutlass/detail/sm100_blockscaled_layout.hpp
      [extract] vllm/third_party/deep_gemm/include/cutlass/detail/sm100_mixed_dtype_blockwise_layout.hpp
      [extract] vllm/third_party/deep_gemm/include/cutlass/detail/sm100_tmem_helper.hpp
      [extract] vllm/third_party/deep_gemm/include/cutlass/detail/sm103_blockscaled_layout.hpp
      [extract] vllm/third_party/deep_gemm/include/cutlass/detail/collective/mixed_input_utils.hpp
      [extract] vllm/third_party/deep_gemm/include/cutlass/detail/collective/sm103_kernel_type.hpp
      [extract] vllm/third_party/deep_gemm/include/cutlass/epilogue/dispatch_policy.hpp
      [extract] vllm/third_party/deep_gemm/include/cutlass/epilogue/collective/collective_builder.hpp
      [extract] vllm/third_party/deep_gemm/include/cutlass/epilogue/collective/collective_epilogue.hpp
      [extract] vllm/third_party/deep_gemm/include/cutlass/epilogue/collective/default_epilogue.hpp
      [extract] vllm/third_party/deep_gemm/include/cutlass/epilogue/collective/default_epilogue_array.hpp
      [extract] vllm/third_party/deep_gemm/include/cutlass/epilogue/collective/detail.hpp
      [extract] vllm/third_party/deep_gemm/include/cutlass/epilogue/collective/epilogue_tensor_broadcast.hpp
      [extract] vllm/third_party/deep_gemm/include/cutlass/epilogue/collective/sm100_epilogue_array_nosmem.hpp
      [extract] vllm/third_party/deep_gemm/include/cutlass/epilogue/collective/sm100_epilogue_array_tma_warpspecialized.hpp
      [extract] vllm/third_party/deep_gemm/include/cutlass/epilogue/collective/sm100_epilogue_nosmem.hpp
      [extract] vllm/third_party/deep_gemm/include/cutlass/epilogue/collective/sm100_epilogue_tma_warpspecialized.hpp
      [extract] vllm/third_party/deep_gemm/include/cutlass/epilogue/collective/sm70_epilogue_vectorized.hpp
      [extract] vllm/third_party/deep_gemm/include/cutlass/epilogue/collective/sm70_epilogue_vectorized_array.hpp
      [extract] vllm/third_party/deep_gemm/include/cutlass/epilogue/collective/sm90_epilogue_array_tma_warpspecialized.hpp
      [extract] vllm/third_party/deep_gemm/include/cutlass/epilogue/collective/sm90_epilogue_tma_warpspecialized.hpp
      [extract] vllm/third_party/deep_gemm/include/cutlass/epilogue/collective/sm90_epilogue_tma_warpspecialized_bias_elementwise.hpp
      [extract] vllm/third_party/deep_gemm/include/cutlass/epilogue/collective/builders/sm100_builder.inl
      [extract] vllm/third_party/deep_gemm/include/cutlass/epilogue/collective/builders/sm103_builder.inl
      [extract] vllm/third_party/deep_gemm/include/cutlass/epilogue/collective/builders/sm120_builder.inl
      [extract] vllm/third_party/deep_gemm/include/cutlass/epilogue/collective/builders/sm120_common.inl
      [extract] vllm/third_party/deep_gemm/include/cutlass/epilogue/collective/builders/sm90_builder.inl
      [extract] vllm/third_party/deep_gemm/include/cutlass/epilogue/collective/builders/sm90_common.inl
      [extract] vllm/third_party/deep_gemm/include/cutlass/epilogue/fusion/callbacks.hpp
      [extract] vllm/third_party/deep_gemm/include/cutlass/epilogue/fusion/operations.hpp
      [extract] vllm/third_party/deep_gemm/include/cutlass/epilogue/fusion/sm100_callbacks_tma_warpspecialized.hpp
      [extract] vllm/third_party/deep_gemm/include/cutlass/epilogue/fusion/sm100_visitor_compute_tma_warpspecialized.hpp
      [extract] vllm/third_party/deep_gemm/include/cutlass/epilogue/fusion/sm100_visitor_store_tma_warpspecialized.hpp
      [extract] vllm/third_party/deep_gemm/include/cutlass/epilogue/fusion/sm120_callbacks_tma_warpspecialized.hpp
      [extract] vllm/third_party/deep_gemm/include/cutlass/epilogue/fusion/sm120_visitor_store_tma_warpspecialized.hpp
      [extract] vllm/third_party/deep_gemm/include/cutlass/epilogue/fusion/sm90_callbacks_tma_warpspecialized.hpp
      [extract] vllm/third_party/deep_gemm/include/cutlass/epilogue/fusion/sm90_visitor_compute_tma_warpspecialized.hpp
      [extract] vllm/third_party/deep_gemm/include/cutlass/epilogue/fusion/sm90_visitor_load_tma_warpspecialized.hpp
      [extract] vllm/third_party/deep_gemm/include/cutlass/epilogue/fusion/sm90_visitor_store_tma_warpspecialized.hpp
      [extract] vllm/third_party/deep_gemm/include/cutlass/epilogue/fusion/sm90_visitor_tma_warpspecialized.hpp
      [extract] vllm/third_party/deep_gemm/include/cutlass/epilogue/fusion/sm90_visitor_topk_softmax.hpp
      [extract] vllm/third_party/deep_gemm/include/cutlass/epilogue/thread/activation.h
      [extract] vllm/third_party/deep_gemm/include/cutlass/epilogue/thread/conversion_op.h
      [extract] vllm/third_party/deep_gemm/include/cutlass/epilogue/thread/detail.hpp
      [extract] vllm/third_party/deep_gemm/include/cutlass/epilogue/thread/linear_combination.h
      [extract] vllm/third_party/deep_gemm/include/cutlass/epilogue/thread/linear_combination_bias_elementwise.h
      [extract] vllm/third_party/deep_gemm/include/cutlass/epilogue/thread/linear_combination_bias_relu.h
      [extract] vllm/third_party/deep_gemm/include/cutlass/epilogue/thread/linear_combination_clamp.h
      [extract] vllm/third_party/deep_gemm/include/cutlass/epilogue/thread/linear_combination_dgelu.h
      [extract] vllm/third_party/deep_gemm/include/cutlass/epilogue/thread/linear_combination_drelu.h
      [extract] vllm/third_party/deep_gemm/include/cutlass/epilogue/thread/linear_combination_gelu.h
      [extract] vllm/third_party/deep_gemm/include/cutlass/epilogue/thread/linear_combination_generic.h
      [extract] vllm/third_party/deep_gemm/include/cutlass/epilogue/thread/linear_combination_generic_with_scaling.h
      [extract] vllm/third_party/deep_gemm/include/cutlass/epilogue/thread/linear_combination_hardswish.h
      [extract] vllm/third_party/deep_gemm/include/cutlass/epilogue/thread/linear_combination_leaky_relu.h
      [extract] vllm/third_party/deep_gemm/include/cutlass/epilogue/thread/linear_combination_params.h
      [extract] vllm/third_party/deep_gemm/include/cutlass/epilogue/thread/linear_combination_planar_complex.h
      [extract] vllm/third_party/deep_gemm/include/cutlass/epilogue/thread/linear_combination_relu.h
      [extract] vllm/third_party/deep_gemm/include/cutlass/epilogue/thread/linear_combination_relu0.h
      [extract] vllm/third_party/deep_gemm/include/cutlass/epilogue/thread/linear_combination_residual_block.h
      [extract] vllm/third_party/deep_gemm/include/cutlass/epilogue/thread/linear_combination_sigmoid.h
      [extract] vllm/third_party/deep_gemm/include/cutlass/epilogue/thread/linear_combination_silu.h
      [extract] vllm/third_party/deep_gemm/include/cutlass/epilogue/thread/linear_combination_tensor_broadcast.hpp
      [extract] vllm/third_party/deep_gemm/include/cutlass/epilogue/thread/linear_combination_with_elementwise.h
      [extract] vllm/third_party/deep_gemm/include/cutlass/epilogue/thread/reduction_op.h
      [extract] vllm/third_party/deep_gemm/include/cutlass/epilogue/thread/scale_type.h
      [extract] vllm/third_party/deep_gemm/include/cutlass/epilogue/threadblock/default_epilogue_complex_tensor_op.h
      [extract] vllm/third_party/deep_gemm/include/cutlass/epilogue/threadblock/default_epilogue_complex_tensor_op_blas3.h
      [extract] vllm/third_party/deep_gemm/include/cutlass/epilogue/threadblock/default_epilogue_direct_store.h
      [extract] vllm/third_party/deep_gemm/include/cutlass/epilogue/threadblock/default_epilogue_planar_complex.h
      [extract] vllm/third_party/deep_gemm/include/cutlass/epilogue/threadblock/default_epilogue_simt.h
      [extract] vllm/third_party/deep_gemm/include/cutlass/epilogue/threadblock/default_epilogue_tensor_op.h
      [extract] vllm/third_party/deep_gemm/include/cutlass/epilogue/threadblock/default_epilogue_tensor_op_blas3.h
      [extract] vllm/third_party/deep_gemm/include/cutlass/epilogue/threadblock/default_epilogue_volta_tensor_op.h
      [extract] vllm/third_party/deep_gemm/include/cutlass/epilogue/threadblock/default_epilogue_with_absmax.h
      [extract] vllm/third_party/deep_gemm/include/cutlass/epilogue/threadblock/default_epilogue_with_broadcast.h
      [extract] vllm/third_party/deep_gemm/include/cutlass/epilogue/threadblock/default_epilogue_with_reduction.h
      [extract] vllm/third_party/deep_gemm/include/cutlass/epilogue/threadblock/default_epilogue_wmma_tensor_op.h
      [extract] vllm/third_party/deep_gemm/include/cutlass/epilogue/threadblock/default_thread_map_simt.h
      [extract] vllm/third_party/deep_gemm/include/cutlass/epilogue/threadblock/default_thread_map_tensor_op.h
      [extract] vllm/third_party/deep_gemm/include/cutlass/epilogue/threadblock/default_thread_map_volta_tensor_op.h
      [extract] vllm/third_party/deep_gemm/include/cutlass/epilogue/threadblock/default_thread_map_wmma_tensor_op.h
      [extract] vllm/third_party/deep_gemm/include/cutlass/epilogue/threadblock/direct_store_epilogue_iterator.h
      [extract] vllm/third_party/deep_gemm/include/cutlass/epilogue/threadblock/epilogue.h
      [extract] vllm/third_party/deep_gemm/include/cutlass/epilogue/threadblock/epilogue_base.h
      [extract] vllm/third_party/deep_gemm/include/cutlass/epilogue/threadblock/epilogue_base_streamk.h
      [extract] vllm/third_party/deep_gemm/include/cutlass/epilogue/threadblock/epilogue_depthwise.h
      [extract] vllm/third_party/deep_gemm/include/cutlass/epilogue/threadblock/epilogue_direct_store.h
      [extract] vllm/third_party/deep_gemm/include/cutlass/epilogue/threadblock/epilogue_gemm_k_reduction.h
      [extract] vllm/third_party/deep_gemm/include/cutlass/epilogue/threadblock/epilogue_planar_complex.h
      [extract] vllm/third_party/deep_gemm/include/cutlass/epilogue/threadblock/epilogue_smem_accumulator.h
      [extract] vllm/third_party/deep_gemm/include/cutlass/epilogue/threadblock/epilogue_streamk_with_broadcast.h
      [extract] vllm/third_party/deep_gemm/include/cutlass/epilogue/threadblock/epilogue_visitor_with_softmax.h
      [extract] vllm/third_party/deep_gemm/include/cutlass/epilogue/threadblock/epilogue_with_absmax.h
      [extract] vllm/third_party/deep_gemm/include/cutlass/epilogue/threadblock/epilogue_with_broadcast.h
      [extract] vllm/third_party/deep_gemm/include/cutlass/epilogue/threadblock/epilogue_with_reduction.h
      [extract] vllm/third_party/deep_gemm/include/cutlass/epilogue/threadblock/epilogue_with_scaling_factor.h
      [extract] vllm/third_party/deep_gemm/include/cutlass/epilogue/threadblock/epilogue_with_visitor.h
      [extract] vllm/third_party/deep_gemm/include/cutlass/epilogue/threadblock/epilogue_with_visitor_callbacks.h
      [extract] vllm/third_party/deep_gemm/include/cutlass/epilogue/threadblock/epilogue_workspace.h
      [extract] vllm/third_party/deep_gemm/include/cutlass/epilogue/threadblock/interleaved_epilogue.h
      [extract] vllm/third_party/deep_gemm/include/cutlass/epilogue/threadblock/output_iterator_parameter.h
      [extract] vllm/third_party/deep_gemm/include/cutlass/epilogue/threadblock/output_tile_thread_map.h
      [extract] vllm/third_party/deep_gemm/include/cutlass/epilogue/threadblock/predicated_tile_iterator.h
      [extract] vllm/third_party/deep_gemm/include/cutlass/epilogue/threadblock/predicated_tile_iterator_affine.h
      [extract] vllm/third_party/deep_gemm/include/cutlass/epilogue/threadblock/predicated_tile_iterator_affine_layout_params.h
      [extract] vllm/third_party/deep_gemm/include/cutlass/epilogue/threadblock/predicated_tile_iterator_blas3.h
      [extract] vllm/third_party/deep_gemm/include/cutlass/epilogue/threadblock/predicated_tile_iterator_conv.h
      [extract] vllm/third_party/deep_gemm/include/cutlass/epilogue/threadblock/predicated_tile_iterator_direct_conv.h
      [extract] vllm/third_party/deep_gemm/include/cutlass/epilogue/threadblock/predicated_tile_iterator_params.h
      [extract] vllm/third_party/deep_gemm/include/cutlass/epilogue/threadblock/predicated_tile_iterator_predicates.h
      [extract] vllm/third_party/deep_gemm/include/cutlass/epilogue/threadblock/predicated_tile_iterator_strided_dgrad.h
      [extract] vllm/third_party/deep_gemm/include/cutlass/epilogue/threadblock/shared_load_iterator.h
      [extract] vllm/third_party/deep_gemm/include/cutlass/epilogue/threadblock/shared_load_iterator_mixed.h
      [extract] vllm/third_party/deep_gemm/include/cutlass/epilogue/threadblock/shared_load_iterator_pitch_linear.h
      [extract] vllm/third_party/deep_gemm/include/cutlass/epilogue/threadblock/fusion/visitor_2x.hpp
      [extract] vllm/third_party/deep_gemm/include/cutlass/epilogue/threadblock/fusion/visitor_compute.hpp
      [extract] vllm/third_party/deep_gemm/include/cutlass/epilogue/threadblock/fusion/visitor_load.hpp
      [extract] vllm/third_party/deep_gemm/include/cutlass/epilogue/threadblock/fusion/visitor_store.hpp
      [extract] vllm/third_party/deep_gemm/include/cutlass/epilogue/threadblock/fusion/visitors.hpp
      [extract] vllm/third_party/deep_gemm/include/cutlass/epilogue/warp/fragment_iterator_complex_tensor_op.h
      [extract] vllm/third_party/deep_gemm/include/cutlass/epilogue/warp/fragment_iterator_gaussian_complex_tensor_op.h
      [extract] vllm/third_party/deep_gemm/include/cutlass/epilogue/warp/fragment_iterator_simt.h
      [extract] vllm/third_party/deep_gemm/include/cutlass/epilogue/warp/fragment_iterator_tensor_op.h
      [extract] vllm/third_party/deep_gemm/include/cutlass/epilogue/warp/fragment_iterator_volta_tensor_op.h
      [extract] vllm/third_party/deep_gemm/include/cutlass/epilogue/warp/fragment_iterator_wmma_tensor_op.h
      [extract] vllm/third_party/deep_gemm/include/cutlass/epilogue/warp/simt_policy.h
      [extract] vllm/third_party/deep_gemm/include/cutlass/epilogue/warp/tensor_op_policy.h
      [extract] vllm/third_party/deep_gemm/include/cutlass/epilogue/warp/tile_iterator_simt.h
      [extract] vllm/third_party/deep_gemm/include/cutlass/epilogue/warp/tile_iterator_tensor_op.h
      [extract] vllm/third_party/deep_gemm/include/cutlass/epilogue/warp/tile_iterator_tensor_op_mixed.h
      [extract] vllm/third_party/deep_gemm/include/cutlass/epilogue/warp/tile_iterator_volta_tensor_op.h
      [extract] vllm/third_party/deep_gemm/include/cutlass/epilogue/warp/tile_iterator_wmma_tensor_op.h
      [extract] vllm/third_party/deep_gemm/include/cutlass/epilogue/warp/volta_tensor_op_policy.h
      [extract] vllm/third_party/deep_gemm/include/cutlass/epilogue/warp/wmma_tensor_op_policy.h
      [extract] vllm/third_party/deep_gemm/include/cutlass/experimental/distributed/device/detail.hpp
      [extract] vllm/third_party/deep_gemm/include/cutlass/experimental/distributed/device/dist_gemm_universal_wrapper.hpp
      [extract] vllm/third_party/deep_gemm/include/cutlass/experimental/distributed/device/full_barrier.hpp
      [extract] vllm/third_party/deep_gemm/include/cutlass/experimental/distributed/kernel/detail.hpp
      [extract] vllm/third_party/deep_gemm/include/cutlass/experimental/distributed/kernel/dist_gemm_kernel_wrapper.hpp
      [extract] vllm/third_party/deep_gemm/include/cutlass/experimental/distributed/kernel/full_barrier.hpp
      [extract] vllm/third_party/deep_gemm/include/cutlass/experimental/distributed/schedules/dist_gemm_1d_schedules.hpp
      [extract] vllm/third_party/deep_gemm/include/cutlass/experimental/distributed/schedules/dist_gemm_base_schedule.hpp
      [extract] vllm/third_party/deep_gemm/include/cutlass/gemm/dispatch_policy.hpp
      [extract] vllm/third_party/deep_gemm/include/cutlass/gemm/gemm.h
      [extract] vllm/third_party/deep_gemm/include/cutlass/gemm/gemm_enumerated_types.h
      [extract] vllm/third_party/deep_gemm/include/cutlass/gemm/group_array_problem_shape.hpp
      [extract] vllm/third_party/deep_gemm/include/cutlass/gemm/collective/collective_builder.hpp
      [extract] vllm/third_party/deep_gemm/include/cutlass/gemm/collective/collective_builder_decl.hpp
      [extract] vllm/third_party/deep_gemm/include/cutlass/gemm/collective/collective_mma.hpp
      [extract] vllm/third_party/deep_gemm/include/cutlass/gemm/collective/collective_mma_decl.hpp
      [extract] vllm/third_party/deep_gemm/include/cutlass/gemm/collective/fp8_accumulation.hpp
      [extract] vllm/third_party/deep_gemm/include/cutlass/gemm/collective/sm100_blockscaled_mma_array_warpspecialized.hpp
      [extract] vllm/third_party/deep_gemm/include/cutlass/gemm/collective/sm100_blockscaled_mma_mixed_tma_cpasync_warpspecialized.hpp
      [extract] vllm/third_party/deep_gemm/include/cutlass/gemm/collective/sm100_blockscaled_mma_warpspecialized.hpp
      [extract] vllm/third_party/deep_gemm/include/cutlass/gemm/collective/sm100_blockscaled_sparse_mma_warpspecialized.hpp
      [extract] vllm/third_party/deep_gemm/include/cutlass/gemm/collective/sm100_mma_array_warpspecialized.hpp
      [extract] vllm/third_party/deep_gemm/include/cutlass/gemm/collective/sm100_mma_array_warpspecialized_blockwise_scaling.hpp
      [extract] vllm/third_party/deep_gemm/include/cutlass/gemm/collective/sm100_mma_array_warpspecialized_emulated.hpp
      [extract] vllm/third_party/deep_gemm/include/cutlass/gemm/collective/sm100_mma_cpasync_warpspecialized.hpp
      [extract] vllm/third_party/deep_gemm/include/cutlass/gemm/collective/sm100_mma_mixed_tma_cpasync_warpspecialized.hpp
      [extract] vllm/third_party/deep_gemm/include/cutlass/gemm/collective/sm100_mma_warpspecialized.hpp
      [extract] vllm/third_party/deep_gemm/include/cutlass/gemm/collective/sm100_mma_warpspecialized_blockwise_scaling.hpp
      [extract] vllm/third_party/deep_gemm/include/cutlass/gemm/collective/sm100_mma_warpspecialized_emulated.hpp
      [extract] vllm/third_party/deep_gemm/include/cutlass/gemm/collective/sm100_mma_warpspecialized_mixed_input.hpp
      [extract] vllm/third_party/deep_gemm/include/cutlass/gemm/collective/sm100_sparse_mma_warpspecialized.hpp
      [extract] vllm/third_party/deep_gemm/include/cutlass/gemm/collective/sm103_blockscaled_mma_array_warpspecialized.hpp
      [extract] vllm/third_party/deep_gemm/include/cutlass/gemm/collective/sm103_blockscaled_mma_warpspecialized.hpp
      [extract] vllm/third_party/deep_gemm/include/cutlass/gemm/collective/sm120_blockscaled_mma_array_tma.hpp
      [extract] vllm/third_party/deep_gemm/include/cutlass/gemm/collective/sm120_blockscaled_mma_tma.hpp
      [extract] vllm/third_party/deep_gemm/include/cutlass/gemm/collective/sm120_blockscaled_sparse_mma_tma.hpp
      [extract] vllm/third_party/deep_gemm/include/cutlass/gemm/collective/sm120_mma_array_tma_blockwise_scaling.hpp
      [extract] vllm/third_party/deep_gemm/include/cutlass/gemm/collective/sm120_mma_tma.hpp
      [extract] vllm/third_party/deep_gemm/include/cutlass/gemm/collective/sm120_mma_tma_blockwise_scaling.hpp
      [extract] vllm/third_party/deep_gemm/include/cutlass/gemm/collective/sm120_sparse_mma_tma.hpp
      [extract] vllm/third_party/deep_gemm/include/cutlass/gemm/collective/sm70_mma_twostage.hpp
      [extract] vllm/third_party/deep_gemm/include/cutlass/gemm/collective/sm80_mma_array_multistage.hpp
      [extract] vllm/third_party/deep_gemm/include/cutlass/gemm/collective/sm80_mma_multistage.hpp
      [extract] vllm/third_party/deep_gemm/include/cutlass/gemm/collective/sm90_mma_array_tma_gmma_rs_warpspecialized_mixed_input.hpp
      [extract] vllm/third_party/deep_gemm/include/cutlass/gemm/collective/sm90_mma_array_tma_gmma_ss_warpspecialized.hpp
      [extract] vllm/third_party/deep_gemm/include/cutlass/gemm/collective/sm90_mma_array_tma_gmma_ss_warpspecialized_fp8.hpp
      [extract] vllm/third_party/deep_gemm/include/cutlass/gemm/collective/sm90_mma_array_tma_gmma_ss_warpspecialized_fp8_blockwise_scaling.hpp
      [extract] vllm/third_party/deep_gemm/include/cutlass/gemm/collective/sm90_mma_multistage_gmma_rs_warpspecialized.hpp
      [extract] vllm/third_party/deep_gemm/include/cutlass/gemm/collective/sm90_mma_multistage_gmma_ss_warpspecialized.hpp
      [extract] vllm/third_party/deep_gemm/include/cutlass/gemm/collective/sm90_mma_tma_gmma_rs_warpspecialized.hpp
      [extract] vllm/third_party/deep_gemm/include/cutlass/gemm/collective/sm90_mma_tma_gmma_rs_warpspecialized_mixed_input.hpp
      [extract] vllm/third_party/deep_gemm/include/cutlass/gemm/collective/sm90_mma_tma_gmma_ss.hpp
      [extract] vllm/third_party/deep_gemm/include/cutlass/gemm/collective/sm90_mma_tma_gmma_ss_warpspecialized.hpp
      [extract] vllm/third_party/deep_gemm/include/cutlass/gemm/collective/sm90_mma_tma_gmma_ss_warpspecialized_fp8.hpp
      [extract] vllm/third_party/deep_gemm/include/cutlass/gemm/collective/sm90_mma_tma_gmma_ss_warpspecialized_fp8_blockwise_scaling.hpp
      [extract] vllm/third_party/deep_gemm/include/cutlass/gemm/collective/sm90_sparse_mma_tma_gmma_ss_warpspecialized.hpp
      [extract] vllm/third_party/deep_gemm/include/cutlass/gemm/collective/sm90_sparse_mma_tma_gmma_ss_warpspecialized_fp8.hpp
      [extract] vllm/third_party/deep_gemm/include/cutlass/gemm/collective/builders/sm100_9xBF16_umma_builder.inl
      [extract] vllm/third_party/deep_gemm/include/cutlass/gemm/collective/builders/sm100_blockscaled_mixed_tma_cpasync_umma_builder.inl
      [extract] vllm/third_party/deep_gemm/include/cutlass/gemm/collective/builders/sm100_blockscaled_sparse_umma_builder.inl
      [extract] vllm/third_party/deep_gemm/include/cutlass/gemm/collective/builders/sm100_blockscaled_umma_builder.inl
      [extract] vllm/third_party/deep_gemm/include/cutlass/gemm/collective/builders/sm100_blockwise_umma_builder.inl
      [extract] vllm/third_party/deep_gemm/include/cutlass/gemm/collective/builders/sm100_common.inl
      [extract] vllm/third_party/deep_gemm/include/cutlass/gemm/collective/builders/sm100_cpasync_umma_builder.inl
      [extract] vllm/third_party/deep_gemm/include/cutlass/gemm/collective/builders/sm100_mixed_input_umma_builder.inl
      [extract] vllm/third_party/deep_gemm/include/cutlass/gemm/collective/builders/sm100_mixed_tma_cpasync_umma_builder.inl
      [extract] vllm/third_party/deep_gemm/include/cutlass/gemm/collective/builders/sm100_pipeline_carveout.inl
      [extract] vllm/third_party/deep_gemm/include/cutlass/gemm/collective/builders/sm100_simt_builder.inl
      [extract] vllm/third_party/deep_gemm/include/cutlass/gemm/collective/builders/sm100_sparse_umma_builder.inl
      [extract] vllm/third_party/deep_gemm/include/cutlass/gemm/collective/builders/sm100_umma_builder.inl
      [extract] vllm/third_party/deep_gemm/include/cutlass/gemm/collective/builders/sm103_blockscaled_umma_builder.inl
      [extract] vllm/third_party/deep_gemm/include/cutlass/gemm/collective/builders/sm120_blockscaled_mma_builder.inl
      [extract] vllm/third_party/deep_gemm/include/cutlass/gemm/collective/builders/sm120_blockscaled_sparse_mma_builder.inl
      [extract] vllm/third_party/deep_gemm/include/cutlass/gemm/collective/builders/sm120_blockwise_mma_builder.inl
      [extract] vllm/third_party/deep_gemm/include/cutlass/gemm/collective/builders/sm120_common.inl
      [extract] vllm/third_party/deep_gemm/include/cutlass/gemm/collective/builders/sm120_mma_builder.inl
      [extract] vllm/third_party/deep_gemm/include/cutlass/gemm/collective/builders/sm120_sparse_mma_builder.inl
      [extract] vllm/third_party/deep_gemm/include/cutlass/gemm/collective/builders/sm1xx_common.inl
      [extract] vllm/third_party/deep_gemm/include/cutlass/gemm/collective/builders/sm1xx_sparse_config.inl
      [extract] vllm/third_party/deep_gemm/include/cutlass/gemm/collective/builders/sm90_common.inl
      [extract] vllm/third_party/deep_gemm/include/cutlass/gemm/collective/builders/sm90_gmma_builder.inl
      [extract] vllm/third_party/deep_gemm/include/cutlass/gemm/collective/builders/sm90_sparse_config.inl
      [extract] vllm/third_party/deep_gemm/include/cutlass/gemm/collective/builders/sm90_sparse_gmma_builder.inl
      [extract] vllm/third_party/deep_gemm/include/cutlass/gemm/device/base_grouped.h
      [extract] vllm/third_party/deep_gemm/include/cutlass/gemm/device/default_gemm_configuration.h
      [extract] vllm/third_party/deep_gemm/include/cutlass/gemm/device/ell_gemm.h
      [extract] vllm/third_party/deep_gemm/include/cutlass/gemm/device/gemm.h
      [extract] vllm/third_party/deep_gemm/include/cutlass/gemm/device/gemm_array.h
      [extract] vllm/third_party/deep_gemm/include/cutlass/gemm/device/gemm_batched.h
      [extract] vllm/third_party/deep_gemm/include/cutlass/gemm/device/gemm_complex.h
      [extract] vllm/third_party/deep_gemm/include/cutlass/gemm/device/gemm_grouped.h
      [extract] vllm/third_party/deep_gemm/include/cutlass/gemm/device/gemm_layernorm_mainloop_fusion.h
      [extract] vllm/third_party/deep_gemm/include/cutlass/gemm/device/gemm_sparse.h
      [extract] vllm/third_party/deep_gemm/include/cutlass/gemm/device/gemm_sparse_universal.h
      [extract] vllm/third_party/deep_gemm/include/cutlass/gemm/device/gemm_sparse_universal_with_absmax.h
      [extract] vllm/third_party/deep_gemm/include/cutlass/gemm/device/gemm_sparse_with_absmax.h
      [extract] vllm/third_party/deep_gemm/include/cutlass/gemm/device/gemm_sparse_with_visitor.h
      [extract] vllm/third_party/deep_gemm/include/cutlass/gemm/device/gemm_splitk_parallel.h
      [extract] vllm/third_party/deep_gemm/include/cutlass/gemm/device/gemm_universal.h
      [extract] vllm/third_party/deep_gemm/include/cutlass/gemm/device/gemm_universal_adapter.h
      [extract] vllm/third_party/deep_gemm/include/cutlass/gemm/device/gemm_universal_base.h
      [extract] vllm/third_party/deep_gemm/include/cutlass/gemm/device/gemm_universal_streamk_with_broadcast.h
      [extract] vllm/third_party/deep_gemm/include/cutlass/gemm/device/gemm_universal_with_absmax.h
      [extract] vllm/third_party/deep_gemm/include/cutlass/gemm/device/gemm_universal_with_broadcast.h
      [extract] vllm/third_party/deep_gemm/include/cutlass/gemm/device/gemm_with_k_reduction.h
      [extract] vllm/third_party/deep_gemm/include/cutlass/gemm/device/gemv.h
      [extract] vllm/third_party/deep_gemm/include/cutlass/gemm/device/gemv_blockscaled.h
      [extract] vllm/third_party/deep_gemm/include/cutlass/gemm/device/rank_2k.h
      [extract] vllm/third_party/deep_gemm/include/cutlass/gemm/device/rank_2k_grouped.h
      [extract] vllm/third_party/deep_gemm/include/cutlass/gemm/device/rank_k.h
      [extract] vllm/third_party/deep_gemm/include/cutlass/gemm/device/symm.h
      [extract] vllm/third_party/deep_gemm/include/cutlass/gemm/device/trmm.h
      [extract] vllm/third_party/deep_gemm/include/cutlass/gemm/kernel/default_ell_gemm.h
      [extract] vllm/third_party/deep_gemm/include/cutlass/gemm/kernel/default_gemm.h
      [extract] vllm/third_party/deep_gemm/include/cutlass/gemm/kernel/default_gemm_complex.h
      [extract] vllm/third_party/deep_gemm/include/cutlass/gemm/kernel/default_gemm_grouped.h
      [extract] vllm/third_party/deep_gemm/include/cutlass/gemm/kernel/default_gemm_grouped_per_group_scale.h
      [extract] vllm/third_party/deep_gemm/include/cutlass/gemm/kernel/default_gemm_grouped_softmax_mainloop_fusion.h
      [extract] vllm/third_party/deep_gemm/include/cutlass/gemm/kernel/default_gemm_layernorm_mainloop_fusion.h
      [extract] vllm/third_party/deep_gemm/include/cutlass/gemm/kernel/default_gemm_planar_complex_universal.h
      [extract] vllm/third_party/deep_gemm/include/cutlass/gemm/kernel/default_gemm_sparse.h
      [extract] vllm/third_party/deep_gemm/include/cutlass/gemm/kernel/default_gemm_sparse_universal.h
      [extract] vllm/third_party/deep_gemm/include/cutlass/gemm/kernel/default_gemm_sparse_universal_with_absmax.h
      [extract] vllm/third_party/deep_gemm/include/cutlass/gemm/kernel/default_gemm_sparse_with_absmax.h
      [extract] vllm/third_party/deep_gemm/include/cutlass/gemm/kernel/default_gemm_sparse_with_visitor.h
      [extract] vllm/third_party/deep_gemm/include/cutlass/gemm/kernel/default_gemm_splitk_parallel.h
      [extract] vllm/third_party/deep_gemm/include/cutlass/gemm/kernel/default_gemm_streamk_with_broadcast.h
      [extract] vllm/third_party/deep_gemm/include/cutlass/gemm/kernel/default_gemm_universal.h
      [extract] vllm/third_party/deep_gemm/include/cutlass/gemm/kernel/default_gemm_universal_with_visitor.h
      [extract] vllm/third_party/deep_gemm/include/cutlass/gemm/kernel/default_gemm_with_absmax.h
      [extract] vllm/third_party/deep_gemm/include/cutlass/gemm/kernel/default_gemm_with_broadcast.h
      [extract] vllm/third_party/deep_gemm/include/cutlass/gemm/kernel/default_gemm_with_k_reduction.h
      [extract] vllm/third_party/deep_gemm/include/cutlass/gemm/kernel/default_gemm_with_reduction.h
      [extract] vllm/third_party/deep_gemm/include/cutlass/gemm/kernel/default_gemv.h
      [extract] vllm/third_party/deep_gemm/include/cutlass/gemm/kernel/default_rank_2k.h
      [extract] vllm/third_party/deep_gemm/include/cutlass/gemm/kernel/default_rank_2k_complex.h
      [extract] vllm/third_party/deep_gemm/include/cutlass/gemm/kernel/default_rank_2k_grouped.h
      [extract] vllm/third_party/deep_gemm/include/cutlass/gemm/kernel/default_rank_2k_universal.h
      [extract] vllm/third_party/deep_gemm/include/cutlass/gemm/kernel/default_rank_k.h
      [extract] vllm/third_party/deep_gemm/include/cutlass/gemm/kernel/default_rank_k_complex.h
      [extract] vllm/third_party/deep_gemm/include/cutlass/gemm/kernel/default_rank_k_universal.h
      [extract] vllm/third_party/deep_gemm/include/cutlass/gemm/kernel/default_symm.h
      [extract] vllm/third_party/deep_gemm/include/cutlass/gemm/kernel/default_symm_complex.h
      [extract] vllm/third_party/deep_gemm/include/cutlass/gemm/kernel/default_symm_universal.h
      [extract] vllm/third_party/deep_gemm/include/cutlass/gemm/kernel/default_trmm.h
      [extract] vllm/third_party/deep_gemm/include/cutlass/gemm/kernel/default_trmm_complex.h
      [extract] vllm/third_party/deep_gemm/include/cutlass/gemm/kernel/default_trmm_universal.h
      [extract] vllm/third_party/deep_gemm/include/cutlass/gemm/kernel/ell_gemm.h
      [extract] vllm/third_party/deep_gemm/include/cutlass/gemm/kernel/gemm.h
      [extract] vllm/third_party/deep_gemm/include/cutlass/gemm/kernel/gemm_array.h
      [extract] vllm/third_party/deep_gemm/include/cutlass/gemm/kernel/gemm_batched.h
      [extract] vllm/third_party/deep_gemm/include/cutlass/gemm/kernel/gemm_grouped.h
      [extract] vllm/third_party/deep_gemm/include/cutlass/gemm/kernel/gemm_grouped_per_group_scale.h
      [extract] vllm/third_party/deep_gemm/include/cutlass/gemm/kernel/gemm_grouped_problem_visitor.h
      [extract] vllm/third_party/deep_gemm/include/cutlass/gemm/kernel/gemm_grouped_softmax_mainloop_fusion.h
      [extract] vllm/third_party/deep_gemm/include/cutlass/gemm/kernel/gemm_layernorm_mainloop_fusion.h
      [extract] vllm/third_party/deep_gemm/include/cutlass/gemm/kernel/gemm_params.h
      [extract] vllm/third_party/deep_gemm/include/cutlass/gemm/kernel/gemm_pipelined.h
      [extract] vllm/third_party/deep_gemm/include/cutlass/gemm/kernel/gemm_planar_complex.h
      [extract] vllm/third_party/deep_gemm/include/cutlass/gemm/kernel/gemm_planar_complex_array.h
      [extract] vllm/third_party/deep_gemm/include/cutlass/gemm/kernel/gemm_sparse_universal.h
      [extract] vllm/third_party/deep_gemm/include/cutlass/gemm/kernel/gemm_sparse_universal_with_absmax.h
      [extract] vllm/third_party/deep_gemm/include/cutlass/gemm/kernel/gemm_splitk_parallel.h
      [extract] vllm/third_party/deep_gemm/include/cutlass/gemm/kernel/gemm_streamk_with_fused_epilogue.h
      [extract] vllm/third_party/deep_gemm/include/cutlass/gemm/kernel/gemm_transpose_operands.h
      [extract] vllm/third_party/deep_gemm/include/cutlass/gemm/kernel/gemm_universal.h
      [extract] vllm/third_party/deep_gemm/include/cutlass/gemm/kernel/gemm_universal.hpp
      [extract] vllm/third_party/deep_gemm/include/cutlass/gemm/kernel/gemm_universal_decl.h
      [extract] vllm/third_party/deep_gemm/include/cutlass/gemm/kernel/gemm_universal_streamk.h
      [extract] vllm/third_party/deep_gemm/include/cutlass/gemm/kernel/gemm_universal_with_visitor.h
      [extract] vllm/third_party/deep_gemm/include/cutlass/gemm/kernel/gemm_universal_with_visitor_streamk.h
      [extract] vllm/third_party/deep_gemm/include/cutlass/gemm/kernel/gemm_with_absmax.h
      [extract] vllm/third_party/deep_gemm/include/cutlass/gemm/kernel/gemm_with_fused_epilogue.h
      [extract] vllm/third_party/deep_gemm/include/cutlass/gemm/kernel/gemm_with_k_reduction.h
      [extract] vllm/third_party/deep_gemm/include/cutlass/gemm/kernel/gemv.h
      [extract] vllm/third_party/deep_gemm/include/cutlass/gemm/kernel/gemv_batched_strided.h
      [extract] vllm/third_party/deep_gemm/include/cutlass/gemm/kernel/gemv_blockscaled.h
      [extract] vllm/third_party/deep_gemm/include/cutlass/gemm/kernel/grouped_problem_visitor.h
      [extract] vllm/third_party/deep_gemm/include/cutlass/gemm/kernel/params_sparse_base.h
      [extract] vllm/third_party/deep_gemm/include/cutlass/gemm/kernel/params_universal_base.h
      [extract] vllm/third_party/deep_gemm/include/cutlass/gemm/kernel/rank_2k_grouped.h
      [extract] vllm/third_party/deep_gemm/include/cutlass/gemm/kernel/rank_2k_grouped_problem_visitor.h
      [extract] vllm/third_party/deep_gemm/include/cutlass/gemm/kernel/rank_2k_transpose_operands.h
      [extract] vllm/third_party/deep_gemm/include/cutlass/gemm/kernel/rank_2k_universal.h
      [extract] vllm/third_party/deep_gemm/include/cutlass/gemm/kernel/rank_k_universal.h
      [extract] vllm/third_party/deep_gemm/include/cutlass/gemm/kernel/sm100_gemm_array_tma_warpspecialized.hpp
      [extract] vllm/third_party/deep_gemm/include/cutlass/gemm/kernel/sm100_gemm_array_tma_warpspecialized_input_transform.hpp
      [extract] vllm/third_party/deep_gemm/include/cutlass/gemm/kernel/sm100_gemm_array_tma_warpspecialized_mma_transform.hpp
      [extract] vllm/third_party/deep_gemm/include/cutlass/gemm/kernel/sm100_gemm_cpasync_warpspecialized.hpp
      [extract] vllm/third_party/deep_gemm/include/cutlass/gemm/kernel/sm100_gemm_mixed_tma_cpasync_warpspecialized.hpp
      [extract] vllm/third_party/deep_gemm/include/cutlass/gemm/kernel/sm100_gemm_tma_warpspecialized.hpp
      [extract] vllm/third_party/deep_gemm/include/cutlass/gemm/kernel/sm100_gemm_tma_warpspecialized_input_transform.hpp
      [extract] vllm/third_party/deep_gemm/include/cutlass/gemm/kernel/sm100_gemm_tma_warpspecialized_mixed_input_transform.hpp
      [extract] vllm/third_party/deep_gemm/include/cutlass/gemm/kernel/sm100_gemm_tma_warpspecialized_mma_transform.hpp
      [extract] vllm/third_party/deep_gemm/include/cutlass/gemm/kernel/sm100_sparse_gemm_tma_warpspecialized.hpp
      [extract] vllm/third_party/deep_gemm/include/cutlass/gemm/kernel/sm100_static_tile_scheduler.hpp
      [extract] vllm/third_party/deep_gemm/include/cutlass/gemm/kernel/sm100_tile_scheduler.hpp
      [extract] vllm/third_party/deep_gemm/include/cutlass/gemm/kernel/sm100_tile_scheduler_group.hpp
      [extract] vllm/third_party/deep_gemm/include/cutlass/gemm/kernel/sm100_tile_scheduler_stream_k.hpp
      [extract] vllm/third_party/deep_gemm/include/cutlass/gemm/kernel/sm103_blockscaled_gemm_array_tma_warpspecialized.hpp
      [extract] vllm/third_party/deep_gemm/include/cutlass/gemm/kernel/sm103_blockscaled_gemm_tma_warpspecialized.hpp
      [extract] vllm/third_party/deep_gemm/include/cutlass/gemm/kernel/sm120_gemm_tma_warpspecialized_cooperative_asymmetric_dma.hpp
      [extract] vllm/third_party/deep_gemm/include/cutlass/gemm/kernel/sm70_gemm.hpp
      [extract] vllm/third_party/deep_gemm/include/cutlass/gemm/kernel/sm70_gemm_array.hpp
      [extract] vllm/third_party/deep_gemm/include/cutlass/gemm/kernel/sm90_gemm_array_tma_warpspecialized_cooperative.hpp
      [extract] vllm/third_party/deep_gemm/include/cutlass/gemm/kernel/sm90_gemm_array_tma_warpspecialized_pingpong.hpp
      [extract] vllm/third_party/deep_gemm/include/cutlass/gemm/kernel/sm90_gemm_tma.hpp
      [extract] vllm/third_party/deep_gemm/include/cutlass/gemm/kernel/sm90_gemm_tma_warpspecialized.hpp
      [extract] vllm/third_party/deep_gemm/include/cutlass/gemm/kernel/sm90_gemm_tma_warpspecialized_cooperative.hpp
      [extract] vllm/third_party/deep_gemm/include/cutlass/gemm/kernel/sm90_gemm_tma_warpspecialized_pingpong.hpp
      [extract] vllm/third_party/deep_gemm/include/cutlass/gemm/kernel/sm90_gemm_warpspecialized.hpp
      [extract] vllm/third_party/deep_gemm/include/cutlass/gemm/kernel/sm90_gemm_warpspecialized_cooperative.hpp
      [extract] vllm/third_party/deep_gemm/include/cutlass/gemm/kernel/sm90_gemm_warpspecialized_pingpong.hpp
      [extract] vllm/third_party/deep_gemm/include/cutlass/gemm/kernel/sm90_tile_scheduler.hpp
      [extract] vllm/third_party/deep_gemm/include/cutlass/gemm/kernel/sm90_tile_scheduler_group.hpp
      [extract] vllm/third_party/deep_gemm/include/cutlass/gemm/kernel/sm90_tile_scheduler_stream_k.hpp
      [extract] vllm/third_party/deep_gemm/include/cutlass/gemm/kernel/sparse_gemm.h
      [extract] vllm/third_party/deep_gemm/include/cutlass/gemm/kernel/sparse_gemm_with_absmax.h
      [extract] vllm/third_party/deep_gemm/include/cutlass/gemm/kernel/sparse_gemm_with_visitor.h
      [extract] vllm/third_party/deep_gemm/include/cutlass/gemm/kernel/static_tile_scheduler.hpp
      [extract] vllm/third_party/deep_gemm/include/cutlass/gemm/kernel/symm_universal.h
      [extract] vllm/third_party/deep_gemm/include/cutlass/gemm/kernel/tile_scheduler.hpp
      [extract] vllm/third_party/deep_gemm/include/cutlass/gemm/kernel/tile_scheduler_detail.hpp
      [extract] vllm/third_party/deep_gemm/include/cutlass/gemm/kernel/tile_scheduler_params.h
      [extract] vllm/third_party/deep_gemm/include/cutlass/gemm/kernel/trmm_universal.h
      [extract] vllm/third_party/deep_gemm/include/cutlass/gemm/thread/mma.h
      [extract] vllm/third_party/deep_gemm/include/cutlass/gemm/thread/mma_sm50.h
      [extract] vllm/third_party/deep_gemm/include/cutlass/gemm/thread/mma_sm60.h
      [extract] vllm/third_party/deep_gemm/include/cutlass/gemm/thread/mma_sm61.h
      [extract] vllm/third_party/deep_gemm/include/cutlass/gemm/threadblock/default_ell_mma.h
      [extract] vllm/third_party/deep_gemm/include/cutlass/gemm/threadblock/default_gemv_core.h
      [extract] vllm/third_party/deep_gemm/include/cutlass/gemm/threadblock/default_mma.h
      [extract] vllm/third_party/deep_gemm/include/cutlass/gemm/threadblock/default_mma_core.h
      [extract] vllm/third_party/deep_gemm/include/cutlass/gemm/threadblock/default_mma_core_simt.h
      [extract] vllm/third_party/deep_gemm/include/cutlass/gemm/threadblock/default_mma_core_sm70.h
      [extract] vllm/third_party/deep_gemm/include/cutlass/gemm/threadblock/default_mma_core_sm75.h
      [extract] vllm/third_party/deep_gemm/include/cutlass/gemm/threadblock/default_mma_core_sm80.h
      [extract] vllm/third_party/deep_gemm/include/cutlass/gemm/threadblock/default_mma_core_sparse_sm80.h
      [extract] vllm/third_party/deep_gemm/include/cutlass/gemm/threadblock/default_mma_core_with_access_size.h
      [extract] vllm/third_party/deep_gemm/include/cutlass/gemm/threadblock/default_mma_core_with_reduction.h
      [extract] vllm/third_party/deep_gemm/include/cutlass/gemm/threadblock/default_mma_core_wmma.h
      [extract] vllm/third_party/deep_gemm/include/cutlass/gemm/threadblock/default_mma_layernorm_mainloop_fusion.h
      [extract] vllm/third_party/deep_gemm/include/cutlass/gemm/threadblock/default_mma_planar_complex_multistage.h
      [extract] vllm/third_party/deep_gemm/include/cutlass/gemm/threadblock/default_mma_planar_complex_pipelined.h
      [extract] vllm/third_party/deep_gemm/include/cutlass/gemm/threadblock/default_mma_softmax_mainloop_fusion.h
      [extract] vllm/third_party/deep_gemm/include/cutlass/gemm/threadblock/default_mma_with_reduction.h
      [extract] vllm/third_party/deep_gemm/include/cutlass/gemm/threadblock/default_multistage_mma_complex.h
      [extract] vllm/third_party/deep_gemm/include/cutlass/gemm/threadblock/default_multistage_mma_complex_core.h
      [extract] vllm/third_party/deep_gemm/include/cutlass/gemm/threadblock/default_multistage_mma_complex_core_sm80.h
      [extract] vllm/third_party/deep_gemm/include/cutlass/gemm/threadblock/default_multistage_trmm_complex.h
      [extract] vllm/third_party/deep_gemm/include/cutlass/gemm/threadblock/default_sparse_mma.h
      [extract] vllm/third_party/deep_gemm/include/cutlass/gemm/threadblock/default_trmm.h
      [extract] vllm/third_party/deep_gemm/include/cutlass/gemm/threadblock/ell_mma_multistage.h
      [extract] vllm/third_party/deep_gemm/include/cutlass/gemm/threadblock/ell_mma_pipelined.h
      [extract] vllm/third_party/deep_gemm/include/cutlass/gemm/threadblock/gemv.h
      [extract] vllm/third_party/deep_gemm/include/cutlass/gemm/threadblock/index_remat.h
      [extract] vllm/third_party/deep_gemm/include/cutlass/gemm/threadblock/mma_base.h
      [extract] vllm/third_party/deep_gemm/include/cutlass/gemm/threadblock/mma_blas3_multistage.h
      [extract] vllm/third_party/deep_gemm/include/cutlass/gemm/threadblock/mma_layernorm_mainloop_fusion_multistage.h
      [extract] vllm/third_party/deep_gemm/include/cutlass/gemm/threadblock/mma_multistage.h
      [extract] vllm/third_party/deep_gemm/include/cutlass/gemm/threadblock/mma_pipelined.h
      [extract] vllm/third_party/deep_gemm/include/cutlass/gemm/threadblock/mma_planar_complex_base.h
      [extract] vllm/third_party/deep_gemm/include/cutlass/gemm/threadblock/mma_planar_complex_multistage.h
      [extract] vllm/third_party/deep_gemm/include/cutlass/gemm/threadblock/mma_planar_complex_pipelined.h
      [extract] vllm/third_party/deep_gemm/include/cutlass/gemm/threadblock/mma_singlestage.h
      [extract] vllm/third_party/deep_gemm/include/cutlass/gemm/threadblock/mma_softmax_mainloop_fusion_multistage.h
      [extract] vllm/third_party/deep_gemm/include/cutlass/gemm/threadblock/mma_sparse_base.h
      [extract] vllm/third_party/deep_gemm/include/cutlass/gemm/threadblock/mma_sparse_multistage.h
      [extract] vllm/third_party/deep_gemm/include/cutlass/gemm/threadblock/mma_with_reduction_multistage.h
      [extract] vllm/third_party/deep_gemm/include/cutlass/gemm/threadblock/threadblock_swizzle.h
      [extract] vllm/third_party/deep_gemm/include/cutlass/gemm/threadblock/threadblock_swizzle_streamk.h
      [extract] vllm/third_party/deep_gemm/include/cutlass/gemm/warp/default_mma_complex_tensor_op.h
      [extract] vllm/third_party/deep_gemm/include/cutlass/gemm/warp/default_mma_sparse_tensor_op.h
      [extract] vllm/third_party/deep_gemm/include/cutlass/gemm/warp/default_mma_tensor_op.h
      [extract] vllm/third_party/deep_gemm/include/cutlass/gemm/warp/default_mma_tensor_op_sm80.h
      [extract] vllm/third_party/deep_gemm/include/cutlass/gemm/warp/default_mma_with_reduction_tensor_op.h
      [extract] vllm/third_party/deep_gemm/include/cutlass/gemm/warp/default_mma_wmma_tensor_op.h
      [extract] vllm/third_party/deep_gemm/include/cutlass/gemm/warp/layernorm_scale_bias_transform.h
      [extract] vllm/third_party/deep_gemm/include/cutlass/gemm/warp/mma.h
      [extract] vllm/third_party/deep_gemm/include/cutlass/gemm/warp/mma_complex_tensor_op.h
      [extract] vllm/third_party/deep_gemm/include/cutlass/gemm/warp/mma_complex_tensor_op_fast_f32.h
      [extract] vllm/third_party/deep_gemm/include/cutlass/gemm/warp/mma_complex_tensor_op_tile_iterator_sm80.h
      [extract] vllm/third_party/deep_gemm/include/cutlass/gemm/warp/mma_gaussian_complex_tensor_op.h
      [extract] vllm/third_party/deep_gemm/include/cutlass/gemm/warp/mma_gaussian_complex_tensor_op_tile_iterator_sm80.h
      [extract] vllm/third_party/deep_gemm/include/cutlass/gemm/warp/mma_mixed_input_tensor_op.h
      [extract] vllm/third_party/deep_gemm/include/cutlass/gemm/warp/mma_planar_complex.h
      [extract] vllm/third_party/deep_gemm/include/cutlass/gemm/warp/mma_simt.h
      [extract] vllm/third_party/deep_gemm/include/cutlass/gemm/warp/mma_simt_policy.h
      [extract] vllm/third_party/deep_gemm/include/cutlass/gemm/warp/mma_simt_tile_iterator.h
      [extract] vllm/third_party/deep_gemm/include/cutlass/gemm/warp/mma_sparse_tensor_op.h
      [extract] vllm/third_party/deep_gemm/include/cutlass/gemm/warp/mma_tensor_op.h
      [extract] vllm/third_party/deep_gemm/include/cutlass/gemm/warp/mma_tensor_op_fast_f32.h
      [extract] vllm/third_party/deep_gemm/include/cutlass/gemm/warp/mma_tensor_op_fragment_iterator.h
      [extract] vllm/third_party/deep_gemm/include/cutlass/gemm/warp/mma_tensor_op_policy.h
      [extract] vllm/third_party/deep_gemm/include/cutlass/gemm/warp/mma_tensor_op_sm70.h
      [extract] vllm/third_party/deep_gemm/include/cutlass/gemm/warp/mma_tensor_op_tile_access_iterator.h
      [extract] vllm/third_party/deep_gemm/include/cutlass/gemm/warp/mma_tensor_op_tile_iterator.h
      [extract] vllm/third_party/deep_gemm/include/cutlass/gemm/warp/mma_tensor_op_tile_iterator_sm70.h
      [extract] vllm/third_party/deep_gemm/include/cutlass/gemm/warp/mma_tensor_op_tile_iterator_sm80.h
      [extract] vllm/third_party/deep_gemm/include/cutlass/gemm/warp/mma_tensor_op_tile_iterator_sparse.h
      [extract] vllm/third_party/deep_gemm/include/cutlass/gemm/warp/mma_tensor_op_tile_iterator_wmma.h
      [extract] vllm/third_party/deep_gemm/include/cutlass/gemm/warp/mma_tensor_op_wmma.h
      [extract] vllm/third_party/deep_gemm/include/cutlass/gemm/warp/mma_with_reduction_tensor_op.h
      [extract] vllm/third_party/deep_gemm/include/cutlass/gemm/warp/scale_bias_tile_iterator.h
      [extract] vllm/third_party/deep_gemm/include/cutlass/gemm/warp/softmax_scale_bias_transform.h
      [extract] vllm/third_party/deep_gemm/include/cutlass/gemm/warp/tile_iterator_planar_complex.h
      [extract] vllm/third_party/deep_gemm/include/cutlass/layout/layout.h
      [extract] vllm/third_party/deep_gemm/include/cutlass/layout/matrix.h
      [extract] vllm/third_party/deep_gemm/include/cutlass/layout/permute.h
      [extract] vllm/third_party/deep_gemm/include/cutlass/layout/pitch_linear.h
      [extract] vllm/third_party/deep_gemm/include/cutlass/layout/tensor.h
      [extract] vllm/third_party/deep_gemm/include/cutlass/layout/tensor_op_multiplicand_sm70.h
      [extract] vllm/third_party/deep_gemm/include/cutlass/layout/tensor_op_multiplicand_sm75.h
      [extract] vllm/third_party/deep_gemm/include/cutlass/layout/tensor_op_multiplicand_sm80.h
      [extract] vllm/third_party/deep_gemm/include/cutlass/layout/vector.h
      [extract] vllm/third_party/deep_gemm/include/cutlass/pipeline/pipeline.hpp
      [extract] vllm/third_party/deep_gemm/include/cutlass/pipeline/sm100_pipeline.hpp
      [extract] vllm/third_party/deep_gemm/include/cutlass/pipeline/sm90_pipeline.hpp
      [extract] vllm/third_party/deep_gemm/include/cutlass/platform/platform.h
      [extract] vllm/third_party/deep_gemm/include/cutlass/reduction/threadblock_swizzle.h
      [extract] vllm/third_party/deep_gemm/include/cutlass/reduction/device/reduce_split_k.h
      [extract] vllm/third_party/deep_gemm/include/cutlass/reduction/device/tensor_reduce.h
      [extract] vllm/third_party/deep_gemm/include/cutlass/reduction/device/tensor_reduce_affine_contiguous.h
      [extract] vllm/third_party/deep_gemm/include/cutlass/reduction/device/tensor_reduce_affine_strided.h
      [extract] vllm/third_party/deep_gemm/include/cutlass/reduction/kernel/reduce_softmax_final.h
      [extract] vllm/third_party/deep_gemm/include/cutlass/reduction/kernel/reduce_split_k.h
      [extract] vllm/third_party/deep_gemm/include/cutlass/reduction/kernel/tensor_reduce_affine_contiguous.h
      [extract] vllm/third_party/deep_gemm/include/cutlass/reduction/kernel/tensor_reduce_affine_strided.h
      [extract] vllm/third_party/deep_gemm/include/cutlass/reduction/thread/reduce.h
      [extract] vllm/third_party/deep_gemm/include/cutlass/reduction/thread/reduction_operators.h
      [extract] vllm/third_party/deep_gemm/include/cutlass/thread/matrix.h
      [extract] vllm/third_party/deep_gemm/include/cutlass/transform/pitch_linear_thread_map.h
      [extract] vllm/third_party/deep_gemm/include/cutlass/transform/collective/sm90_wgmma_transpose.hpp
      [extract] vllm/third_party/deep_gemm/include/cutlass/transform/device/transform_universal_adapter.hpp
      [extract] vllm/third_party/deep_gemm/include/cutlass/transform/kernel/filter_format_transformer.hpp
      [extract] vllm/third_party/deep_gemm/include/cutlass/transform/kernel/sm90_sparse_gemm_compressor.hpp
      [extract] vllm/third_party/deep_gemm/include/cutlass/transform/kernel/sparse_gemm_compressor.hpp
      [extract] vllm/third_party/deep_gemm/include/cutlass/transform/thread/transpose.h
      [extract] vllm/third_party/deep_gemm/include/cutlass/transform/thread/unary_op.h
      [extract] vllm/third_party/deep_gemm/include/cutlass/transform/threadblock/ell_iterator.h
      [extract] vllm/third_party/deep_gemm/include/cutlass/transform/threadblock/ell_predicated_tile_access_iterator.h
      [extract] vllm/third_party/deep_gemm/include/cutlass/transform/threadblock/ell_predicated_tile_iterator.h
      [extract] vllm/third_party/deep_gemm/include/cutlass/transform/threadblock/predicated_scale_bias_vector_access_iterator.h
      [extract] vllm/third_party/deep_gemm/include/cutlass/transform/threadblock/predicated_scale_bias_vector_iterator.h
      [extract] vllm/third_party/deep_gemm/include/cutlass/transform/threadblock/predicated_tile_access_iterator.h
      [extract] vllm/third_party/deep_gemm/include/cutlass/transform/threadblock/predicated_tile_access_iterator_2dthreadtile.h
      [extract] vllm/third_party/deep_gemm/include/cutlass/transform/threadblock/predicated_tile_access_iterator_params.h
      [extract] vllm/third_party/deep_gemm/include/cutlass/transform/threadblock/predicated_tile_access_iterator_triangular_matrix.h
      [extract] vllm/third_party/deep_gemm/include/cutlass/transform/threadblock/predicated_tile_iterator.h
      [extract] vllm/third_party/deep_gemm/include/cutlass/transform/threadblock/predicated_tile_iterator_2dthreadtile.h
      [extract] vllm/third_party/deep_gemm/include/cutlass/transform/threadblock/predicated_tile_iterator_triangular_matrix.h
      [extract] vllm/third_party/deep_gemm/include/cutlass/transform/threadblock/predicated_vector_access_iterator.h
      [extract] vllm/third_party/deep_gemm/include/cutlass/transform/threadblock/regular_scale_bias_vector_access_iterator.h
      [extract] vllm/third_party/deep_gemm/include/cutlass/transform/threadblock/regular_tile_access_iterator.h
      [extract] vllm/third_party/deep_gemm/include/cutlass/transform/threadblock/regular_tile_access_iterator_pitch_linear.h
      [extract] vllm/third_party/deep_gemm/include/cutlass/transform/threadblock/regular_tile_access_iterator_pitch_linear_direct_conv.h
      [extract] vllm/third_party/deep_gemm/include/cutlass/transform/threadblock/regular_tile_access_iterator_tensor_op.h
      [extract] vllm/third_party/deep_gemm/include/cutlass/transform/threadblock/regular_tile_access_iterator_tensor_op_sm80.h
      [extract] vllm/third_party/deep_gemm/include/cutlass/transform/threadblock/regular_tile_iterator.h
      [extract] vllm/third_party/deep_gemm/include/cutlass/transform/threadblock/regular_tile_iterator_pitch_linear.h
      [extract] vllm/third_party/deep_gemm/include/cutlass/transform/threadblock/regular_tile_iterator_pitch_linear_2dthreadtile.h
      [extract] vllm/third_party/deep_gemm/include/cutlass/transform/threadblock/regular_tile_iterator_tensor_op.h
      [extract] vllm/third_party/deep_gemm/include/cutlass/transform/threadblock/regular_tile_iterator_tensor_op_sm70.h
      [extract] vllm/third_party/deep_gemm/include/cutlass/transform/threadblock/vector_iterator.h
      [extract] vllm/third_party/deep_gemm/include/cutlass/transform/warp/vector_fragment_iterator.h
      [extract] vllm/third_party/deep_gemm/include/deep_gemm/comm/barrier.cuh
      [extract] vllm/third_party/deep_gemm/include/deep_gemm/common/compile.cuh
      [extract] vllm/third_party/deep_gemm/include/deep_gemm/common/cute_tie.cuh
      [extract] vllm/third_party/deep_gemm/include/deep_gemm/common/epilogue_utils.cuh
      [extract] vllm/third_party/deep_gemm/include/deep_gemm/common/exception.cuh
      [extract] vllm/third_party/deep_gemm/include/deep_gemm/common/math.cuh
      [extract] vllm/third_party/deep_gemm/include/deep_gemm/common/reduction.cuh
      [extract] vllm/third_party/deep_gemm/include/deep_gemm/common/scheduler.cuh
      [extract] vllm/third_party/deep_gemm/include/deep_gemm/common/sm100_utils.cuh
      [extract] vllm/third_party/deep_gemm/include/deep_gemm/common/sm120_utils.cuh
      [extract] vllm/third_party/deep_gemm/include/deep_gemm/common/sm90_utils.cuh
      [extract] vllm/third_party/deep_gemm/include/deep_gemm/common/tma_copy.cuh
      [extract] vllm/third_party/deep_gemm/include/deep_gemm/common/tma_utils.cuh
      [extract] vllm/third_party/deep_gemm/include/deep_gemm/common/types.cuh
      [extract] vllm/third_party/deep_gemm/include/deep_gemm/common/types.hpp
      [extract] vllm/third_party/deep_gemm/include/deep_gemm/common/utils.cuh
      [extract] vllm/third_party/deep_gemm/include/deep_gemm/epilogue/sm100_store_cd.cuh
      [extract] vllm/third_party/deep_gemm/include/deep_gemm/epilogue/sm100_store_cd_swap_ab.cuh
      [extract] vllm/third_party/deep_gemm/include/deep_gemm/epilogue/transform.cuh
      [extract] vllm/third_party/deep_gemm/include/deep_gemm/impls/sm100_bf16_gemm.cuh
      [extract] vllm/third_party/deep_gemm/include/deep_gemm/impls/sm100_bmk_bnk_mn.cuh
      [extract] vllm/third_party/deep_gemm/include/deep_gemm/impls/sm100_fp4_mqa_logits.cuh
      [extract] vllm/third_party/deep_gemm/include/deep_gemm/impls/sm100_fp4_paged_mqa_logits.cuh
      [extract] vllm/third_party/deep_gemm/include/deep_gemm/impls/sm100_fp8_fp4_gemm_1d1d.cuh
      [extract] vllm/third_party/deep_gemm/include/deep_gemm/impls/sm100_fp8_fp4_mega_moe.cuh
      [extract] vllm/third_party/deep_gemm/include/deep_gemm/impls/sm100_fp8_gemm_1d1d.cuh
      [extract] vllm/third_party/deep_gemm/include/deep_gemm/impls/sm100_fp8_mqa_logits.cuh
      [extract] vllm/third_party/deep_gemm/include/deep_gemm/impls/sm100_fp8_mqa_logits_f16_weights.cuh
      [extract] vllm/third_party/deep_gemm/include/deep_gemm/impls/sm100_fp8_paged_mqa_logits.cuh
      [extract] vllm/third_party/deep_gemm/include/deep_gemm/impls/sm100_tf32_hc_prenorm_gemm.cuh
      [extract] vllm/third_party/deep_gemm/include/deep_gemm/impls/sm120_bf16_gemm.cuh
      [extract] vllm/third_party/deep_gemm/include/deep_gemm/impls/sm120_bmk_bnk_mn.cuh
      [extract] vllm/third_party/deep_gemm/include/deep_gemm/impls/sm120_fp4_mqa_logits.cuh
      [extract] vllm/third_party/deep_gemm/include/deep_gemm/impls/sm120_fp4_paged_mqa_logits.cuh
      [extract] vllm/third_party/deep_gemm/include/deep_gemm/impls/sm120_fp8_fp4_gemm_1d1d.cuh
      [extract] vllm/third_party/deep_gemm/include/deep_gemm/impls/sm120_fp8_mqa_logits.cuh
      [extract] vllm/third_party/deep_gemm/include/deep_gemm/impls/sm120_fp8_paged_mqa_logits.cuh
      [extract] vllm/third_party/deep_gemm/include/deep_gemm/impls/sm120_split_k_reduce.cuh
      [extract] vllm/third_party/deep_gemm/include/deep_gemm/impls/sm120_tf32_hc_prenorm_gemm.cuh
      [extract] vllm/third_party/deep_gemm/include/deep_gemm/impls/sm90_bf16_gemm.cuh
      [extract] vllm/third_party/deep_gemm/include/deep_gemm/impls/sm90_bmk_bnk_mn.cuh
      [extract] vllm/third_party/deep_gemm/include/deep_gemm/impls/sm90_fp8_gemm_1d1d.cuh
      [extract] vllm/third_party/deep_gemm/include/deep_gemm/impls/sm90_fp8_gemm_1d2d.cuh
      [extract] vllm/third_party/deep_gemm/include/deep_gemm/impls/sm90_fp8_mqa_logits.cuh
      [extract] vllm/third_party/deep_gemm/include/deep_gemm/impls/sm90_fp8_paged_mqa_logits.cuh
      [extract] vllm/third_party/deep_gemm/include/deep_gemm/impls/sm90_tf32_hc_prenorm_gemm.cuh
      [extract] vllm/third_party/deep_gemm/include/deep_gemm/impls/smxx_clean_logits.cuh
      [extract] vllm/third_party/deep_gemm/include/deep_gemm/impls/smxx_layout.cuh
      [extract] vllm/third_party/deep_gemm/include/deep_gemm/layout/mega_moe.cuh
      [extract] vllm/third_party/deep_gemm/include/deep_gemm/layout/sym_buffer.cuh
      [extract] vllm/third_party/deep_gemm/include/deep_gemm/mma/sm100.cuh
      [extract] vllm/third_party/deep_gemm/include/deep_gemm/mma/sm120.cuh
      [extract] vllm/third_party/deep_gemm/include/deep_gemm/mma/sm90.cuh
      [extract] vllm/third_party/deep_gemm/include/deep_gemm/ptx/ld_st.cuh
      [extract] vllm/third_party/deep_gemm/include/deep_gemm/ptx/tcgen05.cuh
      [extract] vllm/third_party/deep_gemm/include/deep_gemm/ptx/tma.cuh
      [extract] vllm/third_party/deep_gemm/include/deep_gemm/ptx/utils.cuh
      [extract] vllm/third_party/deep_gemm/include/deep_gemm/ptx/wgmma.cuh
      [extract] vllm/third_party/deep_gemm/include/deep_gemm/scheduler/gemm.cuh
      [extract] vllm/third_party/deep_gemm/include/deep_gemm/scheduler/mega_moe.cuh
      [extract] vllm/third_party/deep_gemm/include/deep_gemm/scheduler/paged_mqa_logits.cuh
      [extract] vllm/third_party/deep_gemm/legacy/__init__.py
      [extract] vllm/third_party/deep_gemm/legacy/a_fused_k_grouped_gemm.py
      [extract] vllm/third_party/deep_gemm/legacy/a_fused_m_grouped_gemm.py
      [extract] vllm/third_party/deep_gemm/legacy/b_fused_k_grouped_gemm.py
      [extract] vllm/third_party/deep_gemm/legacy/m_grouped_gemm.py
      [extract] vllm/third_party/deep_gemm/legacy/tune_options.py
      [extract] vllm/third_party/deep_gemm/mega/__init__.py
      [extract] vllm/third_party/deep_gemm/testing/__init__.py
      [extract] vllm/third_party/deep_gemm/testing/bench.py
      [extract] vllm/third_party/deep_gemm/testing/numeric.py
      [extract] vllm/third_party/deep_gemm/testing/utils.py
      [extract] vllm/third_party/deep_gemm/utils/__init__.py
      [extract] vllm/third_party/deep_gemm/utils/dist.py
      [extract] vllm/third_party/deep_gemm/utils/layout.py
      [extract] vllm/third_party/deep_gemm/utils/math.py
      [extract] vllm/third_party/flashmla/__init__.py
      [extract] vllm/third_party/flashmla/flash_mla_interface.py
      [extract] vllm/third_party/fmha_sm100/__init__.py
      [extract] vllm/third_party/fmha_sm100/api.py
      [extract] vllm/third_party/fmha_sm100/bench_utils.py
      [extract] vllm/third_party/fmha_sm100/jit.py
      [extract] vllm/third_party/fmha_sm100/sparse.py
      [extract] vllm/third_party/fmha_sm100/sparse_fmha_adapter.py
      [extract] vllm/third_party/fmha_sm100/csrc/fmha_sm100_inst.jinja
      [extract] vllm/third_party/fmha_sm100/csrc/fmha_sm100_params.h
      [extract] vllm/third_party/fmha_sm100/csrc/fmha_sm100_plan.cu
      [extract] vllm/third_party/fmha_sm100/csrc/fmha_sm100_plan.h
      [extract] vllm/third_party/fmha_sm100/csrc/fmha_sm100_reduction.cu
      [extract] vllm/third_party/fmha_sm100/csrc/fmha_sm100_reduction.h
      [extract] vllm/third_party/fmha_sm100/csrc/fmha_sm100_variant_run.cu.jinja
      [extract] vllm/third_party/fmha_sm100/csrc/gmem_bounds_check.h
      [extract] vllm/third_party/fmha_sm100/csrc/sparse_topk_select.cu
      [extract] vllm/third_party/fmha_sm100/csrc/tvm_ffi_utils.h
      [extract] vllm/third_party/fmha_sm100/csrc/include/allocator.h
      [extract] vllm/third_party/fmha_sm100/csrc/include/cutlass_utils.cuh
      [extract] vllm/third_party/fmha_sm100/csrc/include/exception.h
      [extract] vllm/third_party/fmha_sm100/csrc/include/fmha.hpp
      [extract] vllm/third_party/fmha_sm100/csrc/include/fmha_common.hpp
      [extract] vllm/third_party/fmha_sm100/csrc/include/fmha_cutlass_sm100.cuh
      [extract] vllm/third_party/fmha_sm100/csrc/include/fmha_fusion.hpp
      [extract] vllm/third_party/fmha_sm100/csrc/include/fmha_options.hpp
      [extract] vllm/third_party/fmha_sm100/csrc/include/fmha_tile_scheduler.hpp
      [extract] vllm/third_party/fmha_sm100/csrc/include/gather_tensor.hpp
      [extract] vllm/third_party/fmha_sm100/csrc/include/gpu_trace.h
      [extract] vllm/third_party/fmha_sm100/csrc/include/mask.cuh
      [extract] vllm/third_party/fmha_sm100/csrc/include/plan.cuh
      [extract] vllm/third_party/fmha_sm100/csrc/include/pow_2.hpp
      [extract] vllm/third_party/fmha_sm100/csrc/include/sm100_fmha_fwd_epilogue_tma_warpspecialized.hpp
      [extract] vllm/third_party/fmha_sm100/csrc/include/sm100_fmha_fwd_kernel_tma_warpspecialized.hpp
      [extract] vllm/third_party/fmha_sm100/csrc/include/sm100_fmha_fwd_mainloop_tma_warpspecialized.hpp
      [extract] vllm/third_party/fmha_sm100/csrc/include/sm100_fmha_load_tma_warpspecialized.hpp
      [extract] vllm/third_party/fmha_sm100/csrc/include/sm100_fmha_reduction.hpp
      [extract] vllm/third_party/fmha_sm100/csrc/include/sparse_topk_select.cuh
      [extract] vllm/third_party/fmha_sm100/csrc/include/utils.cuh
      [extract] vllm/third_party/fmha_sm100/csrc/include/vec_dtypes.cuh
      [extract] vllm/third_party/fmha_sm100/cute/Makefile
      [extract] vllm/third_party/fmha_sm100/cute/README.md
      [extract] vllm/third_party/fmha_sm100/cute/example.py
      [extract] vllm/third_party/fmha_sm100/cute/fp4_indexer_interface.py
      [extract] vllm/third_party/fmha_sm100/cute/interface.py
      [extract] vllm/third_party/fmha_sm100/cute/pytest.ini
      [extract] vllm/third_party/fmha_sm100/cute/quantize.py
      [extract] vllm/third_party/fmha_sm100/cute/requirements.txt
      [extract] vllm/third_party/fmha_sm100/cute/sparse_index_utils.py
      [extract] vllm/third_party/fmha_sm100/cute/test_fp4_indexer.py
      [extract] vllm/third_party/fmha_sm100/cute/test_sparse_atten.py
      [extract] vllm/third_party/fmha_sm100/cute/src/__init__.py
      [extract] vllm/third_party/fmha_sm100/cute/src/common/__init__.py
      [extract] vllm/third_party/fmha_sm100/cute/src/common/aot_cache.py
      [extract] vllm/third_party/fmha_sm100/cute/src/common/barrier.py
      [extract] vllm/third_party/fmha_sm100/cute/src/common/blackwell_helpers.py
      [extract] vllm/third_party/fmha_sm100/cute/src/common/block_info.py
      [extract] vllm/third_party/fmha_sm100/cute/src/common/copy_utils.py
      [extract] vllm/third_party/fmha_sm100/cute/src/common/cute_dsl_utils.py
      [extract] vllm/third_party/fmha_sm100/cute/src/common/fast_math.py
      [extract] vllm/third_party/fmha_sm100/cute/src/common/mask.py
      [extract] vllm/third_party/fmha_sm100/cute/src/common/mma_sm100_desc.py
      [extract] vllm/third_party/fmha_sm100/cute/src/common/named_barrier.py
      [extract] vllm/third_party/fmha_sm100/cute/src/common/pack_gqa.py
      [extract] vllm/third_party/fmha_sm100/cute/src/common/paged_kv.py
      [extract] vllm/third_party/fmha_sm100/cute/src/common/pipeline.py
      [extract] vllm/third_party/fmha_sm100/cute/src/common/seqlen_info.py
      [extract] vllm/third_party/fmha_sm100/cute/src/common/softmax.py
      [extract] vllm/third_party/fmha_sm100/cute/src/common/tile_scheduler.py
      [extract] vllm/third_party/fmha_sm100/cute/src/common/tma_utils.py
      [extract] vllm/third_party/fmha_sm100/cute/src/common/utils.py
      [extract] vllm/third_party/fmha_sm100/cute/src/sm100/__init__.py
      [extract] vllm/third_party/fmha_sm100/cute/src/sm100/decode_schedule.py
      [extract] vllm/third_party/fmha_sm100/cute/src/sm100/fp4_indexer.py
      [extract] vllm/third_party/fmha_sm100/cute/src/sm100/prepare_k2q_csr.py
      [extract] vllm/third_party/fmha_sm100/cute/src/sm100/prepare_scheduler.py
      [extract] vllm/third_party/fmha_sm100/cute/src/sm100/build_k2q_csr/__init__.py
      [extract] vllm/third_party/fmha_sm100/cute/src/sm100/build_k2q_csr/build_k2q_csr.cu
      [extract] vllm/third_party/fmha_sm100/cute/src/sm100/fwd/__init__.py
      [extract] vllm/third_party/fmha_sm100/cute/src/sm100/fwd/atten_fwd.py
      [extract] vllm/third_party/fmha_sm100/cute/src/sm100/fwd/atten_fwd_nvfp4_kv.py
      [extract] vllm/third_party/fmha_sm100/cute/src/sm100/fwd/combine.py
      [extract] vllm/third_party/fmha_sm100/cute/src/sm100/fwd_decode/__init__.py
      [extract] vllm/third_party/fmha_sm100/cute/src/sm100/fwd_decode/atten_fwd.py
      [extract] vllm/third_party/fmha_sm100/cute/src/sm100/fwd_decode/combine.py
      [extract] vllm/third_party/fmha_sm100/cute/src/sm100/fwd_decode/tile_scheduler.py
      [extract] vllm/third_party/fmha_sm100/cute/src/sm100/fwd_decode/build_decode_schedule/__init__.py
      [extract] vllm/third_party/fmha_sm100/cute/src/sm100/fwd_decode/build_decode_schedule/build_decode_schedule.cu
      [extract] vllm/third_party/fmha_sm100/cutlass/include/cute/config.hpp
      [extract] vllm/third_party/fmha_sm100/cutlass/include/cute/int_tuple.hpp
      [extract] vllm/third_party/fmha_sm100/cutlass/include/cute/layout.hpp
      [extract] vllm/third_party/fmha_sm100/cutlass/include/cute/layout_composed.hpp
      [extract] vllm/third_party/fmha_sm100/cutlass/include/cute/pointer.hpp
      [extract] vllm/third_party/fmha_sm100/cutlass/include/cute/pointer_base.hpp
      [extract] vllm/third_party/fmha_sm100/cutlass/include/cute/pointer_flagged.hpp
      [extract] vllm/third_party/fmha_sm100/cutlass/include/cute/pointer_sparse.hpp
      [extract] vllm/third_party/fmha_sm100/cutlass/include/cute/pointer_swizzle.hpp
      [extract] vllm/third_party/fmha_sm100/cutlass/include/cute/stride.hpp
      [extract] vllm/third_party/fmha_sm100/cutlass/include/cute/swizzle.hpp
      [extract] vllm/third_party/fmha_sm100/cutlass/include/cute/swizzle_layout.hpp
      [extract] vllm/third_party/fmha_sm100/cutlass/include/cute/tensor.hpp
      [extract] vllm/third_party/fmha_sm100/cutlass/include/cute/tensor_impl.hpp
      [extract] vllm/third_party/fmha_sm100/cutlass/include/cute/tensor_zip.hpp
      [extract] vllm/third_party/fmha_sm100/cutlass/include/cute/underscore.hpp
      [extract] vllm/third_party/fmha_sm100/cutlass/include/cute/algorithm/axpby.hpp
      [extract] vllm/third_party/fmha_sm100/cutlass/include/cute/algorithm/clear.hpp
      [extract] vllm/third_party/fmha_sm100/cutlass/include/cute/algorithm/cooperative_copy.hpp
      [extract] vllm/third_party/fmha_sm100/cutlass/include/cute/algorithm/cooperative_gemm.hpp
      [extract] vllm/third_party/fmha_sm100/cutlass/include/cute/algorithm/copy.hpp
      [extract] vllm/third_party/fmha_sm100/cutlass/include/cute/algorithm/fill.hpp
      [extract] vllm/third_party/fmha_sm100/cutlass/include/cute/algorithm/functional.hpp
      [extract] vllm/third_party/fmha_sm100/cutlass/include/cute/algorithm/gemm.hpp
      [extract] vllm/third_party/fmha_sm100/cutlass/include/cute/algorithm/prefer.hpp
      [extract] vllm/third_party/fmha_sm100/cutlass/include/cute/algorithm/prefetch.hpp
      [extract] vllm/third_party/fmha_sm100/cutlass/include/cute/algorithm/tensor_algorithms.hpp
      [extract] vllm/third_party/fmha_sm100/cutlass/include/cute/algorithm/tensor_reduce.hpp
      [extract] vllm/third_party/fmha_sm100/cutlass/include/cute/algorithm/tuple_algorithms.hpp
      [extract] vllm/third_party/fmha_sm100/cutlass/include/cute/arch/cluster_sm100.hpp
      [extract] vllm/third_party/fmha_sm100/cutlass/include/cute/arch/cluster_sm90.hpp
      [extract] vllm/third_party/fmha_sm100/cutlass/include/cute/arch/config.hpp
      [extract] vllm/third_party/fmha_sm100/cutlass/include/cute/arch/copy.hpp
      [extract] vllm/third_party/fmha_sm100/cutlass/include/cute/arch/copy_sm100.hpp
      [extract] vllm/third_party/fmha_sm100/cutlass/include/cute/arch/copy_sm100_tma.hpp
      [extract] vllm/third_party/fmha_sm100/cutlass/include/cute/arch/copy_sm50.hpp
      [extract] vllm/third_party/fmha_sm100/cutlass/include/cute/arch/copy_sm75.hpp
      [extract] vllm/third_party/fmha_sm100/cutlass/include/cute/arch/copy_sm80.hpp
      [extract] vllm/third_party/fmha_sm100/cutlass/include/cute/arch/copy_sm90.hpp
      [extract] vllm/third_party/fmha_sm100/cutlass/include/cute/arch/copy_sm90_desc.hpp
      [extract] vllm/third_party/fmha_sm100/cutlass/include/cute/arch/copy_sm90_tma.hpp
      [extract] vllm/third_party/fmha_sm100/cutlass/include/cute/arch/mma.hpp
      [extract] vllm/third_party/fmha_sm100/cutlass/include/cute/arch/mma_sm100.hpp
      [extract] vllm/third_party/fmha_sm100/cutlass/include/cute/arch/mma_sm100_desc.hpp
      [extract] vllm/third_party/fmha_sm100/cutlass/include/cute/arch/mma_sm100_umma.hpp
      [extract] vllm/third_party/fmha_sm100/cutlass/include/cute/arch/mma_sm120.hpp
      [extract] vllm/third_party/fmha_sm100/cutlass/include/cute/arch/mma_sm120_sparse.hpp
      [extract] vllm/third_party/fmha_sm100/cutlass/include/cute/arch/mma_sm61.hpp
      [extract] vllm/third_party/fmha_sm100/cutlass/include/cute/arch/mma_sm70.hpp
      [extract] vllm/third_party/fmha_sm100/cutlass/include/cute/arch/mma_sm75.hpp
      [extract] vllm/third_party/fmha_sm100/cutlass/include/cute/arch/mma_sm80.hpp
      [extract] vllm/third_party/fmha_sm100/cutlass/include/cute/arch/mma_sm89.hpp
      [extract] vllm/third_party/fmha_sm100/cutlass/include/cute/arch/mma_sm90.hpp
      [extract] vllm/third_party/fmha_sm100/cutlass/include/cute/arch/mma_sm90_desc.hpp
      [extract] vllm/third_party/fmha_sm100/cutlass/include/cute/arch/mma_sm90_gmma.hpp
      [extract] vllm/third_party/fmha_sm100/cutlass/include/cute/arch/mma_sm90_gmma_ext.hpp
      [extract] vllm/third_party/fmha_sm100/cutlass/include/cute/arch/mma_sm90_gmma_sparse.hpp
      [extract] vllm/third_party/fmha_sm100/cutlass/include/cute/arch/mma_sm90_gmma_sparse_ext.hpp
      [extract] vllm/third_party/fmha_sm100/cutlass/include/cute/arch/simd_sm100.hpp
      [extract] vllm/third_party/fmha_sm100/cutlass/include/cute/arch/tmem_allocator_sm100.hpp
      [extract] vllm/third_party/fmha_sm100/cutlass/include/cute/arch/util.hpp
      [extract] vllm/third_party/fmha_sm100/cutlass/include/cute/atom/copy_atom.hpp
      [extract] vllm/third_party/fmha_sm100/cutlass/include/cute/atom/copy_traits.hpp
      [extract] vllm/third_party/fmha_sm100/cutlass/include/cute/atom/copy_traits_sm100.hpp
      [extract] vllm/third_party/fmha_sm100/cutlass/include/cute/atom/copy_traits_sm100_im2col.hpp
      [extract] vllm/third_party/fmha_sm100/cutlass/include/cute/atom/copy_traits_sm100_tma.hpp
      [extract] vllm/third_party/fmha_sm100/cutlass/include/cute/atom/copy_traits_sm50.hpp
      [extract] vllm/third_party/fmha_sm100/cutlass/include/cute/atom/copy_traits_sm75.hpp
      [extract] vllm/third_party/fmha_sm100/cutlass/include/cute/atom/copy_traits_sm80.hpp
      [extract] vllm/third_party/fmha_sm100/cutlass/include/cute/atom/copy_traits_sm90.hpp
      [extract] vllm/third_party/fmha_sm100/cutlass/include/cute/atom/copy_traits_sm90_im2col.hpp
      [extract] vllm/third_party/fmha_sm100/cutlass/include/cute/atom/copy_traits_sm90_tma.hpp
      [extract] vllm/third_party/fmha_sm100/cutlass/include/cute/atom/copy_traits_sm90_tma_swizzle.hpp
      [extract] vllm/third_party/fmha_sm100/cutlass/include/cute/atom/mma_atom.hpp
      [extract] vllm/third_party/fmha_sm100/cutlass/include/cute/atom/mma_traits.hpp
      [extract] vllm/third_party/fmha_sm100/cutlass/include/cute/atom/mma_traits_sm100.hpp
      [extract] vllm/third_party/fmha_sm100/cutlass/include/cute/atom/mma_traits_sm120.hpp
      [extract] vllm/third_party/fmha_sm100/cutlass/include/cute/atom/mma_traits_sm120_sparse.hpp
      [extract] vllm/third_party/fmha_sm100/cutlass/include/cute/atom/mma_traits_sm61.hpp
      [extract] vllm/third_party/fmha_sm100/cutlass/include/cute/atom/mma_traits_sm70.hpp
      [extract] vllm/third_party/fmha_sm100/cutlass/include/cute/atom/mma_traits_sm75.hpp
      [extract] vllm/third_party/fmha_sm100/cutlass/include/cute/atom/mma_traits_sm80.hpp
      [extract] vllm/third_party/fmha_sm100/cutlass/include/cute/atom/mma_traits_sm89.hpp
      [extract] vllm/third_party/fmha_sm100/cutlass/include/cute/atom/mma_traits_sm90.hpp
      [extract] vllm/third_party/fmha_sm100/cutlass/include/cute/atom/mma_traits_sm90_gmma.hpp
      [extract] vllm/third_party/fmha_sm100/cutlass/include/cute/atom/mma_traits_sm90_gmma_ext.hpp
      [extract] vllm/third_party/fmha_sm100/cutlass/include/cute/atom/mma_traits_sm90_gmma_sparse.hpp
      [extract] vllm/third_party/fmha_sm100/cutlass/include/cute/atom/mma_traits_sm90_gmma_sparse_ext.hpp
      [extract] vllm/third_party/fmha_sm100/cutlass/include/cute/atom/partitioner.hpp
      [extract] vllm/third_party/fmha_sm100/cutlass/include/cute/container/alignment.hpp
      [extract] vllm/third_party/fmha_sm100/cutlass/include/cute/container/array.hpp
      [extract] vllm/third_party/fmha_sm100/cutlass/include/cute/container/array_aligned.hpp
      [extract] vllm/third_party/fmha_sm100/cutlass/include/cute/container/array_subbyte.hpp
      [extract] vllm/third_party/fmha_sm100/cutlass/include/cute/container/bit_field.hpp
      [extract] vllm/third_party/fmha_sm100/cutlass/include/cute/container/cuda_types.hpp
      [extract] vllm/third_party/fmha_sm100/cutlass/include/cute/container/tuple.hpp
      [extract] vllm/third_party/fmha_sm100/cutlass/include/cute/container/type_list.hpp
      [extract] vllm/third_party/fmha_sm100/cutlass/include/cute/numeric/arithmetic_tuple.hpp
      [extract] vllm/third_party/fmha_sm100/cutlass/include/cute/numeric/complex.hpp
      [extract] vllm/third_party/fmha_sm100/cutlass/include/cute/numeric/int.hpp
      [extract] vllm/third_party/fmha_sm100/cutlass/include/cute/numeric/integer_sequence.hpp
      [extract] vllm/third_party/fmha_sm100/cutlass/include/cute/numeric/integral_constant.hpp
      [extract] vllm/third_party/fmha_sm100/cutlass/include/cute/numeric/integral_ratio.hpp
      [extract] vllm/third_party/fmha_sm100/cutlass/include/cute/numeric/math.hpp
      [extract] vllm/third_party/fmha_sm100/cutlass/include/cute/numeric/numeric_types.hpp
      [extract] vllm/third_party/fmha_sm100/cutlass/include/cute/numeric/real.hpp
      [extract] vllm/third_party/fmha_sm100/cutlass/include/cute/util/debug.hpp
      [extract] vllm/third_party/fmha_sm100/cutlass/include/cute/util/print.hpp
      [extract] vllm/third_party/fmha_sm100/cutlass/include/cute/util/print_latex.hpp
      [extract] vllm/third_party/fmha_sm100/cutlass/include/cute/util/print_svg.hpp
      [extract] vllm/third_party/fmha_sm100/cutlass/include/cute/util/print_tensor.hpp
      [extract] vllm/third_party/fmha_sm100/cutlass/include/cute/util/type_traits.hpp
      [extract] vllm/third_party/fmha_sm100/cutlass/include/cutlass/aligned_buffer.h
      [extract] vllm/third_party/fmha_sm100/cutlass/include/cutlass/array.h
      [extract] vllm/third_party/fmha_sm100/cutlass/include/cutlass/array_planar_complex.h
      [extract] vllm/third_party/fmha_sm100/cutlass/include/cutlass/array_subbyte.h
      [extract] vllm/third_party/fmha_sm100/cutlass/include/cutlass/barrier.h
      [extract] vllm/third_party/fmha_sm100/cutlass/include/cutlass/bfloat16.h
      [extract] vllm/third_party/fmha_sm100/cutlass/include/cutlass/blas3.h
      [extract] vllm/third_party/fmha_sm100/cutlass/include/cutlass/blas3_types.h
      [extract] vllm/third_party/fmha_sm100/cutlass/include/cutlass/block_striped.h
      [extract] vllm/third_party/fmha_sm100/cutlass/include/cutlass/cluster_launch.hpp
      [extract] vllm/third_party/fmha_sm100/cutlass/include/cutlass/complex.h
      [extract] vllm/third_party/fmha_sm100/cutlass/include/cutlass/constants.h
      [extract] vllm/third_party/fmha_sm100/cutlass/include/cutlass/coord.h
      [extract] vllm/third_party/fmha_sm100/cutlass/include/cutlass/core_io.h
      [extract] vllm/third_party/fmha_sm100/cutlass/include/cutlass/cuda_host_adapter.hpp
      [extract] vllm/third_party/fmha_sm100/cutlass/include/cutlass/cutlass.h
      [extract] vllm/third_party/fmha_sm100/cutlass/include/cutlass/device_kernel.h
      [extract] vllm/third_party/fmha_sm100/cutlass/include/cutlass/exmy_base.h
      [extract] vllm/third_party/fmha_sm100/cutlass/include/cutlass/fast_math.h
      [extract] vllm/third_party/fmha_sm100/cutlass/include/cutlass/float8.h
      [extract] vllm/third_party/fmha_sm100/cutlass/include/cutlass/float_subbyte.h
      [extract] vllm/third_party/fmha_sm100/cutlass/include/cutlass/floating_point_nvrtc.h
      [extract] vllm/third_party/fmha_sm100/cutlass/include/cutlass/functional.h
      [extract] vllm/third_party/fmha_sm100/cutlass/include/cutlass/gemm_coord.h
      [extract] vllm/third_party/fmha_sm100/cutlass/include/cutlass/gemm_coord.hpp
      [extract] vllm/third_party/fmha_sm100/cutlass/include/cutlass/half.h
      [extract] vllm/third_party/fmha_sm100/cutlass/include/cutlass/integer_subbyte.h
      [extract] vllm/third_party/fmha_sm100/cutlass/include/cutlass/kernel_hardware_info.h
      [extract] vllm/third_party/fmha_sm100/cutlass/include/cutlass/kernel_hardware_info.hpp
      [extract] vllm/third_party/fmha_sm100/cutlass/include/cutlass/kernel_launch.h
      [extract] vllm/third_party/fmha_sm100/cutlass/include/cutlass/matrix.h
      [extract] vllm/third_party/fmha_sm100/cutlass/include/cutlass/matrix_coord.h
      [extract] vllm/third_party/fmha_sm100/cutlass/include/cutlass/matrix_shape.h
      [extract] vllm/third_party/fmha_sm100/cutlass/include/cutlass/numeric_conversion.h
      [extract] vllm/third_party/fmha_sm100/cutlass/include/cutlass/numeric_size.h
      [extract] vllm/third_party/fmha_sm100/cutlass/include/cutlass/numeric_types.h
      [extract] vllm/third_party/fmha_sm100/cutlass/include/cutlass/pitch_linear_coord.h
      [extract] vllm/third_party/fmha_sm100/cutlass/include/cutlass/predicate_vector.h
      [extract] vllm/third_party/fmha_sm100/cutlass/include/cutlass/quaternion.h
      [extract] vllm/third_party/fmha_sm100/cutlass/include/cutlass/real.h
      [extract] vllm/third_party/fmha_sm100/cutlass/include/cutlass/relatively_equal.h
      [extract] vllm/third_party/fmha_sm100/cutlass/include/cutlass/semaphore.h
      [extract] vllm/third_party/fmha_sm100/cutlass/include/cutlass/subbyte_reference.h
      [extract] vllm/third_party/fmha_sm100/cutlass/include/cutlass/tensor_coord.h
      [extract] vllm/third_party/fmha_sm100/cutlass/include/cutlass/tensor_ref.h
      [extract] vllm/third_party/fmha_sm100/cutlass/include/cutlass/tensor_ref_planar_complex.h
      [extract] vllm/third_party/fmha_sm100/cutlass/include/cutlass/tensor_view.h
      [extract] vllm/third_party/fmha_sm100/cutlass/include/cutlass/tensor_view_planar_complex.h
      [extract] vllm/third_party/fmha_sm100/cutlass/include/cutlass/tfloat32.h
      [extract] vllm/third_party/fmha_sm100/cutlass/include/cutlass/trace.h
      [extract] vllm/third_party/fmha_sm100/cutlass/include/cutlass/uint128.h
      [extract] vllm/third_party/fmha_sm100/cutlass/include/cutlass/uint256.h
      [extract] vllm/third_party/fmha_sm100/cutlass/include/cutlass/version.h
      [extract] vllm/third_party/fmha_sm100/cutlass/include/cutlass/wmma_array.h
      [extract] vllm/third_party/fmha_sm100/cutlass/include/cutlass/workspace.h
      [extract] vllm/third_party/fmha_sm100/cutlass/include/cutlass/arch/arch.h
      [extract] vllm/third_party/fmha_sm100/cutlass/include/cutlass/arch/barrier.h
      [extract] vllm/third_party/fmha_sm100/cutlass/include/cutlass/arch/cache_operation.h
      [extract] vllm/third_party/fmha_sm100/cutlass/include/cutlass/arch/config.h
      [extract] vllm/third_party/fmha_sm100/cutlass/include/cutlass/arch/grid_dependency_control.h
      [extract] vllm/third_party/fmha_sm100/cutlass/include/cutlass/arch/memory.h
      [extract] vllm/third_party/fmha_sm100/cutlass/include/cutlass/arch/memory_sm75.h
      [extract] vllm/third_party/fmha_sm100/cutlass/include/cutlass/arch/memory_sm80.h
      [extract] vllm/third_party/fmha_sm100/cutlass/include/cutlass/arch/mma.h
      [extract] vllm/third_party/fmha_sm100/cutlass/include/cutlass/arch/mma_sm100.h
      [extract] vllm/third_party/fmha_sm100/cutlass/include/cutlass/arch/mma_sm50.h
      [extract] vllm/third_party/fmha_sm100/cutlass/include/cutlass/arch/mma_sm60.h
      [extract] vllm/third_party/fmha_sm100/cutlass/include/cutlass/arch/mma_sm61.h
      [extract] vllm/third_party/fmha_sm100/cutlass/include/cutlass/arch/mma_sm70.h
      [extract] vllm/third_party/fmha_sm100/cutlass/include/cutlass/arch/mma_sm75.h
      [extract] vllm/third_party/fmha_sm100/cutlass/include/cutlass/arch/mma_sm80.h
      [extract] vllm/third_party/fmha_sm100/cutlass/include/cutlass/arch/mma_sm89.h
      [extract] vllm/third_party/fmha_sm100/cutlass/include/cutlass/arch/mma_sm90.h
      [extract] vllm/third_party/fmha_sm100/cutlass/include/cutlass/arch/mma_sparse_sm80.h
      [extract] vllm/third_party/fmha_sm100/cutlass/include/cutlass/arch/mma_sparse_sm89.h
      [extract] vllm/third_party/fmha_sm100/cutlass/include/cutlass/arch/reg_reconfig.h
      [extract] vllm/third_party/fmha_sm100/cutlass/include/cutlass/arch/simd.h
      [extract] vllm/third_party/fmha_sm100/cutlass/include/cutlass/arch/simd_sm60.h
      [extract] vllm/third_party/fmha_sm100/cutlass/include/cutlass/arch/simd_sm61.h
      [extract] vllm/third_party/fmha_sm100/cutlass/include/cutlass/arch/synclog.hpp
      [extract] vllm/third_party/fmha_sm100/cutlass/include/cutlass/arch/wmma.h
      [extract] vllm/third_party/fmha_sm100/cutlass/include/cutlass/arch/wmma_sm70.h
      [extract] vllm/third_party/fmha_sm100/cutlass/include/cutlass/arch/wmma_sm72.h
      [extract] vllm/third_party/fmha_sm100/cutlass/include/cutlass/arch/wmma_sm75.h
      [extract] vllm/third_party/fmha_sm100/cutlass/include/cutlass/conv/conv2d_problem_size.h
      [extract] vllm/third_party/fmha_sm100/cutlass/include/cutlass/conv/conv3d_problem_size.h
      [extract] vllm/third_party/fmha_sm100/cutlass/include/cutlass/conv/convnd_problem_shape.hpp
      [extract] vllm/third_party/fmha_sm100/cutlass/include/cutlass/conv/convolution.h
      [extract] vllm/third_party/fmha_sm100/cutlass/include/cutlass/conv/detail.hpp
      [extract] vllm/third_party/fmha_sm100/cutlass/include/cutlass/conv/dispatch_policy.hpp
      [extract] vllm/third_party/fmha_sm100/cutlass/include/cutlass/conv/collective/collective_builder.hpp
      [extract] vllm/third_party/fmha_sm100/cutlass/include/cutlass/conv/collective/collective_conv.hpp
      [extract] vllm/third_party/fmha_sm100/cutlass/include/cutlass/conv/collective/detail.hpp
      [extract] vllm/third_party/fmha_sm100/cutlass/include/cutlass/conv/collective/sm100_implicit_gemm_umma_warpspecialized.hpp
      [extract] vllm/third_party/fmha_sm100/cutlass/include/cutlass/conv/collective/sm90_implicit_gemm_gmma_ss_warpspecialized.hpp
      [extract] vllm/third_party/fmha_sm100/cutlass/include/cutlass/conv/collective/builders/sm100_common.inl
      [extract] vllm/third_party/fmha_sm100/cutlass/include/cutlass/conv/collective/builders/sm100_umma_builder.inl
      [extract] vllm/third_party/fmha_sm100/cutlass/include/cutlass/conv/collective/builders/sm90_common.inl
      [extract] vllm/third_party/fmha_sm100/cutlass/include/cutlass/conv/collective/builders/sm90_gmma_builder.inl
      [extract] vllm/third_party/fmha_sm100/cutlass/include/cutlass/conv/device/conv_universal_adapter.hpp
      [extract] vllm/third_party/fmha_sm100/cutlass/include/cutlass/conv/device/direct_convolution.h
      [extract] vllm/third_party/fmha_sm100/cutlass/include/cutlass/conv/device/implicit_gemm_convolution.h
      [extract] vllm/third_party/fmha_sm100/cutlass/include/cutlass/conv/device/implicit_gemm_convolution_fusion.h
      [extract] vllm/third_party/fmha_sm100/cutlass/include/cutlass/conv/kernel/conv_universal.hpp
      [extract] vllm/third_party/fmha_sm100/cutlass/include/cutlass/conv/kernel/default_conv2d.h
      [extract] vllm/third_party/fmha_sm100/cutlass/include/cutlass/conv/kernel/default_conv2d_dgrad.h
      [extract] vllm/third_party/fmha_sm100/cutlass/include/cutlass/conv/kernel/default_conv2d_fprop.h
      [extract] vllm/third_party/fmha_sm100/cutlass/include/cutlass/conv/kernel/default_conv2d_fprop_fusion.h
      [extract] vllm/third_party/fmha_sm100/cutlass/include/cutlass/conv/kernel/default_conv2d_fprop_with_absmax.h
      [extract] vllm/third_party/fmha_sm100/cutlass/include/cutlass/conv/kernel/default_conv2d_fprop_with_broadcast.h
      [extract] vllm/third_party/fmha_sm100/cutlass/include/cutlass/conv/kernel/default_conv2d_fprop_with_reduction.h
      [extract] vllm/third_party/fmha_sm100/cutlass/include/cutlass/conv/kernel/default_conv2d_group_fprop.h
      [extract] vllm/third_party/fmha_sm100/cutlass/include/cutlass/conv/kernel/default_conv2d_wgrad.h
      [extract] vllm/third_party/fmha_sm100/cutlass/include/cutlass/conv/kernel/default_conv2d_wgrad_fusion.h
      [extract] vllm/third_party/fmha_sm100/cutlass/include/cutlass/conv/kernel/default_conv3d_dgrad.h
      [extract] vllm/third_party/fmha_sm100/cutlass/include/cutlass/conv/kernel/default_conv3d_fprop.h
      [extract] vllm/third_party/fmha_sm100/cutlass/include/cutlass/conv/kernel/default_conv3d_fprop_fusion.h
      [extract] vllm/third_party/fmha_sm100/cutlass/include/cutlass/conv/kernel/default_conv3d_fprop_with_broadcast.h
      [extract] vllm/third_party/fmha_sm100/cutlass/include/cutlass/conv/kernel/default_conv3d_wgrad.h
      [extract] vllm/third_party/fmha_sm100/cutlass/include/cutlass/conv/kernel/default_deconv2d.h
      [extract] vllm/third_party/fmha_sm100/cutlass/include/cutlass/conv/kernel/default_deconv2d_with_broadcast.h
      [extract] vllm/third_party/fmha_sm100/cutlass/include/cutlass/conv/kernel/default_deconv3d.h
      [extract] vllm/third_party/fmha_sm100/cutlass/include/cutlass/conv/kernel/default_deconv3d_with_broadcast.h
      [extract] vllm/third_party/fmha_sm100/cutlass/include/cutlass/conv/kernel/default_depthwise_fprop.h
      [extract] vllm/third_party/fmha_sm100/cutlass/include/cutlass/conv/kernel/direct_convolution.h
      [extract] vllm/third_party/fmha_sm100/cutlass/include/cutlass/conv/kernel/implicit_gemm_convolution.h
      [extract] vllm/third_party/fmha_sm100/cutlass/include/cutlass/conv/kernel/implicit_gemm_convolution_fusion.h
      [extract] vllm/third_party/fmha_sm100/cutlass/include/cutlass/conv/kernel/implicit_gemm_convolution_strided_dgrad.h
      [extract] vllm/third_party/fmha_sm100/cutlass/include/cutlass/conv/kernel/implicit_gemm_convolution_with_absmax.h
      [extract] vllm/third_party/fmha_sm100/cutlass/include/cutlass/conv/kernel/implicit_gemm_convolution_with_fused_epilogue.h
      [extract] vllm/third_party/fmha_sm100/cutlass/include/cutlass/conv/kernel/sm100_implicit_gemm_tma_warpspecialized.hpp
      [extract] vllm/third_party/fmha_sm100/cutlass/include/cutlass/conv/kernel/sm90_implicit_gemm_tma_warpspecialized.hpp
      [extract] vllm/third_party/fmha_sm100/cutlass/include/cutlass/conv/thread/depthwise_mma.h
      [extract] vllm/third_party/fmha_sm100/cutlass/include/cutlass/conv/threadblock/conv2d_dgrad_filter_tile_access_iterator_analytic.h
      [extract] vllm/third_party/fmha_sm100/cutlass/include/cutlass/conv/threadblock/conv2d_dgrad_filter_tile_access_iterator_optimized.h
      [extract] vllm/third_party/fmha_sm100/cutlass/include/cutlass/conv/threadblock/conv2d_dgrad_output_gradient_tile_access_iterator_analytic.h
      [extract] vllm/third_party/fmha_sm100/cutlass/include/cutlass/conv/threadblock/conv2d_dgrad_output_gradient_tile_access_iterator_optimized.h
      [extract] vllm/third_party/fmha_sm100/cutlass/include/cutlass/conv/threadblock/conv2d_fprop_activation_tile_access_iterator_analytic.h
      [extract] vllm/third_party/fmha_sm100/cutlass/include/cutlass/conv/threadblock/conv2d_fprop_activation_tile_access_iterator_few_channels.h
      [extract] vllm/third_party/fmha_sm100/cutlass/include/cutlass/conv/threadblock/conv2d_fprop_activation_tile_access_iterator_fixed_channels.h
      [extract] vllm/third_party/fmha_sm100/cutlass/include/cutlass/conv/threadblock/conv2d_fprop_activation_tile_access_iterator_optimized.h
      [extract] vllm/third_party/fmha_sm100/cutlass/include/cutlass/conv/threadblock/conv2d_fprop_filter_tile_access_iterator_analytic.h
      [extract] vllm/third_party/fmha_sm100/cutlass/include/cutlass/conv/threadblock/conv2d_fprop_filter_tile_access_iterator_few_channels.h
      [extract] vllm/third_party/fmha_sm100/cutlass/include/cutlass/conv/threadblock/conv2d_fprop_filter_tile_access_iterator_fixed_channels.h
      [extract] vllm/third_party/fmha_sm100/cutlass/include/cutlass/conv/threadblock/conv2d_fprop_filter_tile_access_iterator_optimized.h
      [extract] vllm/third_party/fmha_sm100/cutlass/include/cutlass/conv/threadblock/conv2d_params.h
      [extract] vllm/third_party/fmha_sm100/cutlass/include/cutlass/conv/threadblock/conv2d_tile_iterator.h
      [extract] vllm/third_party/fmha_sm100/cutlass/include/cutlass/conv/threadblock/conv2d_wgrad_activation_tile_access_iterator_analytic.h
      [extract] vllm/third_party/fmha_sm100/cutlass/include/cutlass/conv/threadblock/conv2d_wgrad_activation_tile_access_iterator_optimized.h
      [extract] vllm/third_party/fmha_sm100/cutlass/include/cutlass/conv/threadblock/conv2d_wgrad_output_gradient_tile_access_iterator_analytic.h
      [extract] vllm/third_party/fmha_sm100/cutlass/include/cutlass/conv/threadblock/conv2d_wgrad_output_gradient_tile_access_iterator_optimized.h
      [extract] vllm/third_party/fmha_sm100/cutlass/include/cutlass/conv/threadblock/conv3d_dgrad_filter_tile_access_iterator_analytic.h
      [extract] vllm/third_party/fmha_sm100/cutlass/include/cutlass/conv/threadblock/conv3d_dgrad_filter_tile_access_iterator_optimized.h
      [extract] vllm/third_party/fmha_sm100/cutlass/include/cutlass/conv/threadblock/conv3d_dgrad_output_gradient_tile_access_iterator_analytic.h
      [extract] vllm/third_party/fmha_sm100/cutlass/include/cutlass/conv/threadblock/conv3d_dgrad_output_gradient_tile_access_iterator_optimized.h
      [extract] vllm/third_party/fmha_sm100/cutlass/include/cutlass/conv/threadblock/conv3d_fprop_activation_tile_access_iterator_analytic.h
      [extract] vllm/third_party/fmha_sm100/cutlass/include/cutlass/conv/threadblock/conv3d_fprop_activation_tile_access_iterator_optimized.h
      [extract] vllm/third_party/fmha_sm100/cutlass/include/cutlass/conv/threadblock/conv3d_fprop_filter_tile_access_iterator_analytic.h
      [extract] vllm/third_party/fmha_sm100/cutlass/include/cutlass/conv/threadblock/conv3d_fprop_filter_tile_access_iterator_optimized.h
      [extract] vllm/third_party/fmha_sm100/cutlass/include/cutlass/conv/threadblock/conv3d_params.h
      [extract] vllm/third_party/fmha_sm100/cutlass/include/cutlass/conv/threadblock/conv3d_wgrad_activation_tile_access_iterator_analytic.h
      [extract] vllm/third_party/fmha_sm100/cutlass/include/cutlass/conv/threadblock/conv3d_wgrad_activation_tile_access_iterator_optimized.h
      [extract] vllm/third_party/fmha_sm100/cutlass/include/cutlass/conv/threadblock/conv3d_wgrad_output_gradient_tile_access_iterator_analytic.h
      [extract] vllm/third_party/fmha_sm100/cutlass/include/cutlass/conv/threadblock/conv3d_wgrad_output_gradient_tile_access_iterator_optimized.h
      [extract] vllm/third_party/fmha_sm100/cutlass/include/cutlass/conv/threadblock/depthwise_direct_conv_params.h
      [extract] vllm/third_party/fmha_sm100/cutlass/include/cutlass/conv/threadblock/depthwise_fprop_activation_tile_access_iterator_direct_conv_fixed_stride_dilation.h
      [extract] vllm/third_party/fmha_sm100/cutlass/include/cutlass/conv/threadblock/depthwise_fprop_activation_tile_access_iterator_direct_conv_optimized.h
      [extract] vllm/third_party/fmha_sm100/cutlass/include/cutlass/conv/threadblock/depthwise_fprop_direct_conv_multistage.h
      [extract] vllm/third_party/fmha_sm100/cutlass/include/cutlass/conv/threadblock/depthwise_fprop_filter_tile_access_iterator_direct_conv_optimized.h
      [extract] vllm/third_party/fmha_sm100/cutlass/include/cutlass/conv/threadblock/depthwise_fprop_pipelined.h
      [extract] vllm/third_party/fmha_sm100/cutlass/include/cutlass/conv/threadblock/depthwise_mma_base.h
      [extract] vllm/third_party/fmha_sm100/cutlass/include/cutlass/conv/threadblock/depthwise_mma_core_with_lane_access_size.h
      [extract] vllm/third_party/fmha_sm100/cutlass/include/cutlass/conv/threadblock/implicit_gemm_fprop_fusion_multistage.h
      [extract] vllm/third_party/fmha_sm100/cutlass/include/cutlass/conv/threadblock/implicit_gemm_multistage.h
      [extract] vllm/third_party/fmha_sm100/cutlass/include/cutlass/conv/threadblock/implicit_gemm_pipelined.h
      [extract] vllm/third_party/fmha_sm100/cutlass/include/cutlass/conv/threadblock/implicit_gemm_wgrad_fusion_multistage.h
      [extract] vllm/third_party/fmha_sm100/cutlass/include/cutlass/conv/threadblock/predicated_scale_bias_vector_access_iterator.h
      [extract] vllm/third_party/fmha_sm100/cutlass/include/cutlass/conv/threadblock/predicated_scale_bias_vector_iterator.h
      [extract] vllm/third_party/fmha_sm100/cutlass/include/cutlass/conv/threadblock/threadblock_swizzle.h
      [extract] vllm/third_party/fmha_sm100/cutlass/include/cutlass/conv/warp/mma_depthwise_simt.h
      [extract] vllm/third_party/fmha_sm100/cutlass/include/cutlass/conv/warp/mma_depthwise_simt_tile_iterator.h
      [extract] vllm/third_party/fmha_sm100/cutlass/include/cutlass/conv/warp/scale_bias_relu_transform.h
      [extract] vllm/third_party/fmha_sm100/cutlass/include/cutlass/detail/blockwise_scale_layout.hpp
      [extract] vllm/third_party/fmha_sm100/cutlass/include/cutlass/detail/cluster.hpp
      [extract] vllm/third_party/fmha_sm100/cutlass/include/cutlass/detail/collective.hpp
      [extract] vllm/third_party/fmha_sm100/cutlass/include/cutlass/detail/dependent_false.hpp
      [extract] vllm/third_party/fmha_sm100/cutlass/include/cutlass/detail/helper_macros.hpp
      [extract] vllm/third_party/fmha_sm100/cutlass/include/cutlass/detail/layout.hpp
      [extract] vllm/third_party/fmha_sm100/cutlass/include/cutlass/detail/mainloop_fusion_helper_scale_factor.hpp
      [extract] vllm/third_party/fmha_sm100/cutlass/include/cutlass/detail/mma.hpp
      [extract] vllm/third_party/fmha_sm100/cutlass/include/cutlass/detail/sm100_blockscaled_layout.hpp
      [extract] vllm/third_party/fmha_sm100/cutlass/include/cutlass/detail/sm100_mixed_dtype_blockwise_layout.hpp
      [extract] vllm/third_party/fmha_sm100/cutlass/include/cutlass/detail/sm100_tmem_helper.hpp
      [extract] vllm/third_party/fmha_sm100/cutlass/include/cutlass/detail/sm103_blockscaled_layout.hpp
      [extract] vllm/third_party/fmha_sm100/cutlass/include/cutlass/detail/collective/mixed_input_utils.hpp
      [extract] vllm/third_party/fmha_sm100/cutlass/include/cutlass/detail/collective/moe_stride_utils.hpp
      [extract] vllm/third_party/fmha_sm100/cutlass/include/cutlass/detail/collective/sm103_kernel_type.hpp
      [extract] vllm/third_party/fmha_sm100/cutlass/include/cutlass/epilogue/dispatch_policy.hpp
      [extract] vllm/third_party/fmha_sm100/cutlass/include/cutlass/epilogue/collective/collective_builder.hpp
      [extract] vllm/third_party/fmha_sm100/cutlass/include/cutlass/epilogue/collective/collective_epilogue.hpp
      [extract] vllm/third_party/fmha_sm100/cutlass/include/cutlass/epilogue/collective/default_epilogue.hpp
      [extract] vllm/third_party/fmha_sm100/cutlass/include/cutlass/epilogue/collective/default_epilogue_array.hpp
      [extract] vllm/third_party/fmha_sm100/cutlass/include/cutlass/epilogue/collective/detail.hpp
      [extract] vllm/third_party/fmha_sm100/cutlass/include/cutlass/epilogue/collective/epilogue_tensor_broadcast.hpp
      [extract] vllm/third_party/fmha_sm100/cutlass/include/cutlass/epilogue/collective/sm100_epilogue_array_nosmem.hpp
      [extract] vllm/third_party/fmha_sm100/cutlass/include/cutlass/epilogue/collective/sm100_epilogue_array_tma_warpspecialized.hpp
      [extract] vllm/third_party/fmha_sm100/cutlass/include/cutlass/epilogue/collective/sm100_epilogue_nosmem.hpp
      [extract] vllm/third_party/fmha_sm100/cutlass/include/cutlass/epilogue/collective/sm100_epilogue_tma_warpspecialized.hpp
      [extract] vllm/third_party/fmha_sm100/cutlass/include/cutlass/epilogue/collective/sm70_epilogue_vectorized.hpp
      [extract] vllm/third_party/fmha_sm100/cutlass/include/cutlass/epilogue/collective/sm70_epilogue_vectorized_array.hpp
      [extract] vllm/third_party/fmha_sm100/cutlass/include/cutlass/epilogue/collective/sm90_epilogue_array_tma_warpspecialized.hpp
      [extract] vllm/third_party/fmha_sm100/cutlass/include/cutlass/epilogue/collective/sm90_epilogue_tma_warpspecialized.hpp
      [extract] vllm/third_party/fmha_sm100/cutlass/include/cutlass/epilogue/collective/sm90_epilogue_tma_warpspecialized_bias_elementwise.hpp
      [extract] vllm/third_party/fmha_sm100/cutlass/include/cutlass/epilogue/collective/builders/sm100_builder.inl
      [extract] vllm/third_party/fmha_sm100/cutlass/include/cutlass/epilogue/collective/builders/sm103_builder.inl
      [extract] vllm/third_party/fmha_sm100/cutlass/include/cutlass/epilogue/collective/builders/sm120_builder.inl
      [extract] vllm/third_party/fmha_sm100/cutlass/include/cutlass/epilogue/collective/builders/sm120_common.inl
      [extract] vllm/third_party/fmha_sm100/cutlass/include/cutlass/epilogue/collective/builders/sm90_builder.inl
      [extract] vllm/third_party/fmha_sm100/cutlass/include/cutlass/epilogue/collective/builders/sm90_common.inl
      [extract] vllm/third_party/fmha_sm100/cutlass/include/cutlass/epilogue/fusion/callbacks.hpp
      [extract] vllm/third_party/fmha_sm100/cutlass/include/cutlass/epilogue/fusion/operations.hpp
      [extract] vllm/third_party/fmha_sm100/cutlass/include/cutlass/epilogue/fusion/sm100_callbacks_tma_warpspecialized.hpp
      [extract] vllm/third_party/fmha_sm100/cutlass/include/cutlass/epilogue/fusion/sm100_visitor_compute_tma_warpspecialized.hpp
      [extract] vllm/third_party/fmha_sm100/cutlass/include/cutlass/epilogue/fusion/sm100_visitor_store_tma_warpspecialized.hpp
      [extract] vllm/third_party/fmha_sm100/cutlass/include/cutlass/epilogue/fusion/sm120_callbacks_tma_warpspecialized.hpp
      [extract] vllm/third_party/fmha_sm100/cutlass/include/cutlass/epilogue/fusion/sm120_visitor_store_tma_warpspecialized.hpp
      [extract] vllm/third_party/fmha_sm100/cutlass/include/cutlass/epilogue/fusion/sm90_callbacks_tma_warpspecialized.hpp
      [extract] vllm/third_party/fmha_sm100/cutlass/include/cutlass/epilogue/fusion/sm90_visitor_compute_tma_warpspecialized.hpp
      [extract] vllm/third_party/fmha_sm100/cutlass/include/cutlass/epilogue/fusion/sm90_visitor_load_tma_warpspecialized.hpp
      [extract] vllm/third_party/fmha_sm100/cutlass/include/cutlass/epilogue/fusion/sm90_visitor_store_tma_warpspecialized.hpp
      [extract] vllm/third_party/fmha_sm100/cutlass/include/cutlass/epilogue/fusion/sm90_visitor_tma_warpspecialized.hpp
      [extract] vllm/third_party/fmha_sm100/cutlass/include/cutlass/epilogue/fusion/sm90_visitor_topk_softmax.hpp
      [extract] vllm/third_party/fmha_sm100/cutlass/include/cutlass/epilogue/thread/activation.h
      [extract] vllm/third_party/fmha_sm100/cutlass/include/cutlass/epilogue/thread/conversion_op.h
      [extract] vllm/third_party/fmha_sm100/cutlass/include/cutlass/epilogue/thread/detail.hpp
      [extract] vllm/third_party/fmha_sm100/cutlass/include/cutlass/epilogue/thread/linear_combination.h
      [extract] vllm/third_party/fmha_sm100/cutlass/include/cutlass/epilogue/thread/linear_combination_bias_elementwise.h
      [extract] vllm/third_party/fmha_sm100/cutlass/include/cutlass/epilogue/thread/linear_combination_bias_relu.h
      [extract] vllm/third_party/fmha_sm100/cutlass/include/cutlass/epilogue/thread/linear_combination_clamp.h
      [extract] vllm/third_party/fmha_sm100/cutlass/include/cutlass/epilogue/thread/linear_combination_dgelu.h
      [extract] vllm/third_party/fmha_sm100/cutlass/include/cutlass/epilogue/thread/linear_combination_drelu.h
      [extract] vllm/third_party/fmha_sm100/cutlass/include/cutlass/epilogue/thread/linear_combination_gelu.h
      [extract] vllm/third_party/fmha_sm100/cutlass/include/cutlass/epilogue/thread/linear_combination_generic.h
      [extract] vllm/third_party/fmha_sm100/cutlass/include/cutlass/epilogue/thread/linear_combination_generic_with_scaling.h
      [extract] vllm/third_party/fmha_sm100/cutlass/include/cutlass/epilogue/thread/linear_combination_hardswish.h
      [extract] vllm/third_party/fmha_sm100/cutlass/include/cutlass/epilogue/thread/linear_combination_leaky_relu.h
      [extract] vllm/third_party/fmha_sm100/cutlass/include/cutlass/epilogue/thread/linear_combination_params.h
      [extract] vllm/third_party/fmha_sm100/cutlass/include/cutlass/epilogue/thread/linear_combination_planar_complex.h
      [extract] vllm/third_party/fmha_sm100/cutlass/include/cutlass/epilogue/thread/linear_combination_relu.h
      [extract] vllm/third_party/fmha_sm100/cutlass/include/cutlass/epilogue/thread/linear_combination_relu0.h
      [extract] vllm/third_party/fmha_sm100/cutlass/include/cutlass/epilogue/thread/linear_combination_residual_block.h
      [extract] vllm/third_party/fmha_sm100/cutlass/include/cutlass/epilogue/thread/linear_combination_sigmoid.h
      [extract] vllm/third_party/fmha_sm100/cutlass/include/cutlass/epilogue/thread/linear_combination_silu.h
      [extract] vllm/third_party/fmha_sm100/cutlass/include/cutlass/epilogue/thread/linear_combination_tensor_broadcast.hpp
      [extract] vllm/third_party/fmha_sm100/cutlass/include/cutlass/epilogue/thread/linear_combination_with_elementwise.h
      [extract] vllm/third_party/fmha_sm100/cutlass/include/cutlass/epilogue/thread/reduction_op.h
      [extract] vllm/third_party/fmha_sm100/cutlass/include/cutlass/epilogue/thread/scale_type.h
      [extract] vllm/third_party/fmha_sm100/cutlass/include/cutlass/epilogue/threadblock/default_epilogue_complex_tensor_op.h
      [extract] vllm/third_party/fmha_sm100/cutlass/include/cutlass/epilogue/threadblock/default_epilogue_complex_tensor_op_blas3.h
      [extract] vllm/third_party/fmha_sm100/cutlass/include/cutlass/epilogue/threadblock/default_epilogue_direct_store.h
      [extract] vllm/third_party/fmha_sm100/cutlass/include/cutlass/epilogue/threadblock/default_epilogue_planar_complex.h
      [extract] vllm/third_party/fmha_sm100/cutlass/include/cutlass/epilogue/threadblock/default_epilogue_simt.h
      [extract] vllm/third_party/fmha_sm100/cutlass/include/cutlass/epilogue/threadblock/default_epilogue_tensor_op.h
      [extract] vllm/third_party/fmha_sm100/cutlass/include/cutlass/epilogue/threadblock/default_epilogue_tensor_op_blas3.h
      [extract] vllm/third_party/fmha_sm100/cutlass/include/cutlass/epilogue/threadblock/default_epilogue_volta_tensor_op.h
      [extract] vllm/third_party/fmha_sm100/cutlass/include/cutlass/epilogue/threadblock/default_epilogue_with_absmax.h
      [extract] vllm/third_party/fmha_sm100/cutlass/include/cutlass/epilogue/threadblock/default_epilogue_with_broadcast.h
      [extract] vllm/third_party/fmha_sm100/cutlass/include/cutlass/epilogue/threadblock/default_epilogue_with_reduction.h
      [extract] vllm/third_party/fmha_sm100/cutlass/include/cutlass/epilogue/threadblock/default_epilogue_wmma_tensor_op.h
      [extract] vllm/third_party/fmha_sm100/cutlass/include/cutlass/epilogue/threadblock/default_thread_map_simt.h
      [extract] vllm/third_party/fmha_sm100/cutlass/include/cutlass/epilogue/threadblock/default_thread_map_tensor_op.h
      [extract] vllm/third_party/fmha_sm100/cutlass/include/cutlass/epilogue/threadblock/default_thread_map_volta_tensor_op.h
      [extract] vllm/third_party/fmha_sm100/cutlass/include/cutlass/epilogue/threadblock/default_thread_map_wmma_tensor_op.h
      [extract] vllm/third_party/fmha_sm100/cutlass/include/cutlass/epilogue/threadblock/direct_store_epilogue_iterator.h
      [extract] vllm/third_party/fmha_sm100/cutlass/include/cutlass/epilogue/threadblock/epilogue.h
      [extract] vllm/third_party/fmha_sm100/cutlass/include/cutlass/epilogue/threadblock/epilogue_base.h
      [extract] vllm/third_party/fmha_sm100/cutlass/include/cutlass/epilogue/threadblock/epilogue_base_streamk.h
      [extract] vllm/third_party/fmha_sm100/cutlass/include/cutlass/epilogue/threadblock/epilogue_depthwise.h
      [extract] vllm/third_party/fmha_sm100/cutlass/include/cutlass/epilogue/threadblock/epilogue_direct_store.h
      [extract] vllm/third_party/fmha_sm100/cutlass/include/cutlass/epilogue/threadblock/epilogue_gemm_k_reduction.h
      [extract] vllm/third_party/fmha_sm100/cutlass/include/cutlass/epilogue/threadblock/epilogue_planar_complex.h
      [extract] vllm/third_party/fmha_sm100/cutlass/include/cutlass/epilogue/threadblock/epilogue_smem_accumulator.h
      [extract] vllm/third_party/fmha_sm100/cutlass/include/cutlass/epilogue/threadblock/epilogue_streamk_with_broadcast.h
      [extract] vllm/third_party/fmha_sm100/cutlass/include/cutlass/epilogue/threadblock/epilogue_visitor_with_softmax.h
      [extract] vllm/third_party/fmha_sm100/cutlass/include/cutlass/epilogue/threadblock/epilogue_with_absmax.h
      [extract] vllm/third_party/fmha_sm100/cutlass/include/cutlass/epilogue/threadblock/epilogue_with_broadcast.h
      [extract] vllm/third_party/fmha_sm100/cutlass/include/cutlass/epilogue/threadblock/epilogue_with_reduction.h
      [extract] vllm/third_party/fmha_sm100/cutlass/include/cutlass/epilogue/threadblock/epilogue_with_scaling_factor.h
      [extract] vllm/third_party/fmha_sm100/cutlass/include/cutlass/epilogue/threadblock/epilogue_with_visitor.h
      [extract] vllm/third_party/fmha_sm100/cutlass/include/cutlass/epilogue/threadblock/epilogue_with_visitor_callbacks.h
      [extract] vllm/third_party/fmha_sm100/cutlass/include/cutlass/epilogue/threadblock/epilogue_workspace.h
      [extract] vllm/third_party/fmha_sm100/cutlass/include/cutlass/epilogue/threadblock/interleaved_epilogue.h
      [extract] vllm/third_party/fmha_sm100/cutlass/include/cutlass/epilogue/threadblock/output_iterator_parameter.h
      [extract] vllm/third_party/fmha_sm100/cutlass/include/cutlass/epilogue/threadblock/output_tile_thread_map.h
      [extract] vllm/third_party/fmha_sm100/cutlass/include/cutlass/epilogue/threadblock/predicated_tile_iterator.h
      [extract] vllm/third_party/fmha_sm100/cutlass/include/cutlass/epilogue/threadblock/predicated_tile_iterator_affine.h
      [extract] vllm/third_party/fmha_sm100/cutlass/include/cutlass/epilogue/threadblock/predicated_tile_iterator_affine_layout_params.h
      [extract] vllm/third_party/fmha_sm100/cutlass/include/cutlass/epilogue/threadblock/predicated_tile_iterator_blas3.h
      [extract] vllm/third_party/fmha_sm100/cutlass/include/cutlass/epilogue/threadblock/predicated_tile_iterator_conv.h
      [extract] vllm/third_party/fmha_sm100/cutlass/include/cutlass/epilogue/threadblock/predicated_tile_iterator_direct_conv.h
      [extract] vllm/third_party/fmha_sm100/cutlass/include/cutlass/epilogue/threadblock/predicated_tile_iterator_params.h
      [extract] vllm/third_party/fmha_sm100/cutlass/include/cutlass/epilogue/threadblock/predicated_tile_iterator_predicates.h
      [extract] vllm/third_party/fmha_sm100/cutlass/include/cutlass/epilogue/threadblock/predicated_tile_iterator_strided_dgrad.h
      [extract] vllm/third_party/fmha_sm100/cutlass/include/cutlass/epilogue/threadblock/shared_load_iterator.h
      [extract] vllm/third_party/fmha_sm100/cutlass/include/cutlass/epilogue/threadblock/shared_load_iterator_mixed.h
      [extract] vllm/third_party/fmha_sm100/cutlass/include/cutlass/epilogue/threadblock/shared_load_iterator_pitch_linear.h
      [extract] vllm/third_party/fmha_sm100/cutlass/include/cutlass/epilogue/threadblock/fusion/visitor_2x.hpp
      [extract] vllm/third_party/fmha_sm100/cutlass/include/cutlass/epilogue/threadblock/fusion/visitor_compute.hpp
      [extract] vllm/third_party/fmha_sm100/cutlass/include/cutlass/epilogue/threadblock/fusion/visitor_load.hpp
      [extract] vllm/third_party/fmha_sm100/cutlass/include/cutlass/epilogue/threadblock/fusion/visitor_store.hpp
      [extract] vllm/third_party/fmha_sm100/cutlass/include/cutlass/epilogue/threadblock/fusion/visitors.hpp
      [extract] vllm/third_party/fmha_sm100/cutlass/include/cutlass/epilogue/warp/fragment_iterator_complex_tensor_op.h
      [extract] vllm/third_party/fmha_sm100/cutlass/include/cutlass/epilogue/warp/fragment_iterator_gaussian_complex_tensor_op.h
      [extract] vllm/third_party/fmha_sm100/cutlass/include/cutlass/epilogue/warp/fragment_iterator_simt.h
      [extract] vllm/third_party/fmha_sm100/cutlass/include/cutlass/epilogue/warp/fragment_iterator_tensor_op.h
      [extract] vllm/third_party/fmha_sm100/cutlass/include/cutlass/epilogue/warp/fragment_iterator_volta_tensor_op.h
      [extract] vllm/third_party/fmha_sm100/cutlass/include/cutlass/epilogue/warp/fragment_iterator_wmma_tensor_op.h
      [extract] vllm/third_party/fmha_sm100/cutlass/include/cutlass/epilogue/warp/simt_policy.h
      [extract] vllm/third_party/fmha_sm100/cutlass/include/cutlass/epilogue/warp/tensor_op_policy.h
      [extract] vllm/third_party/fmha_sm100/cutlass/include/cutlass/epilogue/warp/tile_iterator_simt.h
      [extract] vllm/third_party/fmha_sm100/cutlass/include/cutlass/epilogue/warp/tile_iterator_tensor_op.h
      [extract] vllm/third_party/fmha_sm100/cutlass/include/cutlass/epilogue/warp/tile_iterator_tensor_op_mixed.h
      [extract] vllm/third_party/fmha_sm100/cutlass/include/cutlass/epilogue/warp/tile_iterator_volta_tensor_op.h
      [extract] vllm/third_party/fmha_sm100/cutlass/include/cutlass/epilogue/warp/tile_iterator_wmma_tensor_op.h
      [extract] vllm/third_party/fmha_sm100/cutlass/include/cutlass/epilogue/warp/volta_tensor_op_policy.h
      [extract] vllm/third_party/fmha_sm100/cutlass/include/cutlass/epilogue/warp/wmma_tensor_op_policy.h
      [extract] vllm/third_party/fmha_sm100/cutlass/include/cutlass/experimental/distributed/device/detail.hpp
      [extract] vllm/third_party/fmha_sm100/cutlass/include/cutlass/experimental/distributed/device/dist_gemm_universal_wrapper.hpp
      [extract] vllm/third_party/fmha_sm100/cutlass/include/cutlass/experimental/distributed/device/full_barrier.hpp
      [extract] vllm/third_party/fmha_sm100/cutlass/include/cutlass/experimental/distributed/kernel/detail.hpp
      [extract] vllm/third_party/fmha_sm100/cutlass/include/cutlass/experimental/distributed/kernel/dist_gemm_kernel_wrapper.hpp
      [extract] vllm/third_party/fmha_sm100/cutlass/include/cutlass/experimental/distributed/kernel/full_barrier.hpp
      [extract] vllm/third_party/fmha_sm100/cutlass/include/cutlass/experimental/distributed/schedules/dist_gemm_1d_schedules.hpp
      [extract] vllm/third_party/fmha_sm100/cutlass/include/cutlass/experimental/distributed/schedules/dist_gemm_base_schedule.hpp
      [extract] vllm/third_party/fmha_sm100/cutlass/include/cutlass/gemm/dispatch_policy.hpp
      [extract] vllm/third_party/fmha_sm100/cutlass/include/cutlass/gemm/gemm.h
      [extract] vllm/third_party/fmha_sm100/cutlass/include/cutlass/gemm/gemm_enumerated_types.h
      [extract] vllm/third_party/fmha_sm100/cutlass/include/cutlass/gemm/group_array_problem_shape.hpp
      [extract] vllm/third_party/fmha_sm100/cutlass/include/cutlass/gemm/collective/collective_builder.hpp
      [extract] vllm/third_party/fmha_sm100/cutlass/include/cutlass/gemm/collective/collective_builder_decl.hpp
      [extract] vllm/third_party/fmha_sm100/cutlass/include/cutlass/gemm/collective/collective_mma.hpp
      [extract] vllm/third_party/fmha_sm100/cutlass/include/cutlass/gemm/collective/collective_mma_decl.hpp
      [extract] vllm/third_party/fmha_sm100/cutlass/include/cutlass/gemm/collective/fp8_accumulation.hpp
      [extract] vllm/third_party/fmha_sm100/cutlass/include/cutlass/gemm/collective/sm100_blockscaled_mma_array_warpspecialized.hpp
      [extract] vllm/third_party/fmha_sm100/cutlass/include/cutlass/gemm/collective/sm100_blockscaled_mma_array_warpspecialized_rcggemm.hpp
      [extract] vllm/third_party/fmha_sm100/cutlass/include/cutlass/gemm/collective/sm100_blockscaled_mma_mixed_tma_cpasync_warpspecialized.hpp
      [extract] vllm/third_party/fmha_sm100/cutlass/include/cutlass/gemm/collective/sm100_blockscaled_mma_warpspecialized.hpp
      [extract] vllm/third_party/fmha_sm100/cutlass/include/cutlass/gemm/collective/sm100_blockscaled_sparse_mma_warpspecialized.hpp
      [extract] vllm/third_party/fmha_sm100/cutlass/include/cutlass/gemm/collective/sm100_mma_array_warpspecialized.hpp
      [extract] vllm/third_party/fmha_sm100/cutlass/include/cutlass/gemm/collective/sm100_mma_array_warpspecialized_blockwise_scaling.hpp
      [extract] vllm/third_party/fmha_sm100/cutlass/include/cutlass/gemm/collective/sm100_mma_array_warpspecialized_emulated.hpp
      [extract] vllm/third_party/fmha_sm100/cutlass/include/cutlass/gemm/collective/sm100_mma_array_warpspecialized_rcggemm.hpp
      [extract] vllm/third_party/fmha_sm100/cutlass/include/cutlass/gemm/collective/sm100_mma_cpasync_warpspecialized.hpp
      [extract] vllm/third_party/fmha_sm100/cutlass/include/cutlass/gemm/collective/sm100_mma_mixed_tma_cpasync_warpspecialized.hpp
      [extract] vllm/third_party/fmha_sm100/cutlass/include/cutlass/gemm/collective/sm100_mma_warpspecialized.hpp
      [extract] vllm/third_party/fmha_sm100/cutlass/include/cutlass/gemm/collective/sm100_mma_warpspecialized_blockwise_scaling.hpp
      [extract] vllm/third_party/fmha_sm100/cutlass/include/cutlass/gemm/collective/sm100_mma_warpspecialized_emulated.hpp
      [extract] vllm/third_party/fmha_sm100/cutlass/include/cutlass/gemm/collective/sm100_mma_warpspecialized_mixed_input.hpp
      [extract] vllm/third_party/fmha_sm100/cutlass/include/cutlass/gemm/collective/sm100_sparse_mma_warpspecialized.hpp
      [extract] vllm/third_party/fmha_sm100/cutlass/include/cutlass/gemm/collective/sm103_blockscaled_mma_array_warpspecialized.hpp
      [extract] vllm/third_party/fmha_sm100/cutlass/include/cutlass/gemm/collective/sm103_blockscaled_mma_warpspecialized.hpp
      [extract] vllm/third_party/fmha_sm100/cutlass/include/cutlass/gemm/collective/sm120_blockscaled_mma_array_tma.hpp
      [extract] vllm/third_party/fmha_sm100/cutlass/include/cutlass/gemm/collective/sm120_blockscaled_mma_tma.hpp
      [extract] vllm/third_party/fmha_sm100/cutlass/include/cutlass/gemm/collective/sm120_blockscaled_sparse_mma_tma.hpp
      [extract] vllm/third_party/fmha_sm100/cutlass/include/cutlass/gemm/collective/sm120_mma_array_tma_blockwise_scaling.hpp
      [extract] vllm/third_party/fmha_sm100/cutlass/include/cutlass/gemm/collective/sm120_mma_tma.hpp
      [extract] vllm/third_party/fmha_sm100/cutlass/include/cutlass/gemm/collective/sm120_mma_tma_blockwise_scaling.hpp
      [extract] vllm/third_party/fmha_sm100/cutlass/include/cutlass/gemm/collective/sm120_sparse_mma_tma.hpp
      [extract] vllm/third_party/fmha_sm100/cutlass/include/cutlass/gemm/collective/sm70_mma_twostage.hpp
      [extract] vllm/third_party/fmha_sm100/cutlass/include/cutlass/gemm/collective/sm80_mma_array_multistage.hpp
      [extract] vllm/third_party/fmha_sm100/cutlass/include/cutlass/gemm/collective/sm80_mma_multistage.hpp
      [extract] vllm/third_party/fmha_sm100/cutlass/include/cutlass/gemm/collective/sm90_mma_array_tma_gmma_rs_warpspecialized_mixed_input.hpp
      [extract] vllm/third_party/fmha_sm100/cutlass/include/cutlass/gemm/collective/sm90_mma_array_tma_gmma_ss_warpspecialized.hpp
      [extract] vllm/third_party/fmha_sm100/cutlass/include/cutlass/gemm/collective/sm90_mma_array_tma_gmma_ss_warpspecialized_fp8.hpp
      [extract] vllm/third_party/fmha_sm100/cutlass/include/cutlass/gemm/collective/sm90_mma_array_tma_gmma_ss_warpspecialized_fp8_blockwise_scaling.hpp
      [extract] vllm/third_party/fmha_sm100/cutlass/include/cutlass/gemm/collective/sm90_mma_multistage_gmma_rs_warpspecialized.hpp
      [extract] vllm/third_party/fmha_sm100/cutlass/include/cutlass/gemm/collective/sm90_mma_multistage_gmma_ss_warpspecialized.hpp
      [extract] vllm/third_party/fmha_sm100/cutlass/include/cutlass/gemm/collective/sm90_mma_tma_gmma_rs_warpspecialized.hpp
      [extract] vllm/third_party/fmha_sm100/cutlass/include/cutlass/gemm/collective/sm90_mma_tma_gmma_rs_warpspecialized_mixed_input.hpp
      [extract] vllm/third_party/fmha_sm100/cutlass/include/cutlass/gemm/collective/sm90_mma_tma_gmma_ss.hpp
      [extract] vllm/third_party/fmha_sm100/cutlass/include/cutlass/gemm/collective/sm90_mma_tma_gmma_ss_warpspecialized.hpp
      [extract] vllm/third_party/fmha_sm100/cutlass/include/cutlass/gemm/collective/sm90_mma_tma_gmma_ss_warpspecialized_fp8.hpp
      [extract] vllm/third_party/fmha_sm100/cutlass/include/cutlass/gemm/collective/sm90_mma_tma_gmma_ss_warpspecialized_fp8_blockwise_scaling.hpp
      [extract] vllm/third_party/fmha_sm100/cutlass/include/cutlass/gemm/collective/sm90_sparse_mma_tma_gmma_ss_warpspecialized.hpp
      [extract] vllm/third_party/fmha_sm100/cutlass/include/cutlass/gemm/collective/sm90_sparse_mma_tma_gmma_ss_warpspecialized_fp8.hpp
      [extract] vllm/third_party/fmha_sm100/cutlass/include/cutlass/gemm/collective/builders/sm100_9xBF16_umma_builder.inl
      [extract] vllm/third_party/fmha_sm100/cutlass/include/cutlass/gemm/collective/builders/sm100_blockscaled_mixed_tma_cpasync_umma_builder.inl
      [extract] vllm/third_party/fmha_sm100/cutlass/include/cutlass/gemm/collective/builders/sm100_blockscaled_sparse_umma_builder.inl
      [extract] vllm/third_party/fmha_sm100/cutlass/include/cutlass/gemm/collective/builders/sm100_blockscaled_umma_builder.inl
      [extract] vllm/third_party/fmha_sm100/cutlass/include/cutlass/gemm/collective/builders/sm100_blockwise_umma_builder.inl
      [extract] vllm/third_party/fmha_sm100/cutlass/include/cutlass/gemm/collective/builders/sm100_common.inl
      [extract] vllm/third_party/fmha_sm100/cutlass/include/cutlass/gemm/collective/builders/sm100_cpasync_umma_builder.inl
      [extract] vllm/third_party/fmha_sm100/cutlass/include/cutlass/gemm/collective/builders/sm100_mixed_input_umma_builder.inl
      [extract] vllm/third_party/fmha_sm100/cutlass/include/cutlass/gemm/collective/builders/sm100_mixed_tma_cpasync_umma_builder.inl
      [extract] vllm/third_party/fmha_sm100/cutlass/include/cutlass/gemm/collective/builders/sm100_pipeline_carveout.inl
      [extract] vllm/third_party/fmha_sm100/cutlass/include/cutlass/gemm/collective/builders/sm100_simt_builder.inl
      [extract] vllm/third_party/fmha_sm100/cutlass/include/cutlass/gemm/collective/builders/sm100_sparse_umma_builder.inl
      [extract] vllm/third_party/fmha_sm100/cutlass/include/cutlass/gemm/collective/builders/sm100_umma_builder.inl
      [extract] vllm/third_party/fmha_sm100/cutlass/include/cutlass/gemm/collective/builders/sm103_blockscaled_umma_builder.inl
      [extract] vllm/third_party/fmha_sm100/cutlass/include/cutlass/gemm/collective/builders/sm120_blockscaled_mma_builder.inl
      [extract] vllm/third_party/fmha_sm100/cutlass/include/cutlass/gemm/collective/builders/sm120_blockscaled_sparse_mma_builder.inl
      [extract] vllm/third_party/fmha_sm100/cutlass/include/cutlass/gemm/collective/builders/sm120_blockwise_mma_builder.inl
      [extract] vllm/third_party/fmha_sm100/cutlass/include/cutlass/gemm/collective/builders/sm120_common.inl
      [extract] vllm/third_party/fmha_sm100/cutlass/include/cutlass/gemm/collective/builders/sm120_mma_builder.inl
      [extract] vllm/third_party/fmha_sm100/cutlass/include/cutlass/gemm/collective/builders/sm120_sparse_mma_builder.inl
      [extract] vllm/third_party/fmha_sm100/cutlass/include/cutlass/gemm/collective/builders/sm1xx_common.inl
      [extract] vllm/third_party/fmha_sm100/cutlass/include/cutlass/gemm/collective/builders/sm1xx_sparse_config.inl
      [extract] vllm/third_party/fmha_sm100/cutlass/include/cutlass/gemm/collective/builders/sm90_common.inl
      [extract] vllm/third_party/fmha_sm100/cutlass/include/cutlass/gemm/collective/builders/sm90_gmma_builder.inl
      [extract] vllm/third_party/fmha_sm100/cutlass/include/cutlass/gemm/collective/builders/sm90_sparse_config.inl
      [extract] vllm/third_party/fmha_sm100/cutlass/include/cutlass/gemm/collective/builders/sm90_sparse_gmma_builder.inl
      [extract] vllm/third_party/fmha_sm100/cutlass/include/cutlass/gemm/device/base_grouped.h
      [extract] vllm/third_party/fmha_sm100/cutlass/include/cutlass/gemm/device/default_gemm_configuration.h
      [extract] vllm/third_party/fmha_sm100/cutlass/include/cutlass/gemm/device/ell_gemm.h
      [extract] vllm/third_party/fmha_sm100/cutlass/include/cutlass/gemm/device/gemm.h
      [extract] vllm/third_party/fmha_sm100/cutlass/include/cutlass/gemm/device/gemm_array.h
      [extract] vllm/third_party/fmha_sm100/cutlass/include/cutlass/gemm/device/gemm_batched.h
      [extract] vllm/third_party/fmha_sm100/cutlass/include/cutlass/gemm/device/gemm_complex.h
      [extract] vllm/third_party/fmha_sm100/cutlass/include/cutlass/gemm/device/gemm_grouped.h
      [extract] vllm/third_party/fmha_sm100/cutlass/include/cutlass/gemm/device/gemm_layernorm_mainloop_fusion.h
      [extract] vllm/third_party/fmha_sm100/cutlass/include/cutlass/gemm/device/gemm_sparse.h
      [extract] vllm/third_party/fmha_sm100/cutlass/include/cutlass/gemm/device/gemm_sparse_universal.h
      [extract] vllm/third_party/fmha_sm100/cutlass/include/cutlass/gemm/device/gemm_sparse_universal_with_absmax.h
      [extract] vllm/third_party/fmha_sm100/cutlass/include/cutlass/gemm/device/gemm_sparse_with_absmax.h
      [extract] vllm/third_party/fmha_sm100/cutlass/include/cutlass/gemm/device/gemm_sparse_with_visitor.h
      [extract] vllm/third_party/fmha_sm100/cutlass/include/cutlass/gemm/device/gemm_splitk_parallel.h
      [extract] vllm/third_party/fmha_sm100/cutlass/include/cutlass/gemm/device/gemm_universal.h
      [extract] vllm/third_party/fmha_sm100/cutlass/include/cutlass/gemm/device/gemm_universal_adapter.h
      [extract] vllm/third_party/fmha_sm100/cutlass/include/cutlass/gemm/device/gemm_universal_base.h
      [extract] vllm/third_party/fmha_sm100/cutlass/include/cutlass/gemm/device/gemm_universal_streamk_with_broadcast.h
      [extract] vllm/third_party/fmha_sm100/cutlass/include/cutlass/gemm/device/gemm_universal_with_absmax.h
      [extract] vllm/third_party/fmha_sm100/cutlass/include/cutlass/gemm/device/gemm_universal_with_broadcast.h
      [extract] vllm/third_party/fmha_sm100/cutlass/include/cutlass/gemm/device/gemm_with_k_reduction.h
      [extract] vllm/third_party/fmha_sm100/cutlass/include/cutlass/gemm/device/gemv.h
      [extract] vllm/third_party/fmha_sm100/cutlass/include/cutlass/gemm/device/gemv_blockscaled.h
      [extract] vllm/third_party/fmha_sm100/cutlass/include/cutlass/gemm/device/rank_2k.h
      [extract] vllm/third_party/fmha_sm100/cutlass/include/cutlass/gemm/device/rank_2k_grouped.h
      [extract] vllm/third_party/fmha_sm100/cutlass/include/cutlass/gemm/device/rank_k.h
      [extract] vllm/third_party/fmha_sm100/cutlass/include/cutlass/gemm/device/symm.h
      [extract] vllm/third_party/fmha_sm100/cutlass/include/cutlass/gemm/device/trmm.h
      [extract] vllm/third_party/fmha_sm100/cutlass/include/cutlass/gemm/kernel/default_ell_gemm.h
      [extract] vllm/third_party/fmha_sm100/cutlass/include/cutlass/gemm/kernel/default_gemm.h
      [extract] vllm/third_party/fmha_sm100/cutlass/include/cutlass/gemm/kernel/default_gemm_complex.h
      [extract] vllm/third_party/fmha_sm100/cutlass/include/cutlass/gemm/kernel/default_gemm_grouped.h
      [extract] vllm/third_party/fmha_sm100/cutlass/include/cutlass/gemm/kernel/default_gemm_grouped_per_group_scale.h
      [extract] vllm/third_party/fmha_sm100/cutlass/include/cutlass/gemm/kernel/default_gemm_grouped_softmax_mainloop_fusion.h
      [extract] vllm/third_party/fmha_sm100/cutlass/include/cutlass/gemm/kernel/default_gemm_layernorm_mainloop_fusion.h
      [extract] vllm/third_party/fmha_sm100/cutlass/include/cutlass/gemm/kernel/default_gemm_planar_complex_universal.h
      [extract] vllm/third_party/fmha_sm100/cutlass/include/cutlass/gemm/kernel/default_gemm_sparse.h
      [extract] vllm/third_party/fmha_sm100/cutlass/include/cutlass/gemm/kernel/default_gemm_sparse_universal.h
      [extract] vllm/third_party/fmha_sm100/cutlass/include/cutlass/gemm/kernel/default_gemm_sparse_universal_with_absmax.h
      [extract] vllm/third_party/fmha_sm100/cutlass/include/cutlass/gemm/kernel/default_gemm_sparse_with_absmax.h
      [extract] vllm/third_party/fmha_sm100/cutlass/include/cutlass/gemm/kernel/default_gemm_sparse_with_visitor.h
      [extract] vllm/third_party/fmha_sm100/cutlass/include/cutlass/gemm/kernel/default_gemm_splitk_parallel.h
      [extract] vllm/third_party/fmha_sm100/cutlass/include/cutlass/gemm/kernel/default_gemm_streamk_with_broadcast.h
      [extract] vllm/third_party/fmha_sm100/cutlass/include/cutlass/gemm/kernel/default_gemm_universal.h
      [extract] vllm/third_party/fmha_sm100/cutlass/include/cutlass/gemm/kernel/default_gemm_universal_with_visitor.h
      [extract] vllm/third_party/fmha_sm100/cutlass/include/cutlass/gemm/kernel/default_gemm_with_absmax.h
      [extract] vllm/third_party/fmha_sm100/cutlass/include/cutlass/gemm/kernel/default_gemm_with_broadcast.h
      [extract] vllm/third_party/fmha_sm100/cutlass/include/cutlass/gemm/kernel/default_gemm_with_k_reduction.h
      [extract] vllm/third_party/fmha_sm100/cutlass/include/cutlass/gemm/kernel/default_gemm_with_reduction.h
      [extract] vllm/third_party/fmha_sm100/cutlass/include/cutlass/gemm/kernel/default_gemv.h
      [extract] vllm/third_party/fmha_sm100/cutlass/include/cutlass/gemm/kernel/default_rank_2k.h
      [extract] vllm/third_party/fmha_sm100/cutlass/include/cutlass/gemm/kernel/default_rank_2k_complex.h
      [extract] vllm/third_party/fmha_sm100/cutlass/include/cutlass/gemm/kernel/default_rank_2k_grouped.h
      [extract] vllm/third_party/fmha_sm100/cutlass/include/cutlass/gemm/kernel/default_rank_2k_universal.h
      [extract] vllm/third_party/fmha_sm100/cutlass/include/cutlass/gemm/kernel/default_rank_k.h
      [extract] vllm/third_party/fmha_sm100/cutlass/include/cutlass/gemm/kernel/default_rank_k_complex.h
      [extract] vllm/third_party/fmha_sm100/cutlass/include/cutlass/gemm/kernel/default_rank_k_universal.h
      [extract] vllm/third_party/fmha_sm100/cutlass/include/cutlass/gemm/kernel/default_symm.h
      [extract] vllm/third_party/fmha_sm100/cutlass/include/cutlass/gemm/kernel/default_symm_complex.h
      [extract] vllm/third_party/fmha_sm100/cutlass/include/cutlass/gemm/kernel/default_symm_universal.h
      [extract] vllm/third_party/fmha_sm100/cutlass/include/cutlass/gemm/kernel/default_trmm.h
      [extract] vllm/third_party/fmha_sm100/cutlass/include/cutlass/gemm/kernel/default_trmm_complex.h
      [extract] vllm/third_party/fmha_sm100/cutlass/include/cutlass/gemm/kernel/default_trmm_universal.h
      [extract] vllm/third_party/fmha_sm100/cutlass/include/cutlass/gemm/kernel/ell_gemm.h
      [extract] vllm/third_party/fmha_sm100/cutlass/include/cutlass/gemm/kernel/gemm.h
      [extract] vllm/third_party/fmha_sm100/cutlass/include/cutlass/gemm/kernel/gemm_array.h
      [extract] vllm/third_party/fmha_sm100/cutlass/include/cutlass/gemm/kernel/gemm_batched.h
      [extract] vllm/third_party/fmha_sm100/cutlass/include/cutlass/gemm/kernel/gemm_grouped.h
      [extract] vllm/third_party/fmha_sm100/cutlass/include/cutlass/gemm/kernel/gemm_grouped_per_group_scale.h
      [extract] vllm/third_party/fmha_sm100/cutlass/include/cutlass/gemm/kernel/gemm_grouped_problem_visitor.h
      [extract] vllm/third_party/fmha_sm100/cutlass/include/cutlass/gemm/kernel/gemm_grouped_softmax_mainloop_fusion.h
      [extract] vllm/third_party/fmha_sm100/cutlass/include/cutlass/gemm/kernel/gemm_layernorm_mainloop_fusion.h
      [extract] vllm/third_party/fmha_sm100/cutlass/include/cutlass/gemm/kernel/gemm_params.h
      [extract] vllm/third_party/fmha_sm100/cutlass/include/cutlass/gemm/kernel/gemm_pipelined.h
      [extract] vllm/third_party/fmha_sm100/cutlass/include/cutlass/gemm/kernel/gemm_planar_complex.h
      [extract] vllm/third_party/fmha_sm100/cutlass/include/cutlass/gemm/kernel/gemm_planar_complex_array.h
      [extract] vllm/third_party/fmha_sm100/cutlass/include/cutlass/gemm/kernel/gemm_sparse_universal.h
      [extract] vllm/third_party/fmha_sm100/cutlass/include/cutlass/gemm/kernel/gemm_sparse_universal_with_absmax.h
      [extract] vllm/third_party/fmha_sm100/cutlass/include/cutlass/gemm/kernel/gemm_splitk_parallel.h
      [extract] vllm/third_party/fmha_sm100/cutlass/include/cutlass/gemm/kernel/gemm_streamk_with_fused_epilogue.h
      [extract] vllm/third_party/fmha_sm100/cutlass/include/cutlass/gemm/kernel/gemm_transpose_operands.h
      [extract] vllm/third_party/fmha_sm100/cutlass/include/cutlass/gemm/kernel/gemm_universal.h
      [extract] vllm/third_party/fmha_sm100/cutlass/include/cutlass/gemm/kernel/gemm_universal.hpp
      [extract] vllm/third_party/fmha_sm100/cutlass/include/cutlass/gemm/kernel/gemm_universal_decl.h
      [extract] vllm/third_party/fmha_sm100/cutlass/include/cutlass/gemm/kernel/gemm_universal_streamk.h
      [extract] vllm/third_party/fmha_sm100/cutlass/include/cutlass/gemm/kernel/gemm_universal_with_visitor.h
      [extract] vllm/third_party/fmha_sm100/cutlass/include/cutlass/gemm/kernel/gemm_universal_with_visitor_streamk.h
      [extract] vllm/third_party/fmha_sm100/cutlass/include/cutlass/gemm/kernel/gemm_with_absmax.h
      [extract] vllm/third_party/fmha_sm100/cutlass/include/cutlass/gemm/kernel/gemm_with_fused_epilogue.h
      [extract] vllm/third_party/fmha_sm100/cutlass/include/cutlass/gemm/kernel/gemm_with_k_reduction.h
      [extract] vllm/third_party/fmha_sm100/cutlass/include/cutlass/gemm/kernel/gemv.h
      [extract] vllm/third_party/fmha_sm100/cutlass/include/cutlass/gemm/kernel/gemv_batched_strided.h
      [extract] vllm/third_party/fmha_sm100/cutlass/include/cutlass/gemm/kernel/gemv_blockscaled.h
      [extract] vllm/third_party/fmha_sm100/cutlass/include/cutlass/gemm/kernel/grouped_problem_visitor.h
      [extract] vllm/third_party/fmha_sm100/cutlass/include/cutlass/gemm/kernel/params_sparse_base.h
      [extract] vllm/third_party/fmha_sm100/cutlass/include/cutlass/gemm/kernel/params_universal_base.h
      [extract] vllm/third_party/fmha_sm100/cutlass/include/cutlass/gemm/kernel/rank_2k_grouped.h
      [extract] vllm/third_party/fmha_sm100/cutlass/include/cutlass/gemm/kernel/rank_2k_grouped_problem_visitor.h
      [extract] vllm/third_party/fmha_sm100/cutlass/include/cutlass/gemm/kernel/rank_2k_transpose_operands.h
      [extract] vllm/third_party/fmha_sm100/cutlass/include/cutlass/gemm/kernel/rank_2k_universal.h
      [extract] vllm/third_party/fmha_sm100/cutlass/include/cutlass/gemm/kernel/rank_k_universal.h
      [extract] vllm/third_party/fmha_sm100/cutlass/include/cutlass/gemm/kernel/sm100_gemm_array_tma_warpspecialized.hpp
      [extract] vllm/third_party/fmha_sm100/cutlass/include/cutlass/gemm/kernel/sm100_gemm_array_tma_warpspecialized_input_transform.hpp
      [extract] vllm/third_party/fmha_sm100/cutlass/include/cutlass/gemm/kernel/sm100_gemm_array_tma_warpspecialized_mma_transform.hpp
      [extract] vllm/third_party/fmha_sm100/cutlass/include/cutlass/gemm/kernel/sm100_gemm_cpasync_warpspecialized.hpp
      [extract] vllm/third_party/fmha_sm100/cutlass/include/cutlass/gemm/kernel/sm100_gemm_mixed_tma_cpasync_warpspecialized.hpp
      [extract] vllm/third_party/fmha_sm100/cutlass/include/cutlass/gemm/kernel/sm100_gemm_tma_warpspecialized.hpp
      [extract] vllm/third_party/fmha_sm100/cutlass/include/cutlass/gemm/kernel/sm100_gemm_tma_warpspecialized_input_transform.hpp
      [extract] vllm/third_party/fmha_sm100/cutlass/include/cutlass/gemm/kernel/sm100_gemm_tma_warpspecialized_mixed_input_transform.hpp
      [extract] vllm/third_party/fmha_sm100/cutlass/include/cutlass/gemm/kernel/sm100_gemm_tma_warpspecialized_mma_transform.hpp
      [extract] vllm/third_party/fmha_sm100/cutlass/include/cutlass/gemm/kernel/sm100_sparse_gemm_tma_warpspecialized.hpp
      [extract] vllm/third_party/fmha_sm100/cutlass/include/cutlass/gemm/kernel/sm100_static_tile_scheduler.hpp
      [extract] vllm/third_party/fmha_sm100/cutlass/include/cutlass/gemm/kernel/sm100_tile_scheduler.hpp
      [extract] vllm/third_party/fmha_sm100/cutlass/include/cutlass/gemm/kernel/sm100_tile_scheduler_group.hpp
      [extract] vllm/third_party/fmha_sm100/cutlass/include/cutlass/gemm/kernel/sm100_tile_scheduler_stream_k.hpp
      [extract] vllm/third_party/fmha_sm100/cutlass/include/cutlass/gemm/kernel/sm103_blockscaled_gemm_array_tma_warpspecialized.hpp
      [extract] vllm/third_party/fmha_sm100/cutlass/include/cutlass/gemm/kernel/sm103_blockscaled_gemm_tma_warpspecialized.hpp
      [extract] vllm/third_party/fmha_sm100/cutlass/include/cutlass/gemm/kernel/sm120_gemm_tma_warpspecialized_cooperative_asymmetric_dma.hpp
      [extract] vllm/third_party/fmha_sm100/cutlass/include/cutlass/gemm/kernel/sm70_gemm.hpp
      [extract] vllm/third_party/fmha_sm100/cutlass/include/cutlass/gemm/kernel/sm70_gemm_array.hpp
      [extract] vllm/third_party/fmha_sm100/cutlass/include/cutlass/gemm/kernel/sm90_gemm_array_tma_warpspecialized_cooperative.hpp
      [extract] vllm/third_party/fmha_sm100/cutlass/include/cutlass/gemm/kernel/sm90_gemm_array_tma_warpspecialized_pingpong.hpp
      [extract] vllm/third_party/fmha_sm100/cutlass/include/cutlass/gemm/kernel/sm90_gemm_tma.hpp
      [extract] vllm/third_party/fmha_sm100/cutlass/include/cutlass/gemm/kernel/sm90_gemm_tma_warpspecialized.hpp
      [extract] vllm/third_party/fmha_sm100/cutlass/include/cutlass/gemm/kernel/sm90_gemm_tma_warpspecialized_cooperative.hpp
      [extract] vllm/third_party/fmha_sm100/cutlass/include/cutlass/gemm/kernel/sm90_gemm_tma_warpspecialized_pingpong.hpp
      [extract] vllm/third_party/fmha_sm100/cutlass/include/cutlass/gemm/kernel/sm90_gemm_warpspecialized.hpp
      [extract] vllm/third_party/fmha_sm100/cutlass/include/cutlass/gemm/kernel/sm90_gemm_warpspecialized_cooperative.hpp
      [extract] vllm/third_party/fmha_sm100/cutlass/include/cutlass/gemm/kernel/sm90_gemm_warpspecialized_pingpong.hpp
      [extract] vllm/third_party/fmha_sm100/cutlass/include/cutlass/gemm/kernel/sm90_tile_scheduler.hpp
      [extract] vllm/third_party/fmha_sm100/cutlass/include/cutlass/gemm/kernel/sm90_tile_scheduler_group.hpp
      [extract] vllm/third_party/fmha_sm100/cutlass/include/cutlass/gemm/kernel/sm90_tile_scheduler_stream_k.hpp
      [extract] vllm/third_party/fmha_sm100/cutlass/include/cutlass/gemm/kernel/sparse_gemm.h
      [extract] vllm/third_party/fmha_sm100/cutlass/include/cutlass/gemm/kernel/sparse_gemm_with_absmax.h
      [extract] vllm/third_party/fmha_sm100/cutlass/include/cutlass/gemm/kernel/sparse_gemm_with_visitor.h
      [extract] vllm/third_party/fmha_sm100/cutlass/include/cutlass/gemm/kernel/static_tile_scheduler.hpp
      [extract] vllm/third_party/fmha_sm100/cutlass/include/cutlass/gemm/kernel/symm_universal.h
      [extract] vllm/third_party/fmha_sm100/cutlass/include/cutlass/gemm/kernel/tile_scheduler.hpp
      [extract] vllm/third_party/fmha_sm100/cutlass/include/cutlass/gemm/kernel/tile_scheduler_detail.hpp
      [extract] vllm/third_party/fmha_sm100/cutlass/include/cutlass/gemm/kernel/tile_scheduler_params.h
      [extract] vllm/third_party/fmha_sm100/cutlass/include/cutlass/gemm/kernel/trmm_universal.h
      [extract] vllm/third_party/fmha_sm100/cutlass/include/cutlass/gemm/thread/mma.h
      [extract] vllm/third_party/fmha_sm100/cutlass/include/cutlass/gemm/thread/mma_sm50.h
      [extract] vllm/third_party/fmha_sm100/cutlass/include/cutlass/gemm/thread/mma_sm60.h
      [extract] vllm/third_party/fmha_sm100/cutlass/include/cutlass/gemm/thread/mma_sm61.h
      [extract] vllm/third_party/fmha_sm100/cutlass/include/cutlass/gemm/threadblock/default_ell_mma.h
      [extract] vllm/third_party/fmha_sm100/cutlass/include/cutlass/gemm/threadblock/default_gemv_core.h
      [extract] vllm/third_party/fmha_sm100/cutlass/include/cutlass/gemm/threadblock/default_mma.h
      [extract] vllm/third_party/fmha_sm100/cutlass/include/cutlass/gemm/threadblock/default_mma_core.h
      [extract] vllm/third_party/fmha_sm100/cutlass/include/cutlass/gemm/threadblock/default_mma_core_simt.h
      [extract] vllm/third_party/fmha_sm100/cutlass/include/cutlass/gemm/threadblock/default_mma_core_sm70.h
      [extract] vllm/third_party/fmha_sm100/cutlass/include/cutlass/gemm/threadblock/default_mma_core_sm75.h
      [extract] vllm/third_party/fmha_sm100/cutlass/include/cutlass/gemm/threadblock/default_mma_core_sm80.h
      [extract] vllm/third_party/fmha_sm100/cutlass/include/cutlass/gemm/threadblock/default_mma_core_sparse_sm80.h
      [extract] vllm/third_party/fmha_sm100/cutlass/include/cutlass/gemm/threadblock/default_mma_core_with_access_size.h
      [extract] vllm/third_party/fmha_sm100/cutlass/include/cutlass/gemm/threadblock/default_mma_core_with_reduction.h
      [extract] vllm/third_party/fmha_sm100/cutlass/include/cutlass/gemm/threadblock/default_mma_core_wmma.h
      [extract] vllm/third_party/fmha_sm100/cutlass/include/cutlass/gemm/threadblock/default_mma_layernorm_mainloop_fusion.h
      [extract] vllm/third_party/fmha_sm100/cutlass/include/cutlass/gemm/threadblock/default_mma_planar_complex_multistage.h
      [extract] vllm/third_party/fmha_sm100/cutlass/include/cutlass/gemm/threadblock/default_mma_planar_complex_pipelined.h
      [extract] vllm/third_party/fmha_sm100/cutlass/include/cutlass/gemm/threadblock/default_mma_softmax_mainloop_fusion.h
      [extract] vllm/third_party/fmha_sm100/cutlass/include/cutlass/gemm/threadblock/default_mma_with_reduction.h
      [extract] vllm/third_party/fmha_sm100/cutlass/include/cutlass/gemm/threadblock/default_multistage_mma_complex.h
      [extract] vllm/third_party/fmha_sm100/cutlass/include/cutlass/gemm/threadblock/default_multistage_mma_complex_core.h
      [extract] vllm/third_party/fmha_sm100/cutlass/include/cutlass/gemm/threadblock/default_multistage_mma_complex_core_sm80.h
      [extract] vllm/third_party/fmha_sm100/cutlass/include/cutlass/gemm/threadblock/default_multistage_trmm_complex.h
      [extract] vllm/third_party/fmha_sm100/cutlass/include/cutlass/gemm/threadblock/default_sparse_mma.h
      [extract] vllm/third_party/fmha_sm100/cutlass/include/cutlass/gemm/threadblock/default_trmm.h
      [extract] vllm/third_party/fmha_sm100/cutlass/include/cutlass/gemm/threadblock/ell_mma_multistage.h
      [extract] vllm/third_party/fmha_sm100/cutlass/include/cutlass/gemm/threadblock/ell_mma_pipelined.h
      [extract] vllm/third_party/fmha_sm100/cutlass/include/cutlass/gemm/threadblock/gemv.h
      [extract] vllm/third_party/fmha_sm100/cutlass/include/cutlass/gemm/threadblock/index_remat.h
      [extract] vllm/third_party/fmha_sm100/cutlass/include/cutlass/gemm/threadblock/mma_base.h
      [extract] vllm/third_party/fmha_sm100/cutlass/include/cutlass/gemm/threadblock/mma_blas3_multistage.h
      [extract] vllm/third_party/fmha_sm100/cutlass/include/cutlass/gemm/threadblock/mma_layernorm_mainloop_fusion_multistage.h
      [extract] vllm/third_party/fmha_sm100/cutlass/include/cutlass/gemm/threadblock/mma_multistage.h
      [extract] vllm/third_party/fmha_sm100/cutlass/include/cutlass/gemm/threadblock/mma_pipelined.h
      [extract] vllm/third_party/fmha_sm100/cutlass/include/cutlass/gemm/threadblock/mma_planar_complex_base.h
      [extract] vllm/third_party/fmha_sm100/cutlass/include/cutlass/gemm/threadblock/mma_planar_complex_multistage.h
      [extract] vllm/third_party/fmha_sm100/cutlass/include/cutlass/gemm/threadblock/mma_planar_complex_pipelined.h
      [extract] vllm/third_party/fmha_sm100/cutlass/include/cutlass/gemm/threadblock/mma_singlestage.h
      [extract] vllm/third_party/fmha_sm100/cutlass/include/cutlass/gemm/threadblock/mma_softmax_mainloop_fusion_multistage.h
      [extract] vllm/third_party/fmha_sm100/cutlass/include/cutlass/gemm/threadblock/mma_sparse_base.h
      [extract] vllm/third_party/fmha_sm100/cutlass/include/cutlass/gemm/threadblock/mma_sparse_multistage.h
      [extract] vllm/third_party/fmha_sm100/cutlass/include/cutlass/gemm/threadblock/mma_with_reduction_multistage.h
      [extract] vllm/third_party/fmha_sm100/cutlass/include/cutlass/gemm/threadblock/threadblock_swizzle.h
      [extract] vllm/third_party/fmha_sm100/cutlass/include/cutlass/gemm/threadblock/threadblock_swizzle_streamk.h
      [extract] vllm/third_party/fmha_sm100/cutlass/include/cutlass/gemm/warp/default_mma_complex_tensor_op.h
      [extract] vllm/third_party/fmha_sm100/cutlass/include/cutlass/gemm/warp/default_mma_sparse_tensor_op.h
      [extract] vllm/third_party/fmha_sm100/cutlass/include/cutlass/gemm/warp/default_mma_tensor_op.h
      [extract] vllm/third_party/fmha_sm100/cutlass/include/cutlass/gemm/warp/default_mma_tensor_op_sm80.h
      [extract] vllm/third_party/fmha_sm100/cutlass/include/cutlass/gemm/warp/default_mma_with_reduction_tensor_op.h
      [extract] vllm/third_party/fmha_sm100/cutlass/include/cutlass/gemm/warp/default_mma_wmma_tensor_op.h
      [extract] vllm/third_party/fmha_sm100/cutlass/include/cutlass/gemm/warp/layernorm_scale_bias_transform.h
      [extract] vllm/third_party/fmha_sm100/cutlass/include/cutlass/gemm/warp/mma.h
      [extract] vllm/third_party/fmha_sm100/cutlass/include/cutlass/gemm/warp/mma_complex_tensor_op.h
      [extract] vllm/third_party/fmha_sm100/cutlass/include/cutlass/gemm/warp/mma_complex_tensor_op_fast_f32.h
      [extract] vllm/third_party/fmha_sm100/cutlass/include/cutlass/gemm/warp/mma_complex_tensor_op_tile_iterator_sm80.h
      [extract] vllm/third_party/fmha_sm100/cutlass/include/cutlass/gemm/warp/mma_gaussian_complex_tensor_op.h
      [extract] vllm/third_party/fmha_sm100/cutlass/include/cutlass/gemm/warp/mma_gaussian_complex_tensor_op_tile_iterator_sm80.h
      [extract] vllm/third_party/fmha_sm100/cutlass/include/cutlass/gemm/warp/mma_mixed_input_tensor_op.h
      [extract] vllm/third_party/fmha_sm100/cutlass/include/cutlass/gemm/warp/mma_planar_complex.h
      [extract] vllm/third_party/fmha_sm100/cutlass/include/cutlass/gemm/warp/mma_simt.h
      [extract] vllm/third_party/fmha_sm100/cutlass/include/cutlass/gemm/warp/mma_simt_policy.h
      [extract] vllm/third_party/fmha_sm100/cutlass/include/cutlass/gemm/warp/mma_simt_tile_iterator.h
      [extract] vllm/third_party/fmha_sm100/cutlass/include/cutlass/gemm/warp/mma_sparse_tensor_op.h
      [extract] vllm/third_party/fmha_sm100/cutlass/include/cutlass/gemm/warp/mma_tensor_op.h
      [extract] vllm/third_party/fmha_sm100/cutlass/include/cutlass/gemm/warp/mma_tensor_op_fast_f32.h
      [extract] vllm/third_party/fmha_sm100/cutlass/include/cutlass/gemm/warp/mma_tensor_op_fragment_iterator.h
      [extract] vllm/third_party/fmha_sm100/cutlass/include/cutlass/gemm/warp/mma_tensor_op_policy.h
      [extract] vllm/third_party/fmha_sm100/cutlass/include/cutlass/gemm/warp/mma_tensor_op_sm70.h
      [extract] vllm/third_party/fmha_sm100/cutlass/include/cutlass/gemm/warp/mma_tensor_op_tile_access_iterator.h
      [extract] vllm/third_party/fmha_sm100/cutlass/include/cutlass/gemm/warp/mma_tensor_op_tile_iterator.h
      [extract] vllm/third_party/fmha_sm100/cutlass/include/cutlass/gemm/warp/mma_tensor_op_tile_iterator_sm70.h
      [extract] vllm/third_party/fmha_sm100/cutlass/include/cutlass/gemm/warp/mma_tensor_op_tile_iterator_sm80.h
      [extract] vllm/third_party/fmha_sm100/cutlass/include/cutlass/gemm/warp/mma_tensor_op_tile_iterator_sparse.h
      [extract] vllm/third_party/fmha_sm100/cutlass/include/cutlass/gemm/warp/mma_tensor_op_tile_iterator_wmma.h
      [extract] vllm/third_party/fmha_sm100/cutlass/include/cutlass/gemm/warp/mma_tensor_op_wmma.h
      [extract] vllm/third_party/fmha_sm100/cutlass/include/cutlass/gemm/warp/mma_with_reduction_tensor_op.h
      [extract] vllm/third_party/fmha_sm100/cutlass/include/cutlass/gemm/warp/scale_bias_tile_iterator.h
      [extract] vllm/third_party/fmha_sm100/cutlass/include/cutlass/gemm/warp/softmax_scale_bias_transform.h
      [extract] vllm/third_party/fmha_sm100/cutlass/include/cutlass/gemm/warp/tile_iterator_planar_complex.h
      [extract] vllm/third_party/fmha_sm100/cutlass/include/cutlass/layout/layout.h
      [extract] vllm/third_party/fmha_sm100/cutlass/include/cutlass/layout/matrix.h
      [extract] vllm/third_party/fmha_sm100/cutlass/include/cutlass/layout/permute.h
      [extract] vllm/third_party/fmha_sm100/cutlass/include/cutlass/layout/pitch_linear.h
      [extract] vllm/third_party/fmha_sm100/cutlass/include/cutlass/layout/tensor.h
      [extract] vllm/third_party/fmha_sm100/cutlass/include/cutlass/layout/tensor_op_multiplicand_sm70.h
      [extract] vllm/third_party/fmha_sm100/cutlass/include/cutlass/layout/tensor_op_multiplicand_sm75.h
      [extract] vllm/third_party/fmha_sm100/cutlass/include/cutlass/layout/tensor_op_multiplicand_sm80.h
      [extract] vllm/third_party/fmha_sm100/cutlass/include/cutlass/layout/vector.h
      [extract] vllm/third_party/fmha_sm100/cutlass/include/cutlass/pipeline/pipeline.hpp
      [extract] vllm/third_party/fmha_sm100/cutlass/include/cutlass/pipeline/sm100_pipeline.hpp
      [extract] vllm/third_party/fmha_sm100/cutlass/include/cutlass/pipeline/sm90_pipeline.hpp
      [extract] vllm/third_party/fmha_sm100/cutlass/include/cutlass/platform/platform.h
      [extract] vllm/third_party/fmha_sm100/cutlass/include/cutlass/reduction/threadblock_swizzle.h
      [extract] vllm/third_party/fmha_sm100/cutlass/include/cutlass/reduction/device/reduce_split_k.h
      [extract] vllm/third_party/fmha_sm100/cutlass/include/cutlass/reduction/device/tensor_reduce.h
      [extract] vllm/third_party/fmha_sm100/cutlass/include/cutlass/reduction/device/tensor_reduce_affine_contiguous.h
      [extract] vllm/third_party/fmha_sm100/cutlass/include/cutlass/reduction/device/tensor_reduce_affine_strided.h
      [extract] vllm/third_party/fmha_sm100/cutlass/include/cutlass/reduction/kernel/reduce_softmax_final.h
      [extract] vllm/third_party/fmha_sm100/cutlass/include/cutlass/reduction/kernel/reduce_split_k.h
      [extract] vllm/third_party/fmha_sm100/cutlass/include/cutlass/reduction/kernel/tensor_reduce_affine_contiguous.h
      [extract] vllm/third_party/fmha_sm100/cutlass/include/cutlass/reduction/kernel/tensor_reduce_affine_strided.h
      [extract] vllm/third_party/fmha_sm100/cutlass/include/cutlass/reduction/thread/reduce.h
      [extract] vllm/third_party/fmha_sm100/cutlass/include/cutlass/reduction/thread/reduction_operators.h
      [extract] vllm/third_party/fmha_sm100/cutlass/include/cutlass/thread/matrix.h
      [extract] vllm/third_party/fmha_sm100/cutlass/include/cutlass/transform/pitch_linear_thread_map.h
      [extract] vllm/third_party/fmha_sm100/cutlass/include/cutlass/transform/collective/sm90_wgmma_transpose.hpp
      [extract] vllm/third_party/fmha_sm100/cutlass/include/cutlass/transform/device/transform_universal_adapter.hpp
      [extract] vllm/third_party/fmha_sm100/cutlass/include/cutlass/transform/kernel/filter_format_transformer.hpp
      [extract] vllm/third_party/fmha_sm100/cutlass/include/cutlass/transform/kernel/sm90_sparse_gemm_compressor.hpp
      [extract] vllm/third_party/fmha_sm100/cutlass/include/cutlass/transform/kernel/sparse_gemm_compressor.hpp
      [extract] vllm/third_party/fmha_sm100/cutlass/include/cutlass/transform/thread/transpose.h
      [extract] vllm/third_party/fmha_sm100/cutlass/include/cutlass/transform/thread/unary_op.h
      [extract] vllm/third_party/fmha_sm100/cutlass/include/cutlass/transform/threadblock/ell_iterator.h
      [extract] vllm/third_party/fmha_sm100/cutlass/include/cutlass/transform/threadblock/ell_predicated_tile_access_iterator.h
      [extract] vllm/third_party/fmha_sm100/cutlass/include/cutlass/transform/threadblock/ell_predicated_tile_iterator.h
      [extract] vllm/third_party/fmha_sm100/cutlass/include/cutlass/transform/threadblock/predicated_scale_bias_vector_access_iterator.h
      [extract] vllm/third_party/fmha_sm100/cutlass/include/cutlass/transform/threadblock/predicated_scale_bias_vector_iterator.h
      [extract] vllm/third_party/fmha_sm100/cutlass/include/cutlass/transform/threadblock/predicated_tile_access_iterator.h
      [extract] vllm/third_party/fmha_sm100/cutlass/include/cutlass/transform/threadblock/predicated_tile_access_iterator_2dthreadtile.h
      [extract] vllm/third_party/fmha_sm100/cutlass/include/cutlass/transform/threadblock/predicated_tile_access_iterator_params.h
      [extract] vllm/third_party/fmha_sm100/cutlass/include/cutlass/transform/threadblock/predicated_tile_access_iterator_triangular_matrix.h
      [extract] vllm/third_party/fmha_sm100/cutlass/include/cutlass/transform/threadblock/predicated_tile_iterator.h
      [extract] vllm/third_party/fmha_sm100/cutlass/include/cutlass/transform/threadblock/predicated_tile_iterator_2dthreadtile.h
      [extract] vllm/third_party/fmha_sm100/cutlass/include/cutlass/transform/threadblock/predicated_tile_iterator_triangular_matrix.h
      [extract] vllm/third_party/fmha_sm100/cutlass/include/cutlass/transform/threadblock/predicated_vector_access_iterator.h
      [extract] vllm/third_party/fmha_sm100/cutlass/include/cutlass/transform/threadblock/regular_scale_bias_vector_access_iterator.h
      [extract] vllm/third_party/fmha_sm100/cutlass/include/cutlass/transform/threadblock/regular_tile_access_iterator.h
      [extract] vllm/third_party/fmha_sm100/cutlass/include/cutlass/transform/threadblock/regular_tile_access_iterator_pitch_linear.h
      [extract] vllm/third_party/fmha_sm100/cutlass/include/cutlass/transform/threadblock/regular_tile_access_iterator_pitch_linear_direct_conv.h
      [extract] vllm/third_party/fmha_sm100/cutlass/include/cutlass/transform/threadblock/regular_tile_access_iterator_tensor_op.h
      [extract] vllm/third_party/fmha_sm100/cutlass/include/cutlass/transform/threadblock/regular_tile_access_iterator_tensor_op_sm80.h
      [extract] vllm/third_party/fmha_sm100/cutlass/include/cutlass/transform/threadblock/regular_tile_iterator.h
      [extract] vllm/third_party/fmha_sm100/cutlass/include/cutlass/transform/threadblock/regular_tile_iterator_pitch_linear.h
      [extract] vllm/third_party/fmha_sm100/cutlass/include/cutlass/transform/threadblock/regular_tile_iterator_pitch_linear_2dthreadtile.h
      [extract] vllm/third_party/fmha_sm100/cutlass/include/cutlass/transform/threadblock/regular_tile_iterator_tensor_op.h
      [extract] vllm/third_party/fmha_sm100/cutlass/include/cutlass/transform/threadblock/regular_tile_iterator_tensor_op_sm70.h
      [extract] vllm/third_party/fmha_sm100/cutlass/include/cutlass/transform/threadblock/vector_iterator.h
      [extract] vllm/third_party/fmha_sm100/cutlass/include/cutlass/transform/warp/vector_fragment_iterator.h
      [extract] vllm/third_party/fmha_sm100/cutlass/tools/util/include/cutlass/util/GPU_Clock.hpp
      [extract] vllm/third_party/fmha_sm100/cutlass/tools/util/include/cutlass/util/command_line.h
      [extract] vllm/third_party/fmha_sm100/cutlass/tools/util/include/cutlass/util/cublas_wrappers.hpp
      [extract] vllm/third_party/fmha_sm100/cutlass/tools/util/include/cutlass/util/debug.h
      [extract] vllm/third_party/fmha_sm100/cutlass/tools/util/include/cutlass/util/device_dump.h
      [extract] vllm/third_party/fmha_sm100/cutlass/tools/util/include/cutlass/util/device_groupnorm.h
      [extract] vllm/third_party/fmha_sm100/cutlass/tools/util/include/cutlass/util/device_layernorm.h
      [extract] vllm/third_party/fmha_sm100/cutlass/tools/util/include/cutlass/util/device_memory.h
      [extract] vllm/third_party/fmha_sm100/cutlass/tools/util/include/cutlass/util/device_nchw_to_nhwc.h
      [extract] vllm/third_party/fmha_sm100/cutlass/tools/util/include/cutlass/util/device_nhwc_padding.h
      [extract] vllm/third_party/fmha_sm100/cutlass/tools/util/include/cutlass/util/device_nhwc_pooling.h
      [extract] vllm/third_party/fmha_sm100/cutlass/tools/util/include/cutlass/util/device_nhwc_to_nchw.h
      [extract] vllm/third_party/fmha_sm100/cutlass/tools/util/include/cutlass/util/device_rmsnorm.h
      [extract] vllm/third_party/fmha_sm100/cutlass/tools/util/include/cutlass/util/device_utils.h
      [extract] vllm/third_party/fmha_sm100/cutlass/tools/util/include/cutlass/util/distribution.h
      [extract] vllm/third_party/fmha_sm100/cutlass/tools/util/include/cutlass/util/exceptions.h
      [extract] vllm/third_party/fmha_sm100/cutlass/tools/util/include/cutlass/util/gett_commandline.hpp
      [extract] vllm/third_party/fmha_sm100/cutlass/tools/util/include/cutlass/util/helper_cuda.hpp
      [extract] vllm/third_party/fmha_sm100/cutlass/tools/util/include/cutlass/util/host_reorder.h
      [extract] vllm/third_party/fmha_sm100/cutlass/tools/util/include/cutlass/util/host_tensor.h
      [extract] vllm/third_party/fmha_sm100/cutlass/tools/util/include/cutlass/util/host_tensor_planar_complex.h
      [extract] vllm/third_party/fmha_sm100/cutlass/tools/util/include/cutlass/util/host_uncompress.h
      [extract] vllm/third_party/fmha_sm100/cutlass/tools/util/include/cutlass/util/index_sequence.h
      [extract] vllm/third_party/fmha_sm100/cutlass/tools/util/include/cutlass/util/mixed_dtype_utils.hpp
      [extract] vllm/third_party/fmha_sm100/cutlass/tools/util/include/cutlass/util/packed_stride.hpp
      [extract] vllm/third_party/fmha_sm100/cutlass/tools/util/include/cutlass/util/print_error.hpp
      [extract] vllm/third_party/fmha_sm100/cutlass/tools/util/include/cutlass/util/tensor_view_io.h
      [extract] vllm/third_party/fmha_sm100/cutlass/tools/util/include/cutlass/util/type_traits.h
      [extract] vllm/third_party/fmha_sm100/cutlass/tools/util/include/cutlass/util/reference/detail/inner_product.h
      [extract] vllm/third_party/fmha_sm100/cutlass/tools/util/include/cutlass/util/reference/detail/linear_to_coordinate.h
      [extract] vllm/third_party/fmha_sm100/cutlass/tools/util/include/cutlass/util/reference/device/convolution.h
      [extract] vllm/third_party/fmha_sm100/cutlass/tools/util/include/cutlass/util/reference/device/gemm.h
      [extract] vllm/third_party/fmha_sm100/cutlass/tools/util/include/cutlass/util/reference/device/gemm_complex.h
      [extract] vllm/third_party/fmha_sm100/cutlass/tools/util/include/cutlass/util/reference/device/gemm_planar_complex.h
      [extract] vllm/third_party/fmha_sm100/cutlass/tools/util/include/cutlass/util/reference/device/gett.hpp
      [extract] vllm/third_party/fmha_sm100/cutlass/tools/util/include/cutlass/util/reference/device/rank_2k_complex.h
      [extract] vllm/third_party/fmha_sm100/cutlass/tools/util/include/cutlass/util/reference/device/tensor_compare.h
      [extract] vllm/third_party/fmha_sm100/cutlass/tools/util/include/cutlass/util/reference/device/tensor_fill.h
      [extract] vllm/third_party/fmha_sm100/cutlass/tools/util/include/cutlass/util/reference/device/tensor_foreach.h
      [extract] vllm/third_party/fmha_sm100/cutlass/tools/util/include/cutlass/util/reference/device/tensor_reduce.h
      [extract] vllm/third_party/fmha_sm100/cutlass/tools/util/include/cutlass/util/reference/device/tensor_relu.h
      [extract] vllm/third_party/fmha_sm100/cutlass/tools/util/include/cutlass/util/reference/device/kernel/gemm.h
      [extract] vllm/third_party/fmha_sm100/cutlass/tools/util/include/cutlass/util/reference/device/kernel/tensor_elementwise.h
      [extract] vllm/third_party/fmha_sm100/cutlass/tools/util/include/cutlass/util/reference/device/kernel/tensor_foreach.h
      [extract] vllm/third_party/fmha_sm100/cutlass/tools/util/include/cutlass/util/reference/device/thread/gemm.h
      [extract] vllm/third_party/fmha_sm100/cutlass/tools/util/include/cutlass/util/reference/host/conv.hpp
      [extract] vllm/third_party/fmha_sm100/cutlass/tools/util/include/cutlass/util/reference/host/convolution.h
      [extract] vllm/third_party/fmha_sm100/cutlass/tools/util/include/cutlass/util/reference/host/error_metrics.h
      [extract] vllm/third_party/fmha_sm100/cutlass/tools/util/include/cutlass/util/reference/host/gemm.h
      [extract] vllm/third_party/fmha_sm100/cutlass/tools/util/include/cutlass/util/reference/host/gemm_complex.h
      [extract] vllm/third_party/fmha_sm100/cutlass/tools/util/include/cutlass/util/reference/host/gemm_planar_complex.h
      [extract] vllm/third_party/fmha_sm100/cutlass/tools/util/include/cutlass/util/reference/host/gett.hpp
      [extract] vllm/third_party/fmha_sm100/cutlass/tools/util/include/cutlass/util/reference/host/rank_2k.h
      [extract] vllm/third_party/fmha_sm100/cutlass/tools/util/include/cutlass/util/reference/host/rank_2k_complex.h
      [extract] vllm/third_party/fmha_sm100/cutlass/tools/util/include/cutlass/util/reference/host/rank_k_complex.h
      [extract] vllm/third_party/fmha_sm100/cutlass/tools/util/include/cutlass/util/reference/host/symm.h
      [extract] vllm/third_party/fmha_sm100/cutlass/tools/util/include/cutlass/util/reference/host/symm_complex.h
      [extract] vllm/third_party/fmha_sm100/cutlass/tools/util/include/cutlass/util/reference/host/tensor_compare.h
      [extract] vllm/third_party/fmha_sm100/cutlass/tools/util/include/cutlass/util/reference/host/tensor_compare.hpp
      [extract] vllm/third_party/fmha_sm100/cutlass/tools/util/include/cutlass/util/reference/host/tensor_copy.h
      [extract] vllm/third_party/fmha_sm100/cutlass/tools/util/include/cutlass/util/reference/host/tensor_elementwise.h
      [extract] vllm/third_party/fmha_sm100/cutlass/tools/util/include/cutlass/util/reference/host/tensor_fill.h
      [extract] vllm/third_party/fmha_sm100/cutlass/tools/util/include/cutlass/util/reference/host/tensor_fill.hpp
      [extract] vllm/third_party/fmha_sm100/cutlass/tools/util/include/cutlass/util/reference/host/tensor_foreach.h
      [extract] vllm/third_party/fmha_sm100/cutlass/tools/util/include/cutlass/util/reference/host/tensor_norm.h
      [extract] vllm/third_party/fmha_sm100/cutlass/tools/util/include/cutlass/util/reference/host/tensor_reduce.h
      [extract] vllm/third_party/fmha_sm100/cutlass/tools/util/include/cutlass/util/reference/host/tensor_reduce.hpp
      [extract] vllm/third_party/fmha_sm100/cutlass/tools/util/include/cutlass/util/reference/host/trmm.h
      [extract] vllm/third_party/fmha_sm100/cutlass/tools/util/include/cutlass/util/reference/host/trmm_complex.h
      [extract] vllm/third_party/triton_kernels/__init__.py
      [extract] vllm/third_party/triton_kernels/compaction.py
      [extract] vllm/third_party/triton_kernels/matmul_ogs.py
      [extract] vllm/third_party/triton_kernels/numerics.py
      [extract] vllm/third_party/triton_kernels/proton_opts.py
      [extract] vllm/third_party/triton_kernels/routing.py
      [extract] vllm/third_party/triton_kernels/specialize.py
      [extract] vllm/third_party/triton_kernels/swiglu.py
      [extract] vllm/third_party/triton_kernels/target_info.py
      [extract] vllm/third_party/triton_kernels/tensor.py
      [extract] vllm/third_party/triton_kernels/testing.py
      [extract] vllm/third_party/triton_kernels/topk.py
      [extract] vllm/third_party/triton_kernels/compaction_details/_masked_compaction.py
      [extract] vllm/third_party/triton_kernels/matmul_ogs_details/_common.py
      [extract] vllm/third_party/triton_kernels/matmul_ogs_details/_matmul_ogs.py
      [extract] vllm/third_party/triton_kernels/matmul_ogs_details/_p_matmul_ogs.py
      [extract] vllm/third_party/triton_kernels/matmul_ogs_details/_reduce_grouped.py
      [extract] vllm/third_party/triton_kernels/matmul_ogs_details/opt_flags.py
      [extract] vllm/third_party/triton_kernels/matmul_ogs_details/opt_flags_details/opt_flags_amd.py
      [extract] vllm/third_party/triton_kernels/matmul_ogs_details/opt_flags_details/opt_flags_nvidia.py
      [extract] vllm/third_party/triton_kernels/numerics_details/__init__.py
      [extract] vllm/third_party/triton_kernels/numerics_details/flexpoint.py
      [extract] vllm/third_party/triton_kernels/numerics_details/mxfp.py
      [extract] vllm/third_party/triton_kernels/numerics_details/mxfp_details/_downcast_to_mxfp.py
      [extract] vllm/third_party/triton_kernels/numerics_details/mxfp_details/_upcast_from_mxfp.py
      [extract] vllm/third_party/triton_kernels/reduction_details/reduce_bitmatrix.py
      [extract] vllm/third_party/triton_kernels/routing_details/_expt_data.py
      [extract] vllm/third_party/triton_kernels/routing_details/_routing_compute.py
      [extract] vllm/third_party/triton_kernels/swiglu_details/_swiglu.py
      [extract] vllm/third_party/triton_kernels/tensor_details/layout.py
      [extract] vllm/third_party/triton_kernels/tensor_details/layout_details/base.py
      [extract] vllm/third_party/triton_kernels/tensor_details/layout_details/blackwell_scale.py
      [extract] vllm/third_party/triton_kernels/tensor_details/layout_details/blackwell_value.py
      [extract] vllm/third_party/triton_kernels/tensor_details/layout_details/cdna4_scale.py
      [extract] vllm/third_party/triton_kernels/tensor_details/layout_details/hopper_scale.py
      [extract] vllm/third_party/triton_kernels/tensor_details/layout_details/hopper_value.py
      [extract] vllm/third_party/triton_kernels/tensor_details/layout_details/strided.py
      [extract] vllm/third_party/triton_kernels/topk_details/__init__.py
      [extract] vllm/third_party/triton_kernels/topk_details/_topk_backward.py
      [extract] vllm/third_party/triton_kernels/topk_details/_topk_forward.py
      [extract] vllm/vllm_flash_attn/_vllm_fa2_C.abi3.so
      [extract] vllm/vllm_flash_attn/_vllm_fa3_C.abi3.so
      [extract] vllm/vllm_flash_attn/cute/__init__.py
      [extract] vllm/vllm_flash_attn/cute/ampere_helpers.py
      [extract] vllm/vllm_flash_attn/cute/barrier.py
      [extract] vllm/vllm_flash_attn/cute/bench_utils.py
      [extract] vllm/vllm_flash_attn/cute/benchmark.py
      [extract] vllm/vllm_flash_attn/cute/benchmark_flash_attention_fp8.py
      [extract] vllm/vllm_flash_attn/cute/blackwell_helpers.py
      [extract] vllm/vllm_flash_attn/cute/block_info.py
      [extract] vllm/vllm_flash_attn/cute/block_sparse_utils.py
      [extract] vllm/vllm_flash_attn/cute/block_sparsity.py
      [extract] vllm/vllm_flash_attn/cute/cache_utils.py
      [extract] vllm/vllm_flash_attn/cute/compute_block_sparsity.py
      [extract] vllm/vllm_flash_attn/cute/copy_utils.py
      [extract] vllm/vllm_flash_attn/cute/cute_dsl_ptxas.py
      [extract] vllm/vllm_flash_attn/cute/cute_dsl_utils.py
      [extract] vllm/vllm_flash_attn/cute/fa_logging.py
      [extract] vllm/vllm_flash_attn/cute/fast_math.py
      [extract] vllm/vllm_flash_attn/cute/flash_bwd.py
      [extract] vllm/vllm_flash_attn/cute/flash_bwd_postprocess.py
      [extract] vllm/vllm_flash_attn/cute/flash_bwd_preprocess.py
      [extract] vllm/vllm_flash_attn/cute/flash_bwd_sm100.py
      [extract] vllm/vllm_flash_attn/cute/flash_bwd_sm120.py
      [extract] vllm/vllm_flash_attn/cute/flash_bwd_sm90.py
      [extract] vllm/vllm_flash_attn/cute/flash_fwd.py
      [extract] vllm/vllm_flash_attn/cute/flash_fwd_combine.py
      [extract] vllm/vllm_flash_attn/cute/flash_fwd_mla_sm100.py
      [extract] vllm/vllm_flash_attn/cute/flash_fwd_sm100.py
      [extract] vllm/vllm_flash_attn/cute/flash_fwd_sm120.py
      [extract] vllm/vllm_flash_attn/cute/flash_fwd_sm90.py
      [extract] vllm/vllm_flash_attn/cute/hopper_helpers.py
      [extract] vllm/vllm_flash_attn/cute/interface.py
      [extract] vllm/vllm_flash_attn/cute/mask.py
      [extract] vllm/vllm_flash_attn/cute/mma_sm100_desc.py
      [extract] vllm/vllm_flash_attn/cute/named_barrier.py
      [extract] vllm/vllm_flash_attn/cute/pack_gqa.py
      [extract] vllm/vllm_flash_attn/cute/paged_kv.py
      [extract] vllm/vllm_flash_attn/cute/pipeline.py
      [extract] vllm/vllm_flash_attn/cute/seqlen_info.py
      [extract] vllm/vllm_flash_attn/cute/sm100_hd256_2cta_fmha_backward.py
      [extract] vllm/vllm_flash_attn/cute/sm100_hd256_2cta_fmha_backward_dkdvkernel.py
      [extract] vllm/vllm_flash_attn/cute/sm100_hd256_2cta_fmha_backward_dqkernel.py
      [extract] vllm/vllm_flash_attn/cute/sm100_hd256_2cta_fmha_forward.py
      [extract] vllm/vllm_flash_attn/cute/sm90_config_search.py
      [extract] vllm/vllm_flash_attn/cute/softmax.py
      [extract] vllm/vllm_flash_attn/cute/testing.py
      [extract] vllm/vllm_flash_attn/cute/tile_scheduler.py
      [extract] vllm/vllm_flash_attn/cute/topk_gather_kv.py
      [extract] vllm/vllm_flash_attn/cute/utils.py
      [extract] vllm/vllm_flash_attn/layers/rotary.py
      [extract] vllm/vllm_flash_attn/ops/triton/rotary.py
      Removing temporary directory /tmp/vllm-wheels85t3_sz7
      Traceback (most recent call last):
        File "/usr/local/lib/python3.12/dist-packages/pip/_vendor/pyproject_hooks/_in_process/_in_process.py", line 389, in <module>
          main()
        File "/usr/local/lib/python3.12/dist-packages/pip/_vendor/pyproject_hooks/_in_process/_in_process.py", line 373, in main
          json_out["return_val"] = hook(**hook_input["kwargs"])
                                   ^^^^^^^^^^^^^^^^^^^^^^^^^^^^
        File "/usr/local/lib/python3.12/dist-packages/pip/_vendor/pyproject_hooks/_in_process/_in_process.py", line 209, in prepare_metadata_for_build_editable
          return hook(metadata_directory, config_settings)
                 ^^^^^^^^^^^^^^^^^^^^^^^^^^^^^^^^^^^^^^^^^
        File "/usr/local/lib/python3.12/dist-packages/setuptools/build_meta.py", line 484, in prepare_metadata_for_build_editable
          return self.prepare_metadata_for_build_wheel(
                 ^^^^^^^^^^^^^^^^^^^^^^^^^^^^^^^^^^^^^^
        File "/usr/local/lib/python3.12/dist-packages/setuptools/build_meta.py", line 378, in prepare_metadata_for_build_wheel
          self.run_setup()
        File "/usr/local/lib/python3.12/dist-packages/setuptools/build_meta.py", line 317, in run_setup
          exec(code, locals())
        File "<string>", line 1238, in <module>
        File "<string>", line 1011, in get_vllm_version
        File "/usr/local/lib/python3.12/dist-packages/setuptools_scm/_get_version.py", line 59, in get_version
          return _get_version_public(
                 ^^^^^^^^^^^^^^^^^^^^
        File "/usr/local/lib/python3.12/dist-packages/vcs_versioning/_get_version_impl.py", line 339, in get_version
          _version_missing(config)
        File "/usr/local/lib/python3.12/dist-packages/vcs_versioning/_get_version_impl.py", line 263, in _version_missing
          raise LookupError(error_msg)
      LookupError: setuptools-scm was unable to detect version for /workspace/vllm/RiverEdge/river-vllm-edge/third_party/vllm.
      
      Make sure you're either building from a fully intact git repository or PyPI tarballs. Most other sources (such as GitHub's tarballs, a git checkout without the .git folder) don't contain the necessary metadata and will not work.
      
      For example, if you're using pip, instead of https://github.com/user/proj/archive/master.zip use git+https://github.com/user/proj.git#egg=proj
      
      Alternatively, set the version with the environment variable SETUPTOOLS_SCM_PRETEND_VERSION_FOR_${NORMALIZED_DIST_NAME} as described in https://setuptools-scm.readthedocs.io/en/latest/config/
      [end of output]
  
  note: This error originates from a subprocess, and is likely not a problem with pip.
error: metadata-generation-failed

× Encountered error while generating package metadata.
╰─> from file:///workspace/vllm/RiverEdge/river-vllm-edge/third_party/vllm

note: This is an issue with the package mentioned above, not pip.
hint: See above for details.
