NVTX Range,Style,PID,TID,NVTX Inst,Kern Inst,Total Time (ns),Avg (ns),Med (ns),Min (ns),Max (ns),StdDev (ns),Kernel Name
:layer.01.fp.attention,PushPop,2042,2042,31,62,15989152,257889.5,262432.0,201088,335264,50915.0,ampere_bf16_s16816gemm_bf16_64x64_sliced1x2_ldg8_f2f_stages_64x5_tn
:layer.01.fp.attention,PushPop,2042,2042,1,2,1185952,592976.0,592976.0,517376,668576,106914.5,ampere_bf16_s16816gemm_bf16_128x128_ldg8_f2f_stages_32x5_tn
:layer.01.fp.attention,PushPop,2042,2042,31,31,427616,13794.1,12736.0,11840,17056,1873.0,"void flash::flash_fwd_splitkv_kernel<Flash_fwd_kernel_traits<(int)128, (int)64, (int)128, (int)4, (bool)0, (bool)0, cutlass::bfloat16_t, Flash_kernel_traits<(int)128, (int)64, (int)128, (int)4, cutlass::bfloat16_t>>, (bool)0, (bool)0, (bool)0, (bool)0, (bool)1, (bool)0, (bool)0, (bool)0>(flash::Flash_fwd_params)"
:layer.01.fp.attention,PushPop,2042,2042,32,32,344736,10773.0,9520.0,8736,37856,5048.8,"void vllm::rotary_embedding_kernel<c10::BFloat16, c10::BFloat16, (bool)1>(const long *, T1 *, T1 *, const T2 *, int, long, long, long, int, int, int, long, bool)"
:layer.01.fp.attention,PushPop,2042,2042,32,32,233760,7305.0,6544.0,5600,20960,2639.7,"void vllm::reshape_and_cache_flash_kernel<__nv_bfloat16, __nv_bfloat16, (vllm::Fp8KVCacheDataType)0>(const T1 *, const T1 *, T2 *, T2 *, const long *, long, long, long, long, long, int, int, int, const float *, const float *, int)"
:layer.01.fp.attention,PushPop,2042,2042,1,1,64864,64864.0,64864.0,64864,64864,0.0,"void flash::flash_fwd_splitkv_kernel<Flash_fwd_kernel_traits<(int)128, (int)64, (int)128, (int)4, (bool)0, (bool)0, cutlass::bfloat16_t, Flash_kernel_traits<(int)128, (int)64, (int)128, (int)4, cutlass::bfloat16_t>>, (bool)1, (bool)0, (bool)0, (bool)0, (bool)1, (bool)0, (bool)0, (bool)0>(flash::Flash_fwd_params)"
:layer.01.fp.input_norm,PushPop,2042,2042,32,32,167616,5238.0,4464.0,4064,19392,2662.9,"void vllm::rms_norm_kernel<c10::BFloat16, (int)8, (int)2, (bool)1>(T1 *, const T1 *, long, long, long, long, long, const T1 *, float, int, int)"
:layer.01.fp.mlp,PushPop,2042,2042,31,62,64501760,1040351.0,1051776.0,703680,1472320,321271.1,ampere_bf16_s16816gemm_bf16_64x64_sliced1x2_ldg8_f2f_stages_64x5_tn
:layer.01.fp.mlp,PushPop,2042,2042,1,2,5805280,2902640.0,2902640.0,2887200,2918080,21835.5,ampere_bf16_s16816gemm_bf16_128x128_ldg8_f2f_stages_32x5_tn
:layer.01.fp.mlp,PushPop,2042,2042,32,32,365056,11408.0,8608.0,7648,85472,13569.5,"void vllm::act_and_mul_kernel<c10::BFloat16, __nv_bfloat162, &vllm::silu_kernel<c10::BFloat16>, &vllm::packed_silu_kernel<__nv_bfloat162>, (bool)1, (bool)1, (bool)0, (bool)0>(T1 *, const T1 *, int, float, float, float)"
:layer.01.fp.post_attn_norm,PushPop,2042,2042,32,32,250752,7836.0,6432.0,6016,40512,6014.9,"std::enable_if<T2>(int)0&&vllm::_typeConvert<T1>::exists, void>::type vllm::fused_add_rms_norm_kernel<c10::BFloat16, (int)8, (bool)1>(T1 *, long, T1 *, const T1 *, float, int, int)"
:layer.01.fp.total,PushPop,2042,2042,31,124,80490912,649120.3,519472.0,201088,1472320,454730.1,ampere_bf16_s16816gemm_bf16_64x64_sliced1x2_ldg8_f2f_stages_64x5_tn
:layer.01.fp.total,PushPop,2042,2042,1,4,6991232,1747808.0,1777888.0,517376,2918080,1334972.6,ampere_bf16_s16816gemm_bf16_128x128_ldg8_f2f_stages_32x5_tn
:layer.01.fp.total,PushPop,2042,2042,31,31,427616,13794.1,12736.0,11840,17056,1873.0,"void flash::flash_fwd_splitkv_kernel<Flash_fwd_kernel_traits<(int)128, (int)64, (int)128, (int)4, (bool)0, (bool)0, cutlass::bfloat16_t, Flash_kernel_traits<(int)128, (int)64, (int)128, (int)4, cutlass::bfloat16_t>>, (bool)0, (bool)0, (bool)0, (bool)0, (bool)1, (bool)0, (bool)0, (bool)0>(flash::Flash_fwd_params)"
:layer.01.fp.total,PushPop,2042,2042,32,32,365056,11408.0,8608.0,7648,85472,13569.5,"void vllm::act_and_mul_kernel<c10::BFloat16, __nv_bfloat162, &vllm::silu_kernel<c10::BFloat16>, &vllm::packed_silu_kernel<__nv_bfloat162>, (bool)1, (bool)1, (bool)0, (bool)0>(T1 *, const T1 *, int, float, float, float)"
:layer.01.fp.total,PushPop,2042,2042,32,32,344736,10773.0,9520.0,8736,37856,5048.8,"void vllm::rotary_embedding_kernel<c10::BFloat16, c10::BFloat16, (bool)1>(const long *, T1 *, T1 *, const T2 *, int, long, long, long, int, int, int, long, bool)"
:layer.01.fp.total,PushPop,2042,2042,32,32,250752,7836.0,6432.0,6016,40512,6014.9,"std::enable_if<T2>(int)0&&vllm::_typeConvert<T1>::exists, void>::type vllm::fused_add_rms_norm_kernel<c10::BFloat16, (int)8, (bool)1>(T1 *, long, T1 *, const T1 *, float, int, int)"
:layer.01.fp.total,PushPop,2042,2042,32,32,233760,7305.0,6544.0,5600,20960,2639.7,"void vllm::reshape_and_cache_flash_kernel<__nv_bfloat16, __nv_bfloat16, (vllm::Fp8KVCacheDataType)0>(const T1 *, const T1 *, T2 *, T2 *, const long *, long, long, long, long, long, int, int, int, const float *, const float *, int)"
:layer.01.fp.total,PushPop,2042,2042,32,32,167616,5238.0,4464.0,4064,19392,2662.9,"void vllm::rms_norm_kernel<c10::BFloat16, (int)8, (int)2, (bool)1>(T1 *, const T1 *, long, long, long, long, long, const T1 *, float, int, int)"
:layer.01.fp.total,PushPop,2042,2042,1,1,64864,64864.0,64864.0,64864,64864,0.0,"void flash::flash_fwd_splitkv_kernel<Flash_fwd_kernel_traits<(int)128, (int)64, (int)128, (int)4, (bool)0, (bool)0, cutlass::bfloat16_t, Flash_kernel_traits<(int)128, (int)64, (int)128, (int)4, cutlass::bfloat16_t>>, (bool)1, (bool)0, (bool)0, (bool)0, (bool)1, (bool)0, (bool)0, (bool)0>(flash::Flash_fwd_params)"
:layer.02.fp.attention,PushPop,2042,2042,31,62,16024640,258461.9,262976.0,200160,338720,51491.0,ampere_bf16_s16816gemm_bf16_64x64_sliced1x2_ldg8_f2f_stages_64x5_tn
:layer.02.fp.attention,PushPop,2042,2042,1,2,1382080,691040.0,691040.0,616064,766016,106032.1,ampere_bf16_s16816gemm_bf16_128x128_ldg8_f2f_stages_32x5_tn
:layer.02.fp.attention,PushPop,2042,2042,31,31,391776,12637.9,11936.0,10592,15680,1756.7,"void flash::flash_fwd_splitkv_kernel<Flash_fwd_kernel_traits<(int)128, (int)64, (int)128, (int)4, (bool)0, (bool)0, cutlass::bfloat16_t, Flash_kernel_traits<(int)128, (int)64, (int)128, (int)4, cutlass::bfloat16_t>>, (bool)0, (bool)0, (bool)0, (bool)0, (bool)1, (bool)0, (bool)0, (bool)0>(flash::Flash_fwd_params)"
:layer.02.fp.attention,PushPop,2042,2042,32,32,343520,10735.0,9456.0,8480,39744,5404.6,"void vllm::rotary_embedding_kernel<c10::BFloat16, c10::BFloat16, (bool)1>(const long *, T1 *, T1 *, const T2 *, int, long, long, long, int, int, int, long, bool)"
:layer.02.fp.attention,PushPop,2042,2042,32,32,220192,6881.0,6160.0,5216,21920,2860.5,"void vllm::reshape_and_cache_flash_kernel<__nv_bfloat16, __nv_bfloat16, (vllm::Fp8KVCacheDataType)0>(const T1 *, const T1 *, T2 *, T2 *, const long *, long, long, long, long, long, int, int, int, const float *, const float *, int)"
:layer.02.fp.attention,PushPop,2042,2042,1,1,63264,63264.0,63264.0,63264,63264,0.0,"void flash::flash_fwd_splitkv_kernel<Flash_fwd_kernel_traits<(int)128, (int)64, (int)128, (int)4, (bool)0, (bool)0, cutlass::bfloat16_t, Flash_kernel_traits<(int)128, (int)64, (int)128, (int)4, cutlass::bfloat16_t>>, (bool)1, (bool)0, (bool)0, (bool)0, (bool)1, (bool)0, (bool)0, (bool)0>(flash::Flash_fwd_params)"
:layer.02.fp.input_norm,PushPop,2042,2042,32,32,259872,8121.0,6688.0,6048,45312,6837.1,"std::enable_if<T2>(int)0&&vllm::_typeConvert<T1>::exists, void>::type vllm::fused_add_rms_norm_kernel<c10::BFloat16, (int)8, (bool)1>(T1 *, long, T1 *, const T1 *, float, int, int)"
:layer.02.fp.mlp,PushPop,2042,2042,31,62,64545248,1041052.4,1051152.0,702304,1464768,321695.6,ampere_bf16_s16816gemm_bf16_64x64_sliced1x2_ldg8_f2f_stages_64x5_tn
:layer.02.fp.mlp,PushPop,2042,2042,1,2,6876832,3438416.0,3438416.0,3320640,3556192,166560.4,ampere_bf16_s16816gemm_bf16_128x128_ldg8_f2f_stages_32x5_tn
:layer.02.fp.mlp,PushPop,2042,2042,32,32,369888,11559.0,8512.0,7456,94752,15240.3,"void vllm::act_and_mul_kernel<c10::BFloat16, __nv_bfloat162, &vllm::silu_kernel<c10::BFloat16>, &vllm::packed_silu_kernel<__nv_bfloat162>, (bool)1, (bool)1, (bool)0, (bool)0>(T1 *, const T1 *, int, float, float, float)"
:layer.02.fp.post_attn_norm,PushPop,2042,2042,32,32,258368,8074.0,6544.0,6048,44128,6635.1,"std::enable_if<T2>(int)0&&vllm::_typeConvert<T1>::exists, void>::type vllm::fused_add_rms_norm_kernel<c10::BFloat16, (int)8, (bool)1>(T1 *, long, T1 *, const T1 *, float, int, int)"
:layer.02.fp.total,PushPop,2042,2042,31,124,80569888,649757.2,520512.0,200160,1464768,454967.0,ampere_bf16_s16816gemm_bf16_64x64_sliced1x2_ldg8_f2f_stages_64x5_tn
:layer.02.fp.total,PushPop,2042,2042,1,4,8258912,2064728.0,2043328.0,616064,3556192,1590289.3,ampere_bf16_s16816gemm_bf16_128x128_ldg8_f2f_stages_32x5_tn
:layer.02.fp.total,PushPop,2042,2042,32,64,518240,8097.5,6656.0,6048,45312,6683.2,"std::enable_if<T2>(int)0&&vllm::_typeConvert<T1>::exists, void>::type vllm::fused_add_rms_norm_kernel<c10::BFloat16, (int)8, (bool)1>(T1 *, long, T1 *, const T1 *, float, int, int)"
:layer.02.fp.total,PushPop,2042,2042,31,31,391776,12637.9,11936.0,10592,15680,1756.7,"void flash::flash_fwd_splitkv_kernel<Flash_fwd_kernel_traits<(int)128, (int)64, (int)128, (int)4, (bool)0, (bool)0, cutlass::bfloat16_t, Flash_kernel_traits<(int)128, (int)64, (int)128, (int)4, cutlass::bfloat16_t>>, (bool)0, (bool)0, (bool)0, (bool)0, (bool)1, (bool)0, (bool)0, (bool)0>(flash::Flash_fwd_params)"
:layer.02.fp.total,PushPop,2042,2042,32,32,369888,11559.0,8512.0,7456,94752,15240.3,"void vllm::act_and_mul_kernel<c10::BFloat16, __nv_bfloat162, &vllm::silu_kernel<c10::BFloat16>, &vllm::packed_silu_kernel<__nv_bfloat162>, (bool)1, (bool)1, (bool)0, (bool)0>(T1 *, const T1 *, int, float, float, float)"
:layer.02.fp.total,PushPop,2042,2042,32,32,343520,10735.0,9456.0,8480,39744,5404.6,"void vllm::rotary_embedding_kernel<c10::BFloat16, c10::BFloat16, (bool)1>(const long *, T1 *, T1 *, const T2 *, int, long, long, long, int, int, int, long, bool)"
:layer.02.fp.total,PushPop,2042,2042,32,32,220192,6881.0,6160.0,5216,21920,2860.5,"void vllm::reshape_and_cache_flash_kernel<__nv_bfloat16, __nv_bfloat16, (vllm::Fp8KVCacheDataType)0>(const T1 *, const T1 *, T2 *, T2 *, const long *, long, long, long, long, long, int, int, int, const float *, const float *, int)"
:layer.02.fp.total,PushPop,2042,2042,1,1,63264,63264.0,63264.0,63264,63264,0.0,"void flash::flash_fwd_splitkv_kernel<Flash_fwd_kernel_traits<(int)128, (int)64, (int)128, (int)4, (bool)0, (bool)0, cutlass::bfloat16_t, Flash_kernel_traits<(int)128, (int)64, (int)128, (int)4, cutlass::bfloat16_t>>, (bool)1, (bool)0, (bool)0, (bool)0, (bool)1, (bool)0, (bool)0, (bool)0>(flash::Flash_fwd_params)"
:layer.03.fp.attention,PushPop,2042,2042,31,62,16055200,258954.8,262976.0,201984,337824,50744.4,ampere_bf16_s16816gemm_bf16_64x64_sliced1x2_ldg8_f2f_stages_64x5_tn
:layer.03.fp.attention,PushPop,2042,2042,1,2,1431168,715584.0,715584.0,631168,800000,119382.3,ampere_bf16_s16816gemm_bf16_128x128_ldg8_f2f_stages_32x5_tn
:layer.03.fp.attention,PushPop,2042,2042,31,31,416352,13430.7,12608.0,11328,16352,1775.1,"void flash::flash_fwd_splitkv_kernel<Flash_fwd_kernel_traits<(int)128, (int)64, (int)128, (int)4, (bool)0, (bool)0, cutlass::bfloat16_t, Flash_kernel_traits<(int)128, (int)64, (int)128, (int)4, cutlass::bfloat16_t>>, (bool)0, (bool)0, (bool)0, (bool)0, (bool)1, (bool)0, (bool)0, (bool)0>(flash::Flash_fwd_params)"
:layer.03.fp.attention,PushPop,2042,2042,32,32,364224,11382.0,9984.0,8992,46720,6555.0,"void vllm::rotary_embedding_kernel<c10::BFloat16, c10::BFloat16, (bool)1>(const long *, T1 *, T1 *, const T2 *, int, long, long, long, int, int, int, long, bool)"
:layer.03.fp.attention,PushPop,2042,2042,32,32,222880,6965.0,6064.0,5120,23936,3203.7,"void vllm::reshape_and_cache_flash_kernel<__nv_bfloat16, __nv_bfloat16, (vllm::Fp8KVCacheDataType)0>(const T1 *, const T1 *, T2 *, T2 *, const long *, long, long, long, long, long, int, int, int, const float *, const float *, int)"
:layer.03.fp.attention,PushPop,2042,2042,1,1,72160,72160.0,72160.0,72160,72160,0.0,"void flash::flash_fwd_splitkv_kernel<Flash_fwd_kernel_traits<(int)128, (int)64, (int)128, (int)4, (bool)0, (bool)0, cutlass::bfloat16_t, Flash_kernel_traits<(int)128, (int)64, (int)128, (int)4, cutlass::bfloat16_t>>, (bool)1, (bool)0, (bool)0, (bool)0, (bool)1, (bool)0, (bool)0, (bool)0>(flash::Flash_fwd_params)"
:layer.03.fp.input_norm,PushPop,2042,2042,32,32,271104,8472.0,6720.0,6048,54528,8445.1,"std::enable_if<T2>(int)0&&vllm::_typeConvert<T1>::exists, void>::type vllm::fused_add_rms_norm_kernel<c10::BFloat16, (int)8, (bool)1>(T1 *, long, T1 *, const T1 *, float, int, int)"
:layer.03.fp.mlp,PushPop,2042,2042,31,62,64719968,1043870.5,1051472.0,702560,1472512,322959.6,ampere_bf16_s16816gemm_bf16_64x64_sliced1x2_ldg8_f2f_stages_64x5_tn
:layer.03.fp.mlp,PushPop,2042,2042,1,2,7160288,3580144.0,3580144.0,3565632,3594656,20523.1,ampere_bf16_s16816gemm_bf16_128x128_ldg8_f2f_stages_32x5_tn
:layer.03.fp.mlp,PushPop,2042,2042,32,32,388992,12156.0,8640.0,7968,104224,16846.9,"void vllm::act_and_mul_kernel<c10::BFloat16, __nv_bfloat162, &vllm::silu_kernel<c10::BFloat16>, &vllm::packed_silu_kernel<__nv_bfloat162>, (bool)1, (bool)1, (bool)0, (bool)0>(T1 *, const T1 *, int, float, float, float)"
:layer.03.fp.post_attn_norm,PushPop,2042,2042,32,32,246848,7714.0,6160.0,5536,48352,7460.6,"std::enable_if<T2>(int)0&&vllm::_typeConvert<T1>::exists, void>::type vllm::fused_add_rms_norm_kernel<c10::BFloat16, (int)8, (bool)1>(T1 *, long, T1 *, const T1 *, float, int, int)"
:layer.03.fp.total,PushPop,2042,2042,31,124,80775168,651412.6,520192.0,201984,1472512,456376.9,ampere_bf16_s16816gemm_bf16_64x64_sliced1x2_ldg8_f2f_stages_64x5_tn
:layer.03.fp.total,PushPop,2042,2042,1,4,8591456,2147864.0,2182816.0,631168,3594656,1655332.5,ampere_bf16_s16816gemm_bf16_128x128_ldg8_f2f_stages_32x5_tn
:layer.03.fp.total,PushPop,2042,2042,32,64,517952,8093.0,6464.0,5536,54528,7913.8,"std::enable_if<T2>(int)0&&vllm::_typeConvert<T1>::exists, void>::type vllm::fused_add_rms_norm_kernel<c10::BFloat16, (int)8, (bool)1>(T1 *, long, T1 *, const T1 *, float, int, int)"
:layer.03.fp.total,PushPop,2042,2042,31,31,416352,13430.7,12608.0,11328,16352,1775.1,"void flash::flash_fwd_splitkv_kernel<Flash_fwd_kernel_traits<(int)128, (int)64, (int)128, (int)4, (bool)0, (bool)0, cutlass::bfloat16_t, Flash_kernel_traits<(int)128, (int)64, (int)128, (int)4, cutlass::bfloat16_t>>, (bool)0, (bool)0, (bool)0, (bool)0, (bool)1, (bool)0, (bool)0, (bool)0>(flash::Flash_fwd_params)"
:layer.03.fp.total,PushPop,2042,2042,32,32,388992,12156.0,8640.0,7968,104224,16846.9,"void vllm::act_and_mul_kernel<c10::BFloat16, __nv_bfloat162, &vllm::silu_kernel<c10::BFloat16>, &vllm::packed_silu_kernel<__nv_bfloat162>, (bool)1, (bool)1, (bool)0, (bool)0>(T1 *, const T1 *, int, float, float, float)"
:layer.03.fp.total,PushPop,2042,2042,32,32,364224,11382.0,9984.0,8992,46720,6555.0,"void vllm::rotary_embedding_kernel<c10::BFloat16, c10::BFloat16, (bool)1>(const long *, T1 *, T1 *, const T2 *, int, long, long, long, int, int, int, long, bool)"
:layer.03.fp.total,PushPop,2042,2042,32,32,222880,6965.0,6064.0,5120,23936,3203.7,"void vllm::reshape_and_cache_flash_kernel<__nv_bfloat16, __nv_bfloat16, (vllm::Fp8KVCacheDataType)0>(const T1 *, const T1 *, T2 *, T2 *, const long *, long, long, long, long, long, int, int, int, const float *, const float *, int)"
:layer.03.fp.total,PushPop,2042,2042,1,1,72160,72160.0,72160.0,72160,72160,0.0,"void flash::flash_fwd_splitkv_kernel<Flash_fwd_kernel_traits<(int)128, (int)64, (int)128, (int)4, (bool)0, (bool)0, cutlass::bfloat16_t, Flash_kernel_traits<(int)128, (int)64, (int)128, (int)4, cutlass::bfloat16_t>>, (bool)1, (bool)0, (bool)0, (bool)0, (bool)1, (bool)0, (bool)0, (bool)0>(flash::Flash_fwd_params)"
:layer.04.fp.attention,PushPop,2042,2042,1,2,1439584,719792.0,719792.0,626528,813056,131895.2,ampere_bf16_s16816gemm_bf16_128x128_ldg8_f2f_stages_32x5_tn
:layer.04.fp.attention,PushPop,2042,2042,1,1,67744,67744.0,67744.0,67744,67744,0.0,"void flash::flash_fwd_splitkv_kernel<Flash_fwd_kernel_traits<(int)128, (int)64, (int)128, (int)4, (bool)0, (bool)0, cutlass::bfloat16_t, Flash_kernel_traits<(int)128, (int)64, (int)128, (int)4, cutlass::bfloat16_t>>, (bool)1, (bool)0, (bool)0, (bool)0, (bool)1, (bool)0, (bool)0, (bool)0>(flash::Flash_fwd_params)"
:layer.04.fp.attention,PushPop,2042,2042,1,1,45984,45984.0,45984.0,45984,45984,0.0,"void vllm::rotary_embedding_kernel<c10::BFloat16, c10::BFloat16, (bool)1>(const long *, T1 *, T1 *, const T2 *, int, long, long, long, int, int, int, long, bool)"
:layer.04.fp.attention,PushPop,2042,2042,1,1,24576,24576.0,24576.0,24576,24576,0.0,"void vllm::reshape_and_cache_flash_kernel<__nv_bfloat16, __nv_bfloat16, (vllm::Fp8KVCacheDataType)0>(const T1 *, const T1 *, T2 *, T2 *, const long *, long, long, long, long, long, int, int, int, const float *, const float *, int)"
:layer.04.fp.input_norm,PushPop,2042,2042,32,32,270208,8444.0,6736.0,6080,53536,8273.8,"std::enable_if<T2>(int)0&&vllm::_typeConvert<T1>::exists, void>::type vllm::fused_add_rms_norm_kernel<c10::BFloat16, (int)8, (bool)1>(T1 *, long, T1 *, const T1 *, float, int, int)"
:layer.04.fp.mlp,PushPop,2042,2042,1,2,7143616,3571808.0,3571808.0,3549952,3593664,30909.1,ampere_bf16_s16816gemm_bf16_128x128_ldg8_f2f_stages_32x5_tn
:layer.04.fp.mlp,PushPop,2042,2042,1,1,101728,101728.0,101728.0,101728,101728,0.0,"void vllm::act_and_mul_kernel<c10::BFloat16, __nv_bfloat162, &vllm::silu_kernel<c10::BFloat16>, &vllm::packed_silu_kernel<__nv_bfloat162>, (bool)1, (bool)1, (bool)0, (bool)0>(T1 *, const T1 *, int, float, float, float)"
:layer.04.fp.post_attn_norm,PushPop,2042,2042,32,32,245856,7683.0,6272.0,5440,47712,7350.0,"std::enable_if<T2>(int)0&&vllm::_typeConvert<T1>::exists, void>::type vllm::fused_add_rms_norm_kernel<c10::BFloat16, (int)8, (bool)1>(T1 *, long, T1 *, const T1 *, float, int, int)"
:layer.04.fp.total,PushPop,2042,2042,1,4,8583200,2145800.0,2181504.0,626528,3593664,1648468.7,ampere_bf16_s16816gemm_bf16_128x128_ldg8_f2f_stages_32x5_tn
:layer.04.fp.total,PushPop,2042,2042,1,1,101728,101728.0,101728.0,101728,101728,0.0,"void vllm::act_and_mul_kernel<c10::BFloat16, __nv_bfloat162, &vllm::silu_kernel<c10::BFloat16>, &vllm::packed_silu_kernel<__nv_bfloat162>, (bool)1, (bool)1, (bool)0, (bool)0>(T1 *, const T1 *, int, float, float, float)"
:layer.04.fp.total,PushPop,2042,2042,1,2,101248,50624.0,50624.0,47712,53536,4118.2,"std::enable_if<T2>(int)0&&vllm::_typeConvert<T1>::exists, void>::type vllm::fused_add_rms_norm_kernel<c10::BFloat16, (int)8, (bool)1>(T1 *, long, T1 *, const T1 *, float, int, int)"
:layer.04.fp.total,PushPop,2042,2042,1,1,67744,67744.0,67744.0,67744,67744,0.0,"void flash::flash_fwd_splitkv_kernel<Flash_fwd_kernel_traits<(int)128, (int)64, (int)128, (int)4, (bool)0, (bool)0, cutlass::bfloat16_t, Flash_kernel_traits<(int)128, (int)64, (int)128, (int)4, cutlass::bfloat16_t>>, (bool)1, (bool)0, (bool)0, (bool)0, (bool)1, (bool)0, (bool)0, (bool)0>(flash::Flash_fwd_params)"
:layer.04.fp.total,PushPop,2042,2042,1,1,45984,45984.0,45984.0,45984,45984,0.0,"void vllm::rotary_embedding_kernel<c10::BFloat16, c10::BFloat16, (bool)1>(const long *, T1 *, T1 *, const T2 *, int, long, long, long, int, int, int, long, bool)"
:layer.04.fp.total,PushPop,2042,2042,1,1,24576,24576.0,24576.0,24576,24576,0.0,"void vllm::reshape_and_cache_flash_kernel<__nv_bfloat16, __nv_bfloat16, (vllm::Fp8KVCacheDataType)0>(const T1 *, const T1 *, T2 *, T2 *, const long *, long, long, long, long, long, int, int, int, const float *, const float *, int)"
:layer.04.ptq.attention,PushPop,2042,2042,31,62,5911360,95344.5,96384.0,68512,133440,21291.6,"void at::native::tinygemm_m16n8k16_chunk_kernel<at::native::ALayout_RM<(at::native::KReductionType)0>, at::native::BLayout_TC_int4<(int)8, (int)64>, at::native::ALayout_RM<(at::native::KReductionType)0>, (int)8, (int)8>(const void *, const void *, const void *, void *, int, int, int, int, int, int)"
:layer.04.ptq.attention,PushPop,2042,2042,31,31,424096,13680.5,13408.0,11552,16992,1847.7,"void flash::flash_fwd_splitkv_kernel<Flash_fwd_kernel_traits<(int)128, (int)64, (int)128, (int)4, (bool)0, (bool)0, cutlass::bfloat16_t, Flash_kernel_traits<(int)128, (int)64, (int)128, (int)4, cutlass::bfloat16_t>>, (bool)0, (bool)0, (bool)0, (bool)0, (bool)1, (bool)0, (bool)0, (bool)0>(flash::Flash_fwd_params)"
:layer.04.ptq.attention,PushPop,2042,2042,31,31,316288,10202.8,9536.0,8928,12192,1202.4,"void vllm::rotary_embedding_kernel<c10::BFloat16, c10::BFloat16, (bool)1>(const long *, T1 *, T1 *, const T2 *, int, long, long, long, int, int, int, long, bool)"
:layer.04.ptq.attention,PushPop,2042,2042,31,31,199200,6425.8,6048.0,5376,7744,844.4,"void vllm::reshape_and_cache_flash_kernel<__nv_bfloat16, __nv_bfloat16, (vllm::Fp8KVCacheDataType)0>(const T1 *, const T1 *, T2 *, T2 *, const long *, long, long, long, long, long, int, int, int, const float *, const float *, int)"
:layer.04.ptq.mlp,PushPop,2042,2042,31,62,22490016,362742.2,358848.0,205568,587040,140067.3,"void at::native::tinygemm_m16n8k16_chunk_kernel<at::native::ALayout_RM<(at::native::KReductionType)0>, at::native::BLayout_TC_int4<(int)8, (int)64>, at::native::ALayout_RM<(at::native::KReductionType)0>, (int)8, (int)8>(const void *, const void *, const void *, void *, int, int, int, int, int, int)"
:layer.04.ptq.mlp,PushPop,2042,2042,31,31,276800,8929.0,8480.0,7520,11008,1379.7,"void vllm::act_and_mul_kernel<c10::BFloat16, __nv_bfloat162, &vllm::silu_kernel<c10::BFloat16>, &vllm::packed_silu_kernel<__nv_bfloat162>, (bool)1, (bool)1, (bool)0, (bool)0>(T1 *, const T1 *, int, float, float, float)"
:layer.04.ptq.total,PushPop,2042,2042,31,124,28401376,229043.4,169504.0,68512,587040,167257.9,"void at::native::tinygemm_m16n8k16_chunk_kernel<at::native::ALayout_RM<(at::native::KReductionType)0>, at::native::BLayout_TC_int4<(int)8, (int)64>, at::native::ALayout_RM<(at::native::KReductionType)0>, (int)8, (int)8>(const void *, const void *, const void *, void *, int, int, int, int, int, int)"
:layer.04.ptq.total,PushPop,2042,2042,31,31,424096,13680.5,13408.0,11552,16992,1847.7,"void flash::flash_fwd_splitkv_kernel<Flash_fwd_kernel_traits<(int)128, (int)64, (int)128, (int)4, (bool)0, (bool)0, cutlass::bfloat16_t, Flash_kernel_traits<(int)128, (int)64, (int)128, (int)4, cutlass::bfloat16_t>>, (bool)0, (bool)0, (bool)0, (bool)0, (bool)1, (bool)0, (bool)0, (bool)0>(flash::Flash_fwd_params)"
:layer.04.ptq.total,PushPop,2042,2042,31,62,414816,6690.6,6416.0,5440,8288,900.5,"std::enable_if<T2>(int)0&&vllm::_typeConvert<T1>::exists, void>::type vllm::fused_add_rms_norm_kernel<c10::BFloat16, (int)8, (bool)1>(T1 *, long, T1 *, const T1 *, float, int, int)"
:layer.04.ptq.total,PushPop,2042,2042,31,31,316288,10202.8,9536.0,8928,12192,1202.4,"void vllm::rotary_embedding_kernel<c10::BFloat16, c10::BFloat16, (bool)1>(const long *, T1 *, T1 *, const T2 *, int, long, long, long, int, int, int, long, bool)"
:layer.04.ptq.total,PushPop,2042,2042,31,31,276800,8929.0,8480.0,7520,11008,1379.7,"void vllm::act_and_mul_kernel<c10::BFloat16, __nv_bfloat162, &vllm::silu_kernel<c10::BFloat16>, &vllm::packed_silu_kernel<__nv_bfloat162>, (bool)1, (bool)1, (bool)0, (bool)0>(T1 *, const T1 *, int, float, float, float)"
:layer.04.ptq.total,PushPop,2042,2042,31,31,199200,6425.8,6048.0,5376,7744,844.4,"void vllm::reshape_and_cache_flash_kernel<__nv_bfloat16, __nv_bfloat16, (vllm::Fp8KVCacheDataType)0>(const T1 *, const T1 *, T2 *, T2 *, const long *, long, long, long, long, long, int, int, int, const float *, const float *, int)"
:layer.05.fp.attention,PushPop,2042,2042,1,2,960384,480192.0,480192.0,402464,557920,109924.0,ampere_bf16_s16816gemm_bf16_128x128_ldg8_f2f_stages_32x5_tn
:layer.05.fp.attention,PushPop,2042,2042,1,1,61472,61472.0,61472.0,61472,61472,0.0,"void flash::flash_fwd_splitkv_kernel<Flash_fwd_kernel_traits<(int)128, (int)64, (int)128, (int)4, (bool)0, (bool)0, cutlass::bfloat16_t, Flash_kernel_traits<(int)128, (int)64, (int)128, (int)4, cutlass::bfloat16_t>>, (bool)1, (bool)0, (bool)0, (bool)0, (bool)1, (bool)0, (bool)0, (bool)0>(flash::Flash_fwd_params)"
:layer.05.fp.attention,PushPop,2042,2042,1,1,39200,39200.0,39200.0,39200,39200,0.0,"void vllm::rotary_embedding_kernel<c10::BFloat16, c10::BFloat16, (bool)1>(const long *, T1 *, T1 *, const T2 *, int, long, long, long, int, int, int, long, bool)"
:layer.05.fp.attention,PushPop,2042,2042,1,1,20448,20448.0,20448.0,20448,20448,0.0,"void vllm::reshape_and_cache_flash_kernel<__nv_bfloat16, __nv_bfloat16, (vllm::Fp8KVCacheDataType)0>(const T1 *, const T1 *, T2 *, T2 *, const long *, long, long, long, long, long, int, int, int, const float *, const float *, int)"
:layer.05.fp.input_norm,PushPop,2042,2042,32,32,244992,7656.0,6352.0,5568,43488,6589.3,"std::enable_if<T2>(int)0&&vllm::_typeConvert<T1>::exists, void>::type vllm::fused_add_rms_norm_kernel<c10::BFloat16, (int)8, (bool)1>(T1 *, long, T1 *, const T1 *, float, int, int)"
:layer.05.fp.mlp,PushPop,2042,2042,1,2,3400096,1700048.0,1700048.0,1645984,1754112,76458.0,ampere_bf16_s16816gemm_bf16_128x128_ldg8_f2f_stages_32x5_tn
:layer.05.fp.mlp,PushPop,2042,2042,1,1,58176,58176.0,58176.0,58176,58176,0.0,"void vllm::act_and_mul_kernel<c10::BFloat16, __nv_bfloat162, &vllm::silu_kernel<c10::BFloat16>, &vllm::packed_silu_kernel<__nv_bfloat162>, (bool)1, (bool)1, (bool)0, (bool)0>(T1 *, const T1 *, int, float, float, float)"
:layer.05.fp.post_attn_norm,PushPop,2042,2042,32,32,226336,7073.0,6320.0,5536,27520,3816.2,"std::enable_if<T2>(int)0&&vllm::_typeConvert<T1>::exists, void>::type vllm::fused_add_rms_norm_kernel<c10::BFloat16, (int)8, (bool)1>(T1 *, long, T1 *, const T1 *, float, int, int)"
:layer.05.fp.total,PushPop,2042,2042,1,4,4360480,1090120.0,1101952.0,402464,1754112,708514.4,ampere_bf16_s16816gemm_bf16_128x128_ldg8_f2f_stages_32x5_tn
:layer.05.fp.total,PushPop,2042,2042,1,2,71008,35504.0,35504.0,27520,43488,11291.1,"std::enable_if<T2>(int)0&&vllm::_typeConvert<T1>::exists, void>::type vllm::fused_add_rms_norm_kernel<c10::BFloat16, (int)8, (bool)1>(T1 *, long, T1 *, const T1 *, float, int, int)"
:layer.05.fp.total,PushPop,2042,2042,1,1,61472,61472.0,61472.0,61472,61472,0.0,"void flash::flash_fwd_splitkv_kernel<Flash_fwd_kernel_traits<(int)128, (int)64, (int)128, (int)4, (bool)0, (bool)0, cutlass::bfloat16_t, Flash_kernel_traits<(int)128, (int)64, (int)128, (int)4, cutlass::bfloat16_t>>, (bool)1, (bool)0, (bool)0, (bool)0, (bool)1, (bool)0, (bool)0, (bool)0>(flash::Flash_fwd_params)"
:layer.05.fp.total,PushPop,2042,2042,1,1,58176,58176.0,58176.0,58176,58176,0.0,"void vllm::act_and_mul_kernel<c10::BFloat16, __nv_bfloat162, &vllm::silu_kernel<c10::BFloat16>, &vllm::packed_silu_kernel<__nv_bfloat162>, (bool)1, (bool)1, (bool)0, (bool)0>(T1 *, const T1 *, int, float, float, float)"
:layer.05.fp.total,PushPop,2042,2042,1,1,39200,39200.0,39200.0,39200,39200,0.0,"void vllm::rotary_embedding_kernel<c10::BFloat16, c10::BFloat16, (bool)1>(const long *, T1 *, T1 *, const T2 *, int, long, long, long, int, int, int, long, bool)"
:layer.05.fp.total,PushPop,2042,2042,1,1,20448,20448.0,20448.0,20448,20448,0.0,"void vllm::reshape_and_cache_flash_kernel<__nv_bfloat16, __nv_bfloat16, (vllm::Fp8KVCacheDataType)0>(const T1 *, const T1 *, T2 *, T2 *, const long *, long, long, long, long, long, int, int, int, const float *, const float *, int)"
:layer.05.ptq.attention,PushPop,2042,2042,31,62,5854080,94420.6,94672.0,68352,132608,20885.8,"void at::native::tinygemm_m16n8k16_chunk_kernel<at::native::ALayout_RM<(at::native::KReductionType)0>, at::native::BLayout_TC_int4<(int)8, (int)64>, at::native::ALayout_RM<(at::native::KReductionType)0>, (int)8, (int)8>(const void *, const void *, const void *, void *, int, int, int, int, int, int)"
:layer.05.ptq.attention,PushPop,2042,2042,31,31,400672,12924.9,12384.0,10880,15488,1732.6,"void flash::flash_fwd_splitkv_kernel<Flash_fwd_kernel_traits<(int)128, (int)64, (int)128, (int)4, (bool)0, (bool)0, cutlass::bfloat16_t, Flash_kernel_traits<(int)128, (int)64, (int)128, (int)4, cutlass::bfloat16_t>>, (bool)0, (bool)0, (bool)0, (bool)0, (bool)1, (bool)0, (bool)0, (bool)0>(flash::Flash_fwd_params)"
:layer.05.ptq.attention,PushPop,2042,2042,31,31,272384,8786.6,8704.0,7456,10912,1151.5,"void vllm::rotary_embedding_kernel<c10::BFloat16, c10::BFloat16, (bool)1>(const long *, T1 *, T1 *, const T2 *, int, long, long, long, int, int, int, long, bool)"
:layer.05.ptq.attention,PushPop,2042,2042,31,31,201056,6485.7,6144.0,5376,7744,812.4,"void vllm::reshape_and_cache_flash_kernel<__nv_bfloat16, __nv_bfloat16, (vllm::Fp8KVCacheDataType)0>(const T1 *, const T1 *, T2 *, T2 *, const long *, long, long, long, long, long, int, int, int, const float *, const float *, int)"
:layer.05.ptq.mlp,PushPop,2042,2042,31,62,22620672,364849.5,360688.0,204960,587904,141663.1,"void at::native::tinygemm_m16n8k16_chunk_kernel<at::native::ALayout_RM<(at::native::KReductionType)0>, at::native::BLayout_TC_int4<(int)8, (int)64>, at::native::ALayout_RM<(at::native::KReductionType)0>, (int)8, (int)8>(const void *, const void *, const void *, void *, int, int, int, int, int, int)"
:layer.05.ptq.mlp,PushPop,2042,2042,31,31,278848,8995.1,8448.0,7456,11136,1380.7,"void vllm::act_and_mul_kernel<c10::BFloat16, __nv_bfloat162, &vllm::silu_kernel<c10::BFloat16>, &vllm::packed_silu_kernel<__nv_bfloat162>, (bool)1, (bool)1, (bool)0, (bool)0>(T1 *, const T1 *, int, float, float, float)"
:layer.05.ptq.total,PushPop,2042,2042,31,124,28474752,229635.1,168784.0,68352,587904,169117.0,"void at::native::tinygemm_m16n8k16_chunk_kernel<at::native::ALayout_RM<(at::native::KReductionType)0>, at::native::BLayout_TC_int4<(int)8, (int)64>, at::native::ALayout_RM<(at::native::KReductionType)0>, (int)8, (int)8>(const void *, const void *, const void *, void *, int, int, int, int, int, int)"
:layer.05.ptq.total,PushPop,2042,2042,31,31,400672,12924.9,12384.0,10880,15488,1732.6,"void flash::flash_fwd_splitkv_kernel<Flash_fwd_kernel_traits<(int)128, (int)64, (int)128, (int)4, (bool)0, (bool)0, cutlass::bfloat16_t, Flash_kernel_traits<(int)128, (int)64, (int)128, (int)4, cutlass::bfloat16_t>>, (bool)0, (bool)0, (bool)0, (bool)0, (bool)1, (bool)0, (bool)0, (bool)0>(flash::Flash_fwd_params)"
:layer.05.ptq.total,PushPop,2042,2042,31,62,400320,6456.8,6240.0,5536,7904,816.4,"std::enable_if<T2>(int)0&&vllm::_typeConvert<T1>::exists, void>::type vllm::fused_add_rms_norm_kernel<c10::BFloat16, (int)8, (bool)1>(T1 *, long, T1 *, const T1 *, float, int, int)"
:layer.05.ptq.total,PushPop,2042,2042,31,31,278848,8995.1,8448.0,7456,11136,1380.7,"void vllm::act_and_mul_kernel<c10::BFloat16, __nv_bfloat162, &vllm::silu_kernel<c10::BFloat16>, &vllm::packed_silu_kernel<__nv_bfloat162>, (bool)1, (bool)1, (bool)0, (bool)0>(T1 *, const T1 *, int, float, float, float)"
:layer.05.ptq.total,PushPop,2042,2042,31,31,272384,8786.6,8704.0,7456,10912,1151.5,"void vllm::rotary_embedding_kernel<c10::BFloat16, c10::BFloat16, (bool)1>(const long *, T1 *, T1 *, const T2 *, int, long, long, long, int, int, int, long, bool)"
:layer.05.ptq.total,PushPop,2042,2042,31,31,201056,6485.7,6144.0,5376,7744,812.4,"void vllm::reshape_and_cache_flash_kernel<__nv_bfloat16, __nv_bfloat16, (vllm::Fp8KVCacheDataType)0>(const T1 *, const T1 *, T2 *, T2 *, const long *, long, long, long, long, long, int, int, int, const float *, const float *, int)"
:layer.06.fp.attention,PushPop,2042,2042,1,2,618528,309264.0,309264.0,243584,374944,92885.5,ampere_bf16_s16816gemm_bf16_128x128_ldg8_f2f_stages_32x5_tn
:layer.06.fp.attention,PushPop,2042,2042,1,1,34240,34240.0,34240.0,34240,34240,0.0,"void flash::flash_fwd_splitkv_kernel<Flash_fwd_kernel_traits<(int)128, (int)64, (int)128, (int)4, (bool)0, (bool)0, cutlass::bfloat16_t, Flash_kernel_traits<(int)128, (int)64, (int)128, (int)4, cutlass::bfloat16_t>>, (bool)1, (bool)0, (bool)0, (bool)0, (bool)1, (bool)0, (bool)0, (bool)0>(flash::Flash_fwd_params)"
:layer.06.fp.attention,PushPop,2042,2042,1,1,31680,31680.0,31680.0,31680,31680,0.0,"void vllm::rotary_embedding_kernel<c10::BFloat16, c10::BFloat16, (bool)1>(const long *, T1 *, T1 *, const T2 *, int, long, long, long, int, int, int, long, bool)"
:layer.06.fp.attention,PushPop,2042,2042,1,1,17024,17024.0,17024.0,17024,17024,0.0,"void vllm::reshape_and_cache_flash_kernel<__nv_bfloat16, __nv_bfloat16, (vllm::Fp8KVCacheDataType)0>(const T1 *, const T1 *, T2 *, T2 *, const long *, long, long, long, long, long, int, int, int, const float *, const float *, int)"
:layer.06.fp.input_norm,PushPop,2042,2042,32,32,263360,8230.0,7264.0,6560,28928,3882.3,"std::enable_if<T2>(int)0&&vllm::_typeConvert<T1>::exists, void>::type vllm::fused_add_rms_norm_kernel<c10::BFloat16, (int)8, (bool)1>(T1 *, long, T1 *, const T1 *, float, int, int)"
:layer.06.fp.mlp,PushPop,2042,2042,1,2,2547680,1273840.0,1273840.0,1150560,1397120,174344.2,ampere_bf16_s16816gemm_bf16_128x128_ldg8_f2f_stages_32x5_tn
:layer.06.fp.mlp,PushPop,2042,2042,1,1,43296,43296.0,43296.0,43296,43296,0.0,"void vllm::act_and_mul_kernel<c10::BFloat16, __nv_bfloat162, &vllm::silu_kernel<c10::BFloat16>, &vllm::packed_silu_kernel<__nv_bfloat162>, (bool)1, (bool)1, (bool)0, (bool)0>(T1 *, const T1 *, int, float, float, float)"
:layer.06.fp.post_attn_norm,PushPop,2042,2042,32,32,219424,6857.0,6352.0,5472,19296,2383.4,"std::enable_if<T2>(int)0&&vllm::_typeConvert<T1>::exists, void>::type vllm::fused_add_rms_norm_kernel<c10::BFloat16, (int)8, (bool)1>(T1 *, long, T1 *, const T1 *, float, int, int)"
:layer.06.fp.total,PushPop,2042,2042,1,4,3166208,791552.0,762752.0,243584,1397120,568457.1,ampere_bf16_s16816gemm_bf16_128x128_ldg8_f2f_stages_32x5_tn
:layer.06.fp.total,PushPop,2042,2042,1,2,48224,24112.0,24112.0,19296,28928,6810.9,"std::enable_if<T2>(int)0&&vllm::_typeConvert<T1>::exists, void>::type vllm::fused_add_rms_norm_kernel<c10::BFloat16, (int)8, (bool)1>(T1 *, long, T1 *, const T1 *, float, int, int)"
:layer.06.fp.total,PushPop,2042,2042,1,1,43296,43296.0,43296.0,43296,43296,0.0,"void vllm::act_and_mul_kernel<c10::BFloat16, __nv_bfloat162, &vllm::silu_kernel<c10::BFloat16>, &vllm::packed_silu_kernel<__nv_bfloat162>, (bool)1, (bool)1, (bool)0, (bool)0>(T1 *, const T1 *, int, float, float, float)"
:layer.06.fp.total,PushPop,2042,2042,1,1,34240,34240.0,34240.0,34240,34240,0.0,"void flash::flash_fwd_splitkv_kernel<Flash_fwd_kernel_traits<(int)128, (int)64, (int)128, (int)4, (bool)0, (bool)0, cutlass::bfloat16_t, Flash_kernel_traits<(int)128, (int)64, (int)128, (int)4, cutlass::bfloat16_t>>, (bool)1, (bool)0, (bool)0, (bool)0, (bool)1, (bool)0, (bool)0, (bool)0>(flash::Flash_fwd_params)"
:layer.06.fp.total,PushPop,2042,2042,1,1,31680,31680.0,31680.0,31680,31680,0.0,"void vllm::rotary_embedding_kernel<c10::BFloat16, c10::BFloat16, (bool)1>(const long *, T1 *, T1 *, const T2 *, int, long, long, long, int, int, int, long, bool)"
:layer.06.fp.total,PushPop,2042,2042,1,1,17024,17024.0,17024.0,17024,17024,0.0,"void vllm::reshape_and_cache_flash_kernel<__nv_bfloat16, __nv_bfloat16, (vllm::Fp8KVCacheDataType)0>(const T1 *, const T1 *, T2 *, T2 *, const long *, long, long, long, long, long, int, int, int, const float *, const float *, int)"
:layer.06.ptq.attention,PushPop,2042,2042,31,62,5865344,94602.3,95424.0,66752,133888,21717.8,"void at::native::tinygemm_m16n8k16_chunk_kernel<at::native::ALayout_RM<(at::native::KReductionType)0>, at::native::BLayout_TC_int4<(int)8, (int)64>, at::native::ALayout_RM<(at::native::KReductionType)0>, (int)8, (int)8>(const void *, const void *, const void *, void *, int, int, int, int, int, int)"
:layer.06.ptq.attention,PushPop,2042,2042,31,31,401888,12964.1,12672.0,10784,15712,1730.3,"void flash::flash_fwd_splitkv_kernel<Flash_fwd_kernel_traits<(int)128, (int)64, (int)128, (int)4, (bool)0, (bool)0, cutlass::bfloat16_t, Flash_kernel_traits<(int)128, (int)64, (int)128, (int)4, cutlass::bfloat16_t>>, (bool)0, (bool)0, (bool)0, (bool)0, (bool)1, (bool)0, (bool)0, (bool)0>(flash::Flash_fwd_params)"
:layer.06.ptq.attention,PushPop,2042,2042,31,31,283040,9130.3,8832.0,8000,11008,1099.8,"void vllm::rotary_embedding_kernel<c10::BFloat16, c10::BFloat16, (bool)1>(const long *, T1 *, T1 *, const T2 *, int, long, long, long, int, int, int, long, bool)"
:layer.06.ptq.attention,PushPop,2042,2042,31,31,200512,6468.1,6272.0,5120,7776,826.3,"void vllm::reshape_and_cache_flash_kernel<__nv_bfloat16, __nv_bfloat16, (vllm::Fp8KVCacheDataType)0>(const T1 *, const T1 *, T2 *, T2 *, const long *, long, long, long, long, long, int, int, int, const float *, const float *, int)"
:layer.06.ptq.mlp,PushPop,2042,2042,31,62,22733152,366663.7,362400.0,205184,590496,143096.8,"void at::native::tinygemm_m16n8k16_chunk_kernel<at::native::ALayout_RM<(at::native::KReductionType)0>, at::native::BLayout_TC_int4<(int)8, (int)64>, at::native::ALayout_RM<(at::native::KReductionType)0>, (int)8, (int)8>(const void *, const void *, const void *, void *, int, int, int, int, int, int)"
:layer.06.ptq.mlp,PushPop,2042,2042,31,31,279680,9021.9,8448.0,7520,11168,1345.0,"void vllm::act_and_mul_kernel<c10::BFloat16, __nv_bfloat162, &vllm::silu_kernel<c10::BFloat16>, &vllm::packed_silu_kernel<__nv_bfloat162>, (bool)1, (bool)1, (bool)0, (bool)0>(T1 *, const T1 *, int, float, float, float)"
:layer.06.ptq.total,PushPop,2042,2042,31,124,28598496,230633.0,169536.0,66752,590496,170422.5,"void at::native::tinygemm_m16n8k16_chunk_kernel<at::native::ALayout_RM<(at::native::KReductionType)0>, at::native::BLayout_TC_int4<(int)8, (int)64>, at::native::ALayout_RM<(at::native::KReductionType)0>, (int)8, (int)8>(const void *, const void *, const void *, void *, int, int, int, int, int, int)"
:layer.06.ptq.total,PushPop,2042,2042,31,62,434560,7009.0,6816.0,5472,9056,994.8,"std::enable_if<T2>(int)0&&vllm::_typeConvert<T1>::exists, void>::type vllm::fused_add_rms_norm_kernel<c10::BFloat16, (int)8, (bool)1>(T1 *, long, T1 *, const T1 *, float, int, int)"
:layer.06.ptq.total,PushPop,2042,2042,31,31,401888,12964.1,12672.0,10784,15712,1730.3,"void flash::flash_fwd_splitkv_kernel<Flash_fwd_kernel_traits<(int)128, (int)64, (int)128, (int)4, (bool)0, (bool)0, cutlass::bfloat16_t, Flash_kernel_traits<(int)128, (int)64, (int)128, (int)4, cutlass::bfloat16_t>>, (bool)0, (bool)0, (bool)0, (bool)0, (bool)1, (bool)0, (bool)0, (bool)0>(flash::Flash_fwd_params)"
:layer.06.ptq.total,PushPop,2042,2042,31,31,283040,9130.3,8832.0,8000,11008,1099.8,"void vllm::rotary_embedding_kernel<c10::BFloat16, c10::BFloat16, (bool)1>(const long *, T1 *, T1 *, const T2 *, int, long, long, long, int, int, int, long, bool)"
:layer.06.ptq.total,PushPop,2042,2042,31,31,279680,9021.9,8448.0,7520,11168,1345.0,"void vllm::act_and_mul_kernel<c10::BFloat16, __nv_bfloat162, &vllm::silu_kernel<c10::BFloat16>, &vllm::packed_silu_kernel<__nv_bfloat162>, (bool)1, (bool)1, (bool)0, (bool)0>(T1 *, const T1 *, int, float, float, float)"
:layer.06.ptq.total,PushPop,2042,2042,31,31,200512,6468.1,6272.0,5120,7776,826.3,"void vllm::reshape_and_cache_flash_kernel<__nv_bfloat16, __nv_bfloat16, (vllm::Fp8KVCacheDataType)0>(const T1 *, const T1 *, T2 *, T2 *, const long *, long, long, long, long, long, int, int, int, const float *, const float *, int)"
:layer.07.fp.attention,PushPop,2042,2042,1,2,570912,285456.0,285456.0,248512,322400,52246.7,ampere_bf16_s16816gemm_bf16_128x128_ldg8_f2f_stages_32x5_tn
:layer.07.fp.attention,PushPop,2042,2042,1,1,25504,25504.0,25504.0,25504,25504,0.0,"void flash::flash_fwd_splitkv_kernel<Flash_fwd_kernel_traits<(int)128, (int)64, (int)128, (int)4, (bool)0, (bool)0, cutlass::bfloat16_t, Flash_kernel_traits<(int)128, (int)64, (int)128, (int)4, cutlass::bfloat16_t>>, (bool)1, (bool)0, (bool)0, (bool)0, (bool)1, (bool)0, (bool)0, (bool)0>(flash::Flash_fwd_params)"
:layer.07.fp.attention,PushPop,2042,2042,1,1,19328,19328.0,19328.0,19328,19328,0.0,"void vllm::rotary_embedding_kernel<c10::BFloat16, c10::BFloat16, (bool)1>(const long *, T1 *, T1 *, const T2 *, int, long, long, long, int, int, int, long, bool)"
:layer.07.fp.attention,PushPop,2042,2042,1,1,9984,9984.0,9984.0,9984,9984,0.0,"void vllm::reshape_and_cache_flash_kernel<__nv_bfloat16, __nv_bfloat16, (vllm::Fp8KVCacheDataType)0>(const T1 *, const T1 *, T2 *, T2 *, const long *, long, long, long, long, long, int, int, int, const float *, const float *, int)"
:layer.07.fp.input_norm,PushPop,2042,2042,32,32,224160,7005.0,6400.0,5600,22656,2958.4,"std::enable_if<T2>(int)0&&vllm::_typeConvert<T1>::exists, void>::type vllm::fused_add_rms_norm_kernel<c10::BFloat16, (int)8, (bool)1>(T1 *, long, T1 *, const T1 *, float, int, int)"
:layer.07.fp.mlp,PushPop,2042,2042,1,2,2548576,1274288.0,1274288.0,1151584,1396992,173529.7,ampere_bf16_s16816gemm_bf16_128x128_ldg8_f2f_stages_32x5_tn
:layer.07.fp.mlp,PushPop,2042,2042,1,1,44064,44064.0,44064.0,44064,44064,0.0,"void vllm::act_and_mul_kernel<c10::BFloat16, __nv_bfloat162, &vllm::silu_kernel<c10::BFloat16>, &vllm::packed_silu_kernel<__nv_bfloat162>, (bool)1, (bool)1, (bool)0, (bool)0>(T1 *, const T1 *, int, float, float, float)"
:layer.07.fp.post_attn_norm,PushPop,2042,2042,32,32,209728,6554.0,6048.0,4896,18848,2482.8,"std::enable_if<T2>(int)0&&vllm::_typeConvert<T1>::exists, void>::type vllm::fused_add_rms_norm_kernel<c10::BFloat16, (int)8, (bool)1>(T1 *, long, T1 *, const T1 *, float, int, int)"
:layer.07.fp.total,PushPop,2042,2042,1,4,3119488,779872.0,736992.0,248512,1396992,580411.1,ampere_bf16_s16816gemm_bf16_128x128_ldg8_f2f_stages_32x5_tn
:layer.07.fp.total,PushPop,2042,2042,1,1,44064,44064.0,44064.0,44064,44064,0.0,"void vllm::act_and_mul_kernel<c10::BFloat16, __nv_bfloat162, &vllm::silu_kernel<c10::BFloat16>, &vllm::packed_silu_kernel<__nv_bfloat162>, (bool)1, (bool)1, (bool)0, (bool)0>(T1 *, const T1 *, int, float, float, float)"
:layer.07.fp.total,PushPop,2042,2042,1,2,41504,20752.0,20752.0,18848,22656,2692.7,"std::enable_if<T2>(int)0&&vllm::_typeConvert<T1>::exists, void>::type vllm::fused_add_rms_norm_kernel<c10::BFloat16, (int)8, (bool)1>(T1 *, long, T1 *, const T1 *, float, int, int)"
:layer.07.fp.total,PushPop,2042,2042,1,1,25504,25504.0,25504.0,25504,25504,0.0,"void flash::flash_fwd_splitkv_kernel<Flash_fwd_kernel_traits<(int)128, (int)64, (int)128, (int)4, (bool)0, (bool)0, cutlass::bfloat16_t, Flash_kernel_traits<(int)128, (int)64, (int)128, (int)4, cutlass::bfloat16_t>>, (bool)1, (bool)0, (bool)0, (bool)0, (bool)1, (bool)0, (bool)0, (bool)0>(flash::Flash_fwd_params)"
:layer.07.fp.total,PushPop,2042,2042,1,1,19328,19328.0,19328.0,19328,19328,0.0,"void vllm::rotary_embedding_kernel<c10::BFloat16, c10::BFloat16, (bool)1>(const long *, T1 *, T1 *, const T2 *, int, long, long, long, int, int, int, long, bool)"
:layer.07.fp.total,PushPop,2042,2042,1,1,9984,9984.0,9984.0,9984,9984,0.0,"void vllm::reshape_and_cache_flash_kernel<__nv_bfloat16, __nv_bfloat16, (vllm::Fp8KVCacheDataType)0>(const T1 *, const T1 *, T2 *, T2 *, const long *, long, long, long, long, long, int, int, int, const float *, const float *, int)"
:layer.07.ptq.attention,PushPop,2042,2042,31,62,5870048,94678.2,95280.0,68736,132288,20231.4,"void at::native::tinygemm_m16n8k16_chunk_kernel<at::native::ALayout_RM<(at::native::KReductionType)0>, at::native::BLayout_TC_int4<(int)8, (int)64>, at::native::ALayout_RM<(at::native::KReductionType)0>, (int)8, (int)8>(const void *, const void *, const void *, void *, int, int, int, int, int, int)"
:layer.07.ptq.attention,PushPop,2042,2042,31,31,395584,12760.8,12160.0,10592,15424,1688.1,"void flash::flash_fwd_splitkv_kernel<Flash_fwd_kernel_traits<(int)128, (int)64, (int)128, (int)4, (bool)0, (bool)0, cutlass::bfloat16_t, Flash_kernel_traits<(int)128, (int)64, (int)128, (int)4, cutlass::bfloat16_t>>, (bool)0, (bool)0, (bool)0, (bool)0, (bool)1, (bool)0, (bool)0, (bool)0>(flash::Flash_fwd_params)"
:layer.07.ptq.attention,PushPop,2042,2042,31,31,269376,8689.5,8256.0,7488,10400,1079.0,"void vllm::rotary_embedding_kernel<c10::BFloat16, c10::BFloat16, (bool)1>(const long *, T1 *, T1 *, const T2 *, int, long, long, long, int, int, int, long, bool)"
:layer.07.ptq.attention,PushPop,2042,2042,31,31,198528,6404.1,6176.0,5184,7840,799.0,"void vllm::reshape_and_cache_flash_kernel<__nv_bfloat16, __nv_bfloat16, (vllm::Fp8KVCacheDataType)0>(const T1 *, const T1 *, T2 *, T2 *, const long *, long, long, long, long, long, int, int, int, const float *, const float *, int)"
:layer.07.ptq.mlp,PushPop,2042,2042,31,62,22532992,363435.4,358128.0,203648,589632,141027.0,"void at::native::tinygemm_m16n8k16_chunk_kernel<at::native::ALayout_RM<(at::native::KReductionType)0>, at::native::BLayout_TC_int4<(int)8, (int)64>, at::native::ALayout_RM<(at::native::KReductionType)0>, (int)8, (int)8>(const void *, const void *, const void *, void *, int, int, int, int, int, int)"
:layer.07.ptq.mlp,PushPop,2042,2042,31,31,278848,8995.1,8800.0,7456,11040,1340.8,"void vllm::act_and_mul_kernel<c10::BFloat16, __nv_bfloat162, &vllm::silu_kernel<c10::BFloat16>, &vllm::packed_silu_kernel<__nv_bfloat162>, (bool)1, (bool)1, (bool)0, (bool)0>(T1 *, const T1 *, int, float, float, float)"
:layer.07.ptq.total,PushPop,2042,2042,31,124,28403040,229056.8,167968.0,68736,589632,168139.4,"void at::native::tinygemm_m16n8k16_chunk_kernel<at::native::ALayout_RM<(at::native::KReductionType)0>, at::native::BLayout_TC_int4<(int)8, (int)64>, at::native::ALayout_RM<(at::native::KReductionType)0>, (int)8, (int)8>(const void *, const void *, const void *, void *, int, int, int, int, int, int)"
:layer.07.ptq.total,PushPop,2042,2042,31,31,395584,12760.8,12160.0,10592,15424,1688.1,"void flash::flash_fwd_splitkv_kernel<Flash_fwd_kernel_traits<(int)128, (int)64, (int)128, (int)4, (bool)0, (bool)0, cutlass::bfloat16_t, Flash_kernel_traits<(int)128, (int)64, (int)128, (int)4, cutlass::bfloat16_t>>, (bool)0, (bool)0, (bool)0, (bool)0, (bool)1, (bool)0, (bool)0, (bool)0>(flash::Flash_fwd_params)"
:layer.07.ptq.total,PushPop,2042,2042,31,62,392384,6328.8,6256.0,4896,7712,952.6,"std::enable_if<T2>(int)0&&vllm::_typeConvert<T1>::exists, void>::type vllm::fused_add_rms_norm_kernel<c10::BFloat16, (int)8, (bool)1>(T1 *, long, T1 *, const T1 *, float, int, int)"
:layer.07.ptq.total,PushPop,2042,2042,31,31,278848,8995.1,8800.0,7456,11040,1340.8,"void vllm::act_and_mul_kernel<c10::BFloat16, __nv_bfloat162, &vllm::silu_kernel<c10::BFloat16>, &vllm::packed_silu_kernel<__nv_bfloat162>, (bool)1, (bool)1, (bool)0, (bool)0>(T1 *, const T1 *, int, float, float, float)"
:layer.07.ptq.total,PushPop,2042,2042,31,31,269376,8689.5,8256.0,7488,10400,1079.0,"void vllm::rotary_embedding_kernel<c10::BFloat16, c10::BFloat16, (bool)1>(const long *, T1 *, T1 *, const T2 *, int, long, long, long, int, int, int, long, bool)"
:layer.07.ptq.total,PushPop,2042,2042,31,31,198528,6404.1,6176.0,5184,7840,799.0,"void vllm::reshape_and_cache_flash_kernel<__nv_bfloat16, __nv_bfloat16, (vllm::Fp8KVCacheDataType)0>(const T1 *, const T1 *, T2 *, T2 *, const long *, long, long, long, long, long, int, int, int, const float *, const float *, int)"
:layer.08.fp.attention,PushPop,2042,2042,1,2,569824,284912.0,284912.0,248000,321824,52201.5,ampere_bf16_s16816gemm_bf16_128x128_ldg8_f2f_stages_32x5_tn
:layer.08.fp.attention,PushPop,2042,2042,1,1,25408,25408.0,25408.0,25408,25408,0.0,"void flash::flash_fwd_splitkv_kernel<Flash_fwd_kernel_traits<(int)128, (int)64, (int)128, (int)4, (bool)0, (bool)0, cutlass::bfloat16_t, Flash_kernel_traits<(int)128, (int)64, (int)128, (int)4, cutlass::bfloat16_t>>, (bool)1, (bool)0, (bool)0, (bool)0, (bool)1, (bool)0, (bool)0, (bool)0>(flash::Flash_fwd_params)"
:layer.08.fp.attention,PushPop,2042,2042,1,1,18688,18688.0,18688.0,18688,18688,0.0,"void vllm::rotary_embedding_kernel<c10::BFloat16, c10::BFloat16, (bool)1>(const long *, T1 *, T1 *, const T2 *, int, long, long, long, int, int, int, long, bool)"
:layer.08.fp.attention,PushPop,2042,2042,1,1,10208,10208.0,10208.0,10208,10208,0.0,"void vllm::reshape_and_cache_flash_kernel<__nv_bfloat16, __nv_bfloat16, (vllm::Fp8KVCacheDataType)0>(const T1 *, const T1 *, T2 *, T2 *, const long *, long, long, long, long, long, int, int, int, const float *, const float *, int)"
:layer.08.fp.input_norm,PushPop,2042,2042,32,32,222464,6952.0,6368.0,5536,23072,3059.8,"std::enable_if<T2>(int)0&&vllm::_typeConvert<T1>::exists, void>::type vllm::fused_add_rms_norm_kernel<c10::BFloat16, (int)8, (bool)1>(T1 *, long, T1 *, const T1 *, float, int, int)"
:layer.08.fp.mlp,PushPop,2042,2042,1,2,2542656,1271328.0,1271328.0,1149184,1393472,172737.7,ampere_bf16_s16816gemm_bf16_128x128_ldg8_f2f_stages_32x5_tn
:layer.08.fp.mlp,PushPop,2042,2042,1,1,43648,43648.0,43648.0,43648,43648,0.0,"void vllm::act_and_mul_kernel<c10::BFloat16, __nv_bfloat162, &vllm::silu_kernel<c10::BFloat16>, &vllm::packed_silu_kernel<__nv_bfloat162>, (bool)1, (bool)1, (bool)0, (bool)0>(T1 *, const T1 *, int, float, float, float)"
:layer.08.fp.post_attn_norm,PushPop,2042,2042,32,32,205696,6428.0,5792.0,4960,19136,2527.8,"std::enable_if<T2>(int)0&&vllm::_typeConvert<T1>::exists, void>::type vllm::fused_add_rms_norm_kernel<c10::BFloat16, (int)8, (bool)1>(T1 *, long, T1 *, const T1 *, float, int, int)"
:layer.08.fp.total,PushPop,2042,2042,1,4,3112480,778120.0,735504.0,248000,1393472,578958.8,ampere_bf16_s16816gemm_bf16_128x128_ldg8_f2f_stages_32x5_tn
:layer.08.fp.total,PushPop,2042,2042,1,1,43648,43648.0,43648.0,43648,43648,0.0,"void vllm::act_and_mul_kernel<c10::BFloat16, __nv_bfloat162, &vllm::silu_kernel<c10::BFloat16>, &vllm::packed_silu_kernel<__nv_bfloat162>, (bool)1, (bool)1, (bool)0, (bool)0>(T1 *, const T1 *, int, float, float, float)"
:layer.08.fp.total,PushPop,2042,2042,1,2,42208,21104.0,21104.0,19136,23072,2783.2,"std::enable_if<T2>(int)0&&vllm::_typeConvert<T1>::exists, void>::type vllm::fused_add_rms_norm_kernel<c10::BFloat16, (int)8, (bool)1>(T1 *, long, T1 *, const T1 *, float, int, int)"
:layer.08.fp.total,PushPop,2042,2042,1,1,25408,25408.0,25408.0,25408,25408,0.0,"void flash::flash_fwd_splitkv_kernel<Flash_fwd_kernel_traits<(int)128, (int)64, (int)128, (int)4, (bool)0, (bool)0, cutlass::bfloat16_t, Flash_kernel_traits<(int)128, (int)64, (int)128, (int)4, cutlass::bfloat16_t>>, (bool)1, (bool)0, (bool)0, (bool)0, (bool)1, (bool)0, (bool)0, (bool)0>(flash::Flash_fwd_params)"
:layer.08.fp.total,PushPop,2042,2042,1,1,18688,18688.0,18688.0,18688,18688,0.0,"void vllm::rotary_embedding_kernel<c10::BFloat16, c10::BFloat16, (bool)1>(const long *, T1 *, T1 *, const T2 *, int, long, long, long, int, int, int, long, bool)"
:layer.08.fp.total,PushPop,2042,2042,1,1,10208,10208.0,10208.0,10208,10208,0.0,"void vllm::reshape_and_cache_flash_kernel<__nv_bfloat16, __nv_bfloat16, (vllm::Fp8KVCacheDataType)0>(const T1 *, const T1 *, T2 *, T2 *, const long *, long, long, long, long, long, int, int, int, const float *, const float *, int)"
:layer.08.ptq.attention,PushPop,2042,2042,31,62,5780512,93234.1,94048.0,67104,131584,20591.5,"void at::native::tinygemm_m16n8k16_chunk_kernel<at::native::ALayout_RM<(at::native::KReductionType)0>, at::native::BLayout_TC_int4<(int)8, (int)64>, at::native::ALayout_RM<(at::native::KReductionType)0>, (int)8, (int)8>(const void *, const void *, const void *, void *, int, int, int, int, int, int)"
:layer.08.ptq.attention,PushPop,2042,2042,31,31,389504,12564.6,12032.0,10528,15712,1869.7,"void flash::flash_fwd_splitkv_kernel<Flash_fwd_kernel_traits<(int)128, (int)64, (int)128, (int)4, (bool)0, (bool)0, cutlass::bfloat16_t, Flash_kernel_traits<(int)128, (int)64, (int)128, (int)4, cutlass::bfloat16_t>>, (bool)0, (bool)0, (bool)0, (bool)0, (bool)1, (bool)0, (bool)0, (bool)0>(flash::Flash_fwd_params)"
:layer.08.ptq.attention,PushPop,2042,2042,31,31,260800,8412.9,7968.0,6944,10976,1389.8,"void vllm::rotary_embedding_kernel<c10::BFloat16, c10::BFloat16, (bool)1>(const long *, T1 *, T1 *, const T2 *, int, long, long, long, int, int, int, long, bool)"
:layer.08.ptq.attention,PushPop,2042,2042,31,31,196640,6343.2,5984.0,5088,7680,826.4,"void vllm::reshape_and_cache_flash_kernel<__nv_bfloat16, __nv_bfloat16, (vllm::Fp8KVCacheDataType)0>(const T1 *, const T1 *, T2 *, T2 *, const long *, long, long, long, long, long, int, int, int, const float *, const float *, int)"
:layer.08.ptq.mlp,PushPop,2042,2042,31,62,22361024,360661.7,352816.0,205728,584288,138901.3,"void at::native::tinygemm_m16n8k16_chunk_kernel<at::native::ALayout_RM<(at::native::KReductionType)0>, at::native::BLayout_TC_int4<(int)8, (int)64>, at::native::ALayout_RM<(at::native::KReductionType)0>, (int)8, (int)8>(const void *, const void *, const void *, void *, int, int, int, int, int, int)"
:layer.08.ptq.mlp,PushPop,2042,2042,31,31,280960,9063.2,8544.0,7552,11040,1345.1,"void vllm::act_and_mul_kernel<c10::BFloat16, __nv_bfloat162, &vllm::silu_kernel<c10::BFloat16>, &vllm::packed_silu_kernel<__nv_bfloat162>, (bool)1, (bool)1, (bool)0, (bool)0>(T1 *, const T1 *, int, float, float, float)"
:layer.08.ptq.total,PushPop,2042,2042,31,124,28141536,226947.9,168656.0,67104,584288,166743.5,"void at::native::tinygemm_m16n8k16_chunk_kernel<at::native::ALayout_RM<(at::native::KReductionType)0>, at::native::BLayout_TC_int4<(int)8, (int)64>, at::native::ALayout_RM<(at::native::KReductionType)0>, (int)8, (int)8>(const void *, const void *, const void *, void *, int, int, int, int, int, int)"
:layer.08.ptq.total,PushPop,2042,2042,31,31,389504,12564.6,12032.0,10528,15712,1869.7,"void flash::flash_fwd_splitkv_kernel<Flash_fwd_kernel_traits<(int)128, (int)64, (int)128, (int)4, (bool)0, (bool)0, cutlass::bfloat16_t, Flash_kernel_traits<(int)128, (int)64, (int)128, (int)4, cutlass::bfloat16_t>>, (bool)0, (bool)0, (bool)0, (bool)0, (bool)1, (bool)0, (bool)0, (bool)0>(flash::Flash_fwd_params)"
:layer.08.ptq.total,PushPop,2042,2042,31,62,385952,6225.0,5872.0,4960,7872,958.5,"std::enable_if<T2>(int)0&&vllm::_typeConvert<T1>::exists, void>::type vllm::fused_add_rms_norm_kernel<c10::BFloat16, (int)8, (bool)1>(T1 *, long, T1 *, const T1 *, float, int, int)"
:layer.08.ptq.total,PushPop,2042,2042,31,31,280960,9063.2,8544.0,7552,11040,1345.1,"void vllm::act_and_mul_kernel<c10::BFloat16, __nv_bfloat162, &vllm::silu_kernel<c10::BFloat16>, &vllm::packed_silu_kernel<__nv_bfloat162>, (bool)1, (bool)1, (bool)0, (bool)0>(T1 *, const T1 *, int, float, float, float)"
:layer.08.ptq.total,PushPop,2042,2042,31,31,260800,8412.9,7968.0,6944,10976,1389.8,"void vllm::rotary_embedding_kernel<c10::BFloat16, c10::BFloat16, (bool)1>(const long *, T1 *, T1 *, const T2 *, int, long, long, long, int, int, int, long, bool)"
:layer.08.ptq.total,PushPop,2042,2042,31,31,196640,6343.2,5984.0,5088,7680,826.4,"void vllm::reshape_and_cache_flash_kernel<__nv_bfloat16, __nv_bfloat16, (vllm::Fp8KVCacheDataType)0>(const T1 *, const T1 *, T2 *, T2 *, const long *, long, long, long, long, long, int, int, int, const float *, const float *, int)"
:layer.09.fp.attention,PushPop,2042,2042,1,2,573120,286560.0,286560.0,248416,324704,53943.8,ampere_bf16_s16816gemm_bf16_128x128_ldg8_f2f_stages_32x5_tn
:layer.09.fp.attention,PushPop,2042,2042,1,1,25792,25792.0,25792.0,25792,25792,0.0,"void flash::flash_fwd_splitkv_kernel<Flash_fwd_kernel_traits<(int)128, (int)64, (int)128, (int)4, (bool)0, (bool)0, cutlass::bfloat16_t, Flash_kernel_traits<(int)128, (int)64, (int)128, (int)4, cutlass::bfloat16_t>>, (bool)1, (bool)0, (bool)0, (bool)0, (bool)1, (bool)0, (bool)0, (bool)0>(flash::Flash_fwd_params)"
:layer.09.fp.attention,PushPop,2042,2042,1,1,19392,19392.0,19392.0,19392,19392,0.0,"void vllm::rotary_embedding_kernel<c10::BFloat16, c10::BFloat16, (bool)1>(const long *, T1 *, T1 *, const T2 *, int, long, long, long, int, int, int, long, bool)"
:layer.09.fp.attention,PushPop,2042,2042,1,1,10080,10080.0,10080.0,10080,10080,0.0,"void vllm::reshape_and_cache_flash_kernel<__nv_bfloat16, __nv_bfloat16, (vllm::Fp8KVCacheDataType)0>(const T1 *, const T1 *, T2 *, T2 *, const long *, long, long, long, long, long, int, int, int, const float *, const float *, int)"
:layer.09.fp.input_norm,PushPop,2042,2042,32,32,241632,7551.0,6928.0,5952,22880,2922.7,"std::enable_if<T2>(int)0&&vllm::_typeConvert<T1>::exists, void>::type vllm::fused_add_rms_norm_kernel<c10::BFloat16, (int)8, (bool)1>(T1 *, long, T1 *, const T1 *, float, int, int)"
:layer.09.fp.mlp,PushPop,2042,2042,1,2,2546688,1273344.0,1273344.0,1152000,1394688,171606.3,ampere_bf16_s16816gemm_bf16_128x128_ldg8_f2f_stages_32x5_tn
:layer.09.fp.mlp,PushPop,2042,2042,1,1,43488,43488.0,43488.0,43488,43488,0.0,"void vllm::act_and_mul_kernel<c10::BFloat16, __nv_bfloat162, &vllm::silu_kernel<c10::BFloat16>, &vllm::packed_silu_kernel<__nv_bfloat162>, (bool)1, (bool)1, (bool)0, (bool)0>(T1 *, const T1 *, int, float, float, float)"
:layer.09.fp.post_attn_norm,PushPop,2042,2042,32,32,205888,6434.0,5792.0,4928,18944,2491.6,"std::enable_if<T2>(int)0&&vllm::_typeConvert<T1>::exists, void>::type vllm::fused_add_rms_norm_kernel<c10::BFloat16, (int)8, (bool)1>(T1 *, long, T1 *, const T1 *, float, int, int)"
:layer.09.fp.total,PushPop,2042,2042,1,4,3119808,779952.0,738352.0,248416,1394688,579108.9,ampere_bf16_s16816gemm_bf16_128x128_ldg8_f2f_stages_32x5_tn
:layer.09.fp.total,PushPop,2042,2042,1,1,43488,43488.0,43488.0,43488,43488,0.0,"void vllm::act_and_mul_kernel<c10::BFloat16, __nv_bfloat162, &vllm::silu_kernel<c10::BFloat16>, &vllm::packed_silu_kernel<__nv_bfloat162>, (bool)1, (bool)1, (bool)0, (bool)0>(T1 *, const T1 *, int, float, float, float)"
:layer.09.fp.total,PushPop,2042,2042,1,2,41824,20912.0,20912.0,18944,22880,2783.2,"std::enable_if<T2>(int)0&&vllm::_typeConvert<T1>::exists, void>::type vllm::fused_add_rms_norm_kernel<c10::BFloat16, (int)8, (bool)1>(T1 *, long, T1 *, const T1 *, float, int, int)"
:layer.09.fp.total,PushPop,2042,2042,1,1,25792,25792.0,25792.0,25792,25792,0.0,"void flash::flash_fwd_splitkv_kernel<Flash_fwd_kernel_traits<(int)128, (int)64, (int)128, (int)4, (bool)0, (bool)0, cutlass::bfloat16_t, Flash_kernel_traits<(int)128, (int)64, (int)128, (int)4, cutlass::bfloat16_t>>, (bool)1, (bool)0, (bool)0, (bool)0, (bool)1, (bool)0, (bool)0, (bool)0>(flash::Flash_fwd_params)"
:layer.09.fp.total,PushPop,2042,2042,1,1,19392,19392.0,19392.0,19392,19392,0.0,"void vllm::rotary_embedding_kernel<c10::BFloat16, c10::BFloat16, (bool)1>(const long *, T1 *, T1 *, const T2 *, int, long, long, long, int, int, int, long, bool)"
:layer.09.fp.total,PushPop,2042,2042,1,1,10080,10080.0,10080.0,10080,10080,0.0,"void vllm::reshape_and_cache_flash_kernel<__nv_bfloat16, __nv_bfloat16, (vllm::Fp8KVCacheDataType)0>(const T1 *, const T1 *, T2 *, T2 *, const long *, long, long, long, long, long, int, int, int, const float *, const float *, int)"
:layer.09.ptq.attention,PushPop,2042,2042,31,62,5843072,94243.1,94496.0,67328,133824,21681.6,"void at::native::tinygemm_m16n8k16_chunk_kernel<at::native::ALayout_RM<(at::native::KReductionType)0>, at::native::BLayout_TC_int4<(int)8, (int)64>, at::native::ALayout_RM<(at::native::KReductionType)0>, (int)8, (int)8>(const void *, const void *, const void *, void *, int, int, int, int, int, int)"
:layer.09.ptq.attention,PushPop,2042,2042,31,31,388160,12521.3,12032.0,10496,15584,1870.9,"void flash::flash_fwd_splitkv_kernel<Flash_fwd_kernel_traits<(int)128, (int)64, (int)128, (int)4, (bool)0, (bool)0, cutlass::bfloat16_t, Flash_kernel_traits<(int)128, (int)64, (int)128, (int)4, cutlass::bfloat16_t>>, (bool)0, (bool)0, (bool)0, (bool)0, (bool)1, (bool)0, (bool)0, (bool)0>(flash::Flash_fwd_params)"
:layer.09.ptq.attention,PushPop,2042,2042,31,31,256512,8274.6,7680.0,6880,10560,1328.6,"void vllm::rotary_embedding_kernel<c10::BFloat16, c10::BFloat16, (bool)1>(const long *, T1 *, T1 *, const T2 *, int, long, long, long, int, int, int, long, bool)"
:layer.09.ptq.attention,PushPop,2042,2042,31,31,198016,6387.6,6048.0,5120,7808,874.7,"void vllm::reshape_and_cache_flash_kernel<__nv_bfloat16, __nv_bfloat16, (vllm::Fp8KVCacheDataType)0>(const T1 *, const T1 *, T2 *, T2 *, const long *, long, long, long, long, long, int, int, int, const float *, const float *, int)"
:layer.09.ptq.mlp,PushPop,2042,2042,31,62,22432128,361808.5,357136.0,204672,586752,140242.2,"void at::native::tinygemm_m16n8k16_chunk_kernel<at::native::ALayout_RM<(at::native::KReductionType)0>, at::native::BLayout_TC_int4<(int)8, (int)64>, at::native::ALayout_RM<(at::native::KReductionType)0>, (int)8, (int)8>(const void *, const void *, const void *, void *, int, int, int, int, int, int)"
:layer.09.ptq.mlp,PushPop,2042,2042,31,31,280512,9048.8,8768.0,7488,11104,1340.8,"void vllm::act_and_mul_kernel<c10::BFloat16, __nv_bfloat162, &vllm::silu_kernel<c10::BFloat16>, &vllm::packed_silu_kernel<__nv_bfloat162>, (bool)1, (bool)1, (bool)0, (bool)0>(T1 *, const T1 *, int, float, float, float)"
:layer.09.ptq.total,PushPop,2042,2042,31,124,28275200,228025.8,169248.0,67328,586752,167423.0,"void at::native::tinygemm_m16n8k16_chunk_kernel<at::native::ALayout_RM<(at::native::KReductionType)0>, at::native::BLayout_TC_int4<(int)8, (int)64>, at::native::ALayout_RM<(at::native::KReductionType)0>, (int)8, (int)8>(const void *, const void *, const void *, void *, int, int, int, int, int, int)"
:layer.09.ptq.total,PushPop,2042,2042,31,62,405696,6543.5,6480.0,4928,8288,1067.2,"std::enable_if<T2>(int)0&&vllm::_typeConvert<T1>::exists, void>::type vllm::fused_add_rms_norm_kernel<c10::BFloat16, (int)8, (bool)1>(T1 *, long, T1 *, const T1 *, float, int, int)"
:layer.09.ptq.total,PushPop,2042,2042,31,31,388160,12521.3,12032.0,10496,15584,1870.9,"void flash::flash_fwd_splitkv_kernel<Flash_fwd_kernel_traits<(int)128, (int)64, (int)128, (int)4, (bool)0, (bool)0, cutlass::bfloat16_t, Flash_kernel_traits<(int)128, (int)64, (int)128, (int)4, cutlass::bfloat16_t>>, (bool)0, (bool)0, (bool)0, (bool)0, (bool)1, (bool)0, (bool)0, (bool)0>(flash::Flash_fwd_params)"
:layer.09.ptq.total,PushPop,2042,2042,31,31,280512,9048.8,8768.0,7488,11104,1340.8,"void vllm::act_and_mul_kernel<c10::BFloat16, __nv_bfloat162, &vllm::silu_kernel<c10::BFloat16>, &vllm::packed_silu_kernel<__nv_bfloat162>, (bool)1, (bool)1, (bool)0, (bool)0>(T1 *, const T1 *, int, float, float, float)"
:layer.09.ptq.total,PushPop,2042,2042,31,31,256512,8274.6,7680.0,6880,10560,1328.6,"void vllm::rotary_embedding_kernel<c10::BFloat16, c10::BFloat16, (bool)1>(const long *, T1 *, T1 *, const T2 *, int, long, long, long, int, int, int, long, bool)"
:layer.09.ptq.total,PushPop,2042,2042,31,31,198016,6387.6,6048.0,5120,7808,874.7,"void vllm::reshape_and_cache_flash_kernel<__nv_bfloat16, __nv_bfloat16, (vllm::Fp8KVCacheDataType)0>(const T1 *, const T1 *, T2 *, T2 *, const long *, long, long, long, long, long, int, int, int, const float *, const float *, int)"
:layer.10.fp.attention,PushPop,2042,2042,1,2,576224,288112.0,288112.0,251520,324704,51748.9,ampere_bf16_s16816gemm_bf16_128x128_ldg8_f2f_stages_32x5_tn
:layer.10.fp.attention,PushPop,2042,2042,1,1,25792,25792.0,25792.0,25792,25792,0.0,"void flash::flash_fwd_splitkv_kernel<Flash_fwd_kernel_traits<(int)128, (int)64, (int)128, (int)4, (bool)0, (bool)0, cutlass::bfloat16_t, Flash_kernel_traits<(int)128, (int)64, (int)128, (int)4, cutlass::bfloat16_t>>, (bool)1, (bool)0, (bool)0, (bool)0, (bool)1, (bool)0, (bool)0, (bool)0>(flash::Flash_fwd_params)"
:layer.10.fp.attention,PushPop,2042,2042,1,1,19168,19168.0,19168.0,19168,19168,0.0,"void vllm::rotary_embedding_kernel<c10::BFloat16, c10::BFloat16, (bool)1>(const long *, T1 *, T1 *, const T2 *, int, long, long, long, int, int, int, long, bool)"
:layer.10.fp.attention,PushPop,2042,2042,1,1,10080,10080.0,10080.0,10080,10080,0.0,"void vllm::reshape_and_cache_flash_kernel<__nv_bfloat16, __nv_bfloat16, (vllm::Fp8KVCacheDataType)0>(const T1 *, const T1 *, T2 *, T2 *, const long *, long, long, long, long, long, int, int, int, const float *, const float *, int)"
:layer.10.fp.input_norm,PushPop,2042,2042,32,32,223360,6980.0,6384.0,5472,23136,3075.2,"std::enable_if<T2>(int)0&&vllm::_typeConvert<T1>::exists, void>::type vllm::fused_add_rms_norm_kernel<c10::BFloat16, (int)8, (bool)1>(T1 *, long, T1 *, const T1 *, float, int, int)"
:layer.10.fp.mlp,PushPop,2042,2042,1,2,2547488,1273744.0,1273744.0,1141920,1405568,186427.3,ampere_bf16_s16816gemm_bf16_128x128_ldg8_f2f_stages_32x5_tn
:layer.10.fp.mlp,PushPop,2042,2042,1,1,42752,42752.0,42752.0,42752,42752,0.0,"void vllm::act_and_mul_kernel<c10::BFloat16, __nv_bfloat162, &vllm::silu_kernel<c10::BFloat16>, &vllm::packed_silu_kernel<__nv_bfloat162>, (bool)1, (bool)1, (bool)0, (bool)0>(T1 *, const T1 *, int, float, float, float)"
:layer.10.fp.post_attn_norm,PushPop,2042,2042,32,32,203360,6355.0,5776.0,4960,19296,2517.5,"std::enable_if<T2>(int)0&&vllm::_typeConvert<T1>::exists, void>::type vllm::fused_add_rms_norm_kernel<c10::BFloat16, (int)8, (bool)1>(T1 *, long, T1 *, const T1 *, float, int, int)"
:layer.10.fp.total,PushPop,2042,2042,1,4,3123712,780928.0,733312.0,251520,1405568,579914.8,ampere_bf16_s16816gemm_bf16_128x128_ldg8_f2f_stages_32x5_tn
:layer.10.fp.total,PushPop,2042,2042,1,1,42752,42752.0,42752.0,42752,42752,0.0,"void vllm::act_and_mul_kernel<c10::BFloat16, __nv_bfloat162, &vllm::silu_kernel<c10::BFloat16>, &vllm::packed_silu_kernel<__nv_bfloat162>, (bool)1, (bool)1, (bool)0, (bool)0>(T1 *, const T1 *, int, float, float, float)"
:layer.10.fp.total,PushPop,2042,2042,1,2,42432,21216.0,21216.0,19296,23136,2715.3,"std::enable_if<T2>(int)0&&vllm::_typeConvert<T1>::exists, void>::type vllm::fused_add_rms_norm_kernel<c10::BFloat16, (int)8, (bool)1>(T1 *, long, T1 *, const T1 *, float, int, int)"
:layer.10.fp.total,PushPop,2042,2042,1,1,25792,25792.0,25792.0,25792,25792,0.0,"void flash::flash_fwd_splitkv_kernel<Flash_fwd_kernel_traits<(int)128, (int)64, (int)128, (int)4, (bool)0, (bool)0, cutlass::bfloat16_t, Flash_kernel_traits<(int)128, (int)64, (int)128, (int)4, cutlass::bfloat16_t>>, (bool)1, (bool)0, (bool)0, (bool)0, (bool)1, (bool)0, (bool)0, (bool)0>(flash::Flash_fwd_params)"
:layer.10.fp.total,PushPop,2042,2042,1,1,19168,19168.0,19168.0,19168,19168,0.0,"void vllm::rotary_embedding_kernel<c10::BFloat16, c10::BFloat16, (bool)1>(const long *, T1 *, T1 *, const T2 *, int, long, long, long, int, int, int, long, bool)"
:layer.10.fp.total,PushPop,2042,2042,1,1,10080,10080.0,10080.0,10080,10080,0.0,"void vllm::reshape_and_cache_flash_kernel<__nv_bfloat16, __nv_bfloat16, (vllm::Fp8KVCacheDataType)0>(const T1 *, const T1 *, T2 *, T2 *, const long *, long, long, long, long, long, int, int, int, const float *, const float *, int)"
:layer.10.ptq.attention,PushPop,2042,2042,31,62,5791168,93405.9,94320.0,67680,132416,20723.5,"void at::native::tinygemm_m16n8k16_chunk_kernel<at::native::ALayout_RM<(at::native::KReductionType)0>, at::native::BLayout_TC_int4<(int)8, (int)64>, at::native::ALayout_RM<(at::native::KReductionType)0>, (int)8, (int)8>(const void *, const void *, const void *, void *, int, int, int, int, int, int)"
:layer.10.ptq.attention,PushPop,2042,2042,31,31,388704,12538.8,11936.0,10528,15840,1882.1,"void flash::flash_fwd_splitkv_kernel<Flash_fwd_kernel_traits<(int)128, (int)64, (int)128, (int)4, (bool)0, (bool)0, cutlass::bfloat16_t, Flash_kernel_traits<(int)128, (int)64, (int)128, (int)4, cutlass::bfloat16_t>>, (bool)0, (bool)0, (bool)0, (bool)0, (bool)1, (bool)0, (bool)0, (bool)0>(flash::Flash_fwd_params)"
:layer.10.ptq.attention,PushPop,2042,2042,31,31,255648,8246.7,7616.0,6816,10432,1311.1,"void vllm::rotary_embedding_kernel<c10::BFloat16, c10::BFloat16, (bool)1>(const long *, T1 *, T1 *, const T2 *, int, long, long, long, int, int, int, long, bool)"
:layer.10.ptq.attention,PushPop,2042,2042,31,31,197888,6383.5,6080.0,5088,7680,836.2,"void vllm::reshape_and_cache_flash_kernel<__nv_bfloat16, __nv_bfloat16, (vllm::Fp8KVCacheDataType)0>(const T1 *, const T1 *, T2 *, T2 *, const long *, long, long, long, long, long, int, int, int, const float *, const float *, int)"
:layer.10.ptq.mlp,PushPop,2042,2042,31,62,22295552,359605.7,354400.0,204608,587584,139080.2,"void at::native::tinygemm_m16n8k16_chunk_kernel<at::native::ALayout_RM<(at::native::KReductionType)0>, at::native::BLayout_TC_int4<(int)8, (int)64>, at::native::ALayout_RM<(at::native::KReductionType)0>, (int)8, (int)8>(const void *, const void *, const void *, void *, int, int, int, int, int, int)"
:layer.10.ptq.mlp,PushPop,2042,2042,31,31,279872,9028.1,8448.0,7520,11072,1355.0,"void vllm::act_and_mul_kernel<c10::BFloat16, __nv_bfloat162, &vllm::silu_kernel<c10::BFloat16>, &vllm::packed_silu_kernel<__nv_bfloat162>, (bool)1, (bool)1, (bool)0, (bool)0>(T1 *, const T1 *, int, float, float, float)"
:layer.10.ptq.total,PushPop,2042,2042,31,124,28086720,226505.8,168512.0,67680,587584,166329.8,"void at::native::tinygemm_m16n8k16_chunk_kernel<at::native::ALayout_RM<(at::native::KReductionType)0>, at::native::BLayout_TC_int4<(int)8, (int)64>, at::native::ALayout_RM<(at::native::KReductionType)0>, (int)8, (int)8>(const void *, const void *, const void *, void *, int, int, int, int, int, int)"
:layer.10.ptq.total,PushPop,2042,2042,31,31,388704,12538.8,11936.0,10528,15840,1882.1,"void flash::flash_fwd_splitkv_kernel<Flash_fwd_kernel_traits<(int)128, (int)64, (int)128, (int)4, (bool)0, (bool)0, cutlass::bfloat16_t, Flash_kernel_traits<(int)128, (int)64, (int)128, (int)4, cutlass::bfloat16_t>>, (bool)0, (bool)0, (bool)0, (bool)0, (bool)1, (bool)0, (bool)0, (bool)0>(flash::Flash_fwd_params)"
:layer.10.ptq.total,PushPop,2042,2042,31,62,384288,6198.2,5888.0,4960,7808,919.2,"std::enable_if<T2>(int)0&&vllm::_typeConvert<T1>::exists, void>::type vllm::fused_add_rms_norm_kernel<c10::BFloat16, (int)8, (bool)1>(T1 *, long, T1 *, const T1 *, float, int, int)"
:layer.10.ptq.total,PushPop,2042,2042,31,31,279872,9028.1,8448.0,7520,11072,1355.0,"void vllm::act_and_mul_kernel<c10::BFloat16, __nv_bfloat162, &vllm::silu_kernel<c10::BFloat16>, &vllm::packed_silu_kernel<__nv_bfloat162>, (bool)1, (bool)1, (bool)0, (bool)0>(T1 *, const T1 *, int, float, float, float)"
:layer.10.ptq.total,PushPop,2042,2042,31,31,255648,8246.7,7616.0,6816,10432,1311.1,"void vllm::rotary_embedding_kernel<c10::BFloat16, c10::BFloat16, (bool)1>(const long *, T1 *, T1 *, const T2 *, int, long, long, long, int, int, int, long, bool)"
:layer.10.ptq.total,PushPop,2042,2042,31,31,197888,6383.5,6080.0,5088,7680,836.2,"void vllm::reshape_and_cache_flash_kernel<__nv_bfloat16, __nv_bfloat16, (vllm::Fp8KVCacheDataType)0>(const T1 *, const T1 *, T2 *, T2 *, const long *, long, long, long, long, long, int, int, int, const float *, const float *, int)"
:layer.11.fp.attention,PushPop,2042,2042,1,2,571392,285696.0,285696.0,247552,323840,53943.8,ampere_bf16_s16816gemm_bf16_128x128_ldg8_f2f_stages_32x5_tn
:layer.11.fp.attention,PushPop,2042,2042,1,1,25152,25152.0,25152.0,25152,25152,0.0,"void flash::flash_fwd_splitkv_kernel<Flash_fwd_kernel_traits<(int)128, (int)64, (int)128, (int)4, (bool)0, (bool)0, cutlass::bfloat16_t, Flash_kernel_traits<(int)128, (int)64, (int)128, (int)4, cutlass::bfloat16_t>>, (bool)1, (bool)0, (bool)0, (bool)0, (bool)1, (bool)0, (bool)0, (bool)0>(flash::Flash_fwd_params)"
:layer.11.fp.attention,PushPop,2042,2042,1,1,18496,18496.0,18496.0,18496,18496,0.0,"void vllm::rotary_embedding_kernel<c10::BFloat16, c10::BFloat16, (bool)1>(const long *, T1 *, T1 *, const T2 *, int, long, long, long, int, int, int, long, bool)"
:layer.11.fp.attention,PushPop,2042,2042,1,1,10208,10208.0,10208.0,10208,10208,0.0,"void vllm::reshape_and_cache_flash_kernel<__nv_bfloat16, __nv_bfloat16, (vllm::Fp8KVCacheDataType)0>(const T1 *, const T1 *, T2 *, T2 *, const long *, long, long, long, long, long, int, int, int, const float *, const float *, int)"
:layer.11.fp.input_norm,PushPop,2042,2042,32,32,221632,6926.0,6400.0,5472,22336,2942.2,"std::enable_if<T2>(int)0&&vllm::_typeConvert<T1>::exists, void>::type vllm::fused_add_rms_norm_kernel<c10::BFloat16, (int)8, (bool)1>(T1 *, long, T1 *, const T1 *, float, int, int)"
:layer.11.fp.mlp,PushPop,2042,2042,1,2,2547072,1273536.0,1273536.0,1146144,1400928,180159.5,ampere_bf16_s16816gemm_bf16_128x128_ldg8_f2f_stages_32x5_tn
:layer.11.fp.mlp,PushPop,2042,2042,1,1,43328,43328.0,43328.0,43328,43328,0.0,"void vllm::act_and_mul_kernel<c10::BFloat16, __nv_bfloat162, &vllm::silu_kernel<c10::BFloat16>, &vllm::packed_silu_kernel<__nv_bfloat162>, (bool)1, (bool)1, (bool)0, (bool)0>(T1 *, const T1 *, int, float, float, float)"
:layer.11.fp.post_attn_norm,PushPop,2042,2042,32,32,200640,6270.0,5808.0,4928,19488,2525.3,"std::enable_if<T2>(int)0&&vllm::_typeConvert<T1>::exists, void>::type vllm::fused_add_rms_norm_kernel<c10::BFloat16, (int)8, (bool)1>(T1 *, long, T1 *, const T1 *, float, int, int)"
:layer.11.fp.total,PushPop,2042,2042,1,4,3118464,779616.0,734992.0,247552,1400928,580573.1,ampere_bf16_s16816gemm_bf16_128x128_ldg8_f2f_stages_32x5_tn
:layer.11.fp.total,PushPop,2042,2042,1,1,43328,43328.0,43328.0,43328,43328,0.0,"void vllm::act_and_mul_kernel<c10::BFloat16, __nv_bfloat162, &vllm::silu_kernel<c10::BFloat16>, &vllm::packed_silu_kernel<__nv_bfloat162>, (bool)1, (bool)1, (bool)0, (bool)0>(T1 *, const T1 *, int, float, float, float)"
:layer.11.fp.total,PushPop,2042,2042,1,2,41824,20912.0,20912.0,19488,22336,2013.8,"std::enable_if<T2>(int)0&&vllm::_typeConvert<T1>::exists, void>::type vllm::fused_add_rms_norm_kernel<c10::BFloat16, (int)8, (bool)1>(T1 *, long, T1 *, const T1 *, float, int, int)"
:layer.11.fp.total,PushPop,2042,2042,1,1,25152,25152.0,25152.0,25152,25152,0.0,"void flash::flash_fwd_splitkv_kernel<Flash_fwd_kernel_traits<(int)128, (int)64, (int)128, (int)4, (bool)0, (bool)0, cutlass::bfloat16_t, Flash_kernel_traits<(int)128, (int)64, (int)128, (int)4, cutlass::bfloat16_t>>, (bool)1, (bool)0, (bool)0, (bool)0, (bool)1, (bool)0, (bool)0, (bool)0>(flash::Flash_fwd_params)"
:layer.11.fp.total,PushPop,2042,2042,1,1,18496,18496.0,18496.0,18496,18496,0.0,"void vllm::rotary_embedding_kernel<c10::BFloat16, c10::BFloat16, (bool)1>(const long *, T1 *, T1 *, const T2 *, int, long, long, long, int, int, int, long, bool)"
:layer.11.fp.total,PushPop,2042,2042,1,1,10208,10208.0,10208.0,10208,10208,0.0,"void vllm::reshape_and_cache_flash_kernel<__nv_bfloat16, __nv_bfloat16, (vllm::Fp8KVCacheDataType)0>(const T1 *, const T1 *, T2 *, T2 *, const long *, long, long, long, long, long, int, int, int, const float *, const float *, int)"
:layer.11.ptq.attention,PushPop,2042,2042,31,62,5768864,93046.2,95056.0,65536,132320,21738.5,"void at::native::tinygemm_m16n8k16_chunk_kernel<at::native::ALayout_RM<(at::native::KReductionType)0>, at::native::BLayout_TC_int4<(int)8, (int)64>, at::native::ALayout_RM<(at::native::KReductionType)0>, (int)8, (int)8>(const void *, const void *, const void *, void *, int, int, int, int, int, int)"
:layer.11.ptq.attention,PushPop,2042,2042,31,31,383872,12383.0,12000.0,10528,15360,1629.5,"void flash::flash_fwd_splitkv_kernel<Flash_fwd_kernel_traits<(int)128, (int)64, (int)128, (int)4, (bool)0, (bool)0, cutlass::bfloat16_t, Flash_kernel_traits<(int)128, (int)64, (int)128, (int)4, cutlass::bfloat16_t>>, (bool)0, (bool)0, (bool)0, (bool)0, (bool)1, (bool)0, (bool)0, (bool)0>(flash::Flash_fwd_params)"
:layer.11.ptq.attention,PushPop,2042,2042,31,31,270432,8723.6,8224.0,7392,10720,1244.4,"void vllm::rotary_embedding_kernel<c10::BFloat16, c10::BFloat16, (bool)1>(const long *, T1 *, T1 *, const T2 *, int, long, long, long, int, int, int, long, bool)"
:layer.11.ptq.attention,PushPop,2042,2042,31,31,196704,6345.3,5984.0,5152,7584,782.2,"void vllm::reshape_and_cache_flash_kernel<__nv_bfloat16, __nv_bfloat16, (vllm::Fp8KVCacheDataType)0>(const T1 *, const T1 *, T2 *, T2 *, const long *, long, long, long, long, long, int, int, int, const float *, const float *, int)"
:layer.11.ptq.mlp,PushPop,2042,2042,31,62,22533824,363448.8,361392.0,205760,589696,141558.1,"void at::native::tinygemm_m16n8k16_chunk_kernel<at::native::ALayout_RM<(at::native::KReductionType)0>, at::native::BLayout_TC_int4<(int)8, (int)64>, at::native::ALayout_RM<(at::native::KReductionType)0>, (int)8, (int)8>(const void *, const void *, const void *, void *, int, int, int, int, int, int)"
:layer.11.ptq.mlp,PushPop,2042,2042,31,31,276896,8932.1,8416.0,7488,11040,1268.7,"void vllm::act_and_mul_kernel<c10::BFloat16, __nv_bfloat162, &vllm::silu_kernel<c10::BFloat16>, &vllm::packed_silu_kernel<__nv_bfloat162>, (bool)1, (bool)1, (bool)0, (bool)0>(T1 *, const T1 *, int, float, float, float)"
:layer.11.ptq.total,PushPop,2042,2042,31,124,28302688,228247.5,169040.0,65536,589696,169116.1,"void at::native::tinygemm_m16n8k16_chunk_kernel<at::native::ALayout_RM<(at::native::KReductionType)0>, at::native::BLayout_TC_int4<(int)8, (int)64>, at::native::ALayout_RM<(at::native::KReductionType)0>, (int)8, (int)8>(const void *, const void *, const void *, void *, int, int, int, int, int, int)"
:layer.11.ptq.total,PushPop,2042,2042,31,31,383872,12383.0,12000.0,10528,15360,1629.5,"void flash::flash_fwd_splitkv_kernel<Flash_fwd_kernel_traits<(int)128, (int)64, (int)128, (int)4, (bool)0, (bool)0, cutlass::bfloat16_t, Flash_kernel_traits<(int)128, (int)64, (int)128, (int)4, cutlass::bfloat16_t>>, (bool)0, (bool)0, (bool)0, (bool)0, (bool)1, (bool)0, (bool)0, (bool)0>(flash::Flash_fwd_params)"
:layer.11.ptq.total,PushPop,2042,2042,31,62,380448,6136.3,5936.0,4928,7840,867.1,"std::enable_if<T2>(int)0&&vllm::_typeConvert<T1>::exists, void>::type vllm::fused_add_rms_norm_kernel<c10::BFloat16, (int)8, (bool)1>(T1 *, long, T1 *, const T1 *, float, int, int)"
:layer.11.ptq.total,PushPop,2042,2042,31,31,276896,8932.1,8416.0,7488,11040,1268.7,"void vllm::act_and_mul_kernel<c10::BFloat16, __nv_bfloat162, &vllm::silu_kernel<c10::BFloat16>, &vllm::packed_silu_kernel<__nv_bfloat162>, (bool)1, (bool)1, (bool)0, (bool)0>(T1 *, const T1 *, int, float, float, float)"
:layer.11.ptq.total,PushPop,2042,2042,31,31,270432,8723.6,8224.0,7392,10720,1244.4,"void vllm::rotary_embedding_kernel<c10::BFloat16, c10::BFloat16, (bool)1>(const long *, T1 *, T1 *, const T2 *, int, long, long, long, int, int, int, long, bool)"
:layer.11.ptq.total,PushPop,2042,2042,31,31,196704,6345.3,5984.0,5152,7584,782.2,"void vllm::reshape_and_cache_flash_kernel<__nv_bfloat16, __nv_bfloat16, (vllm::Fp8KVCacheDataType)0>(const T1 *, const T1 *, T2 *, T2 *, const long *, long, long, long, long, long, int, int, int, const float *, const float *, int)"
:layer.12.fp.attention,PushPop,2042,2042,1,2,580480,290240.0,290240.0,252672,327808,53129.2,ampere_bf16_s16816gemm_bf16_128x128_ldg8_f2f_stages_32x5_tn
:layer.12.fp.attention,PushPop,2042,2042,1,1,25792,25792.0,25792.0,25792,25792,0.0,"void flash::flash_fwd_splitkv_kernel<Flash_fwd_kernel_traits<(int)128, (int)64, (int)128, (int)4, (bool)0, (bool)0, cutlass::bfloat16_t, Flash_kernel_traits<(int)128, (int)64, (int)128, (int)4, cutlass::bfloat16_t>>, (bool)1, (bool)0, (bool)0, (bool)0, (bool)1, (bool)0, (bool)0, (bool)0>(flash::Flash_fwd_params)"
:layer.12.fp.attention,PushPop,2042,2042,1,1,18848,18848.0,18848.0,18848,18848,0.0,"void vllm::rotary_embedding_kernel<c10::BFloat16, c10::BFloat16, (bool)1>(const long *, T1 *, T1 *, const T2 *, int, long, long, long, int, int, int, long, bool)"
:layer.12.fp.attention,PushPop,2042,2042,1,1,10304,10304.0,10304.0,10304,10304,0.0,"void vllm::reshape_and_cache_flash_kernel<__nv_bfloat16, __nv_bfloat16, (vllm::Fp8KVCacheDataType)0>(const T1 *, const T1 *, T2 *, T2 *, const long *, long, long, long, long, long, int, int, int, const float *, const float *, int)"
:layer.12.fp.input_norm,PushPop,2042,2042,32,32,248256,7758.0,7184.0,6048,23104,2941.9,"std::enable_if<T2>(int)0&&vllm::_typeConvert<T1>::exists, void>::type vllm::fused_add_rms_norm_kernel<c10::BFloat16, (int)8, (bool)1>(T1 *, long, T1 *, const T1 *, float, int, int)"
:layer.12.fp.mlp,PushPop,2042,2042,1,2,2549216,1274608.0,1274608.0,1142592,1406624,186698.8,ampere_bf16_s16816gemm_bf16_128x128_ldg8_f2f_stages_32x5_tn
:layer.12.fp.mlp,PushPop,2042,2042,1,1,43552,43552.0,43552.0,43552,43552,0.0,"void vllm::act_and_mul_kernel<c10::BFloat16, __nv_bfloat162, &vllm::silu_kernel<c10::BFloat16>, &vllm::packed_silu_kernel<__nv_bfloat162>, (bool)1, (bool)1, (bool)0, (bool)0>(T1 *, const T1 *, int, float, float, float)"
:layer.12.fp.post_attn_norm,PushPop,2042,2042,32,32,198016,6188.0,5632.0,4928,19008,2458.6,"std::enable_if<T2>(int)0&&vllm::_typeConvert<T1>::exists, void>::type vllm::fused_add_rms_norm_kernel<c10::BFloat16, (int)8, (bool)1>(T1 *, long, T1 *, const T1 *, float, int, int)"
:layer.12.fp.total,PushPop,2042,2042,1,4,3129696,782424.0,735200.0,252672,1406624,579269.5,ampere_bf16_s16816gemm_bf16_128x128_ldg8_f2f_stages_32x5_tn
:layer.12.fp.total,PushPop,2042,2042,1,1,43552,43552.0,43552.0,43552,43552,0.0,"void vllm::act_and_mul_kernel<c10::BFloat16, __nv_bfloat162, &vllm::silu_kernel<c10::BFloat16>, &vllm::packed_silu_kernel<__nv_bfloat162>, (bool)1, (bool)1, (bool)0, (bool)0>(T1 *, const T1 *, int, float, float, float)"
:layer.12.fp.total,PushPop,2042,2042,1,2,42112,21056.0,21056.0,19008,23104,2896.3,"std::enable_if<T2>(int)0&&vllm::_typeConvert<T1>::exists, void>::type vllm::fused_add_rms_norm_kernel<c10::BFloat16, (int)8, (bool)1>(T1 *, long, T1 *, const T1 *, float, int, int)"
:layer.12.fp.total,PushPop,2042,2042,1,1,25792,25792.0,25792.0,25792,25792,0.0,"void flash::flash_fwd_splitkv_kernel<Flash_fwd_kernel_traits<(int)128, (int)64, (int)128, (int)4, (bool)0, (bool)0, cutlass::bfloat16_t, Flash_kernel_traits<(int)128, (int)64, (int)128, (int)4, cutlass::bfloat16_t>>, (bool)1, (bool)0, (bool)0, (bool)0, (bool)1, (bool)0, (bool)0, (bool)0>(flash::Flash_fwd_params)"
:layer.12.fp.total,PushPop,2042,2042,1,1,18848,18848.0,18848.0,18848,18848,0.0,"void vllm::rotary_embedding_kernel<c10::BFloat16, c10::BFloat16, (bool)1>(const long *, T1 *, T1 *, const T2 *, int, long, long, long, int, int, int, long, bool)"
:layer.12.fp.total,PushPop,2042,2042,1,1,10304,10304.0,10304.0,10304,10304,0.0,"void vllm::reshape_and_cache_flash_kernel<__nv_bfloat16, __nv_bfloat16, (vllm::Fp8KVCacheDataType)0>(const T1 *, const T1 *, T2 *, T2 *, const long *, long, long, long, long, long, int, int, int, const float *, const float *, int)"
:layer.12.ptq.attention,PushPop,2042,2042,31,62,5747264,92697.8,93920.0,68320,132000,20182.7,"void at::native::tinygemm_m16n8k16_chunk_kernel<at::native::ALayout_RM<(at::native::KReductionType)0>, at::native::BLayout_TC_int4<(int)8, (int)64>, at::native::ALayout_RM<(at::native::KReductionType)0>, (int)8, (int)8>(const void *, const void *, const void *, void *, int, int, int, int, int, int)"
:layer.12.ptq.attention,PushPop,2042,2042,31,31,381472,12305.5,11552.0,10496,15328,1696.2,"void flash::flash_fwd_splitkv_kernel<Flash_fwd_kernel_traits<(int)128, (int)64, (int)128, (int)4, (bool)0, (bool)0, cutlass::bfloat16_t, Flash_kernel_traits<(int)128, (int)64, (int)128, (int)4, cutlass::bfloat16_t>>, (bool)0, (bool)0, (bool)0, (bool)0, (bool)1, (bool)0, (bool)0, (bool)0>(flash::Flash_fwd_params)"
:layer.12.ptq.attention,PushPop,2042,2042,31,31,252512,8145.5,7648.0,6912,10304,1236.8,"void vllm::rotary_embedding_kernel<c10::BFloat16, c10::BFloat16, (bool)1>(const long *, T1 *, T1 *, const T2 *, int, long, long, long, int, int, int, long, bool)"
:layer.12.ptq.attention,PushPop,2042,2042,31,31,194624,6278.2,5824.0,5056,7712,806.9,"void vllm::reshape_and_cache_flash_kernel<__nv_bfloat16, __nv_bfloat16, (vllm::Fp8KVCacheDataType)0>(const T1 *, const T1 *, T2 *, T2 *, const long *, long, long, long, long, long, int, int, int, const float *, const float *, int)"
:layer.12.ptq.mlp,PushPop,2042,2042,31,62,22073536,356024.8,356256.0,206176,589280,136198.9,"void at::native::tinygemm_m16n8k16_chunk_kernel<at::native::ALayout_RM<(at::native::KReductionType)0>, at::native::BLayout_TC_int4<(int)8, (int)64>, at::native::ALayout_RM<(at::native::KReductionType)0>, (int)8, (int)8>(const void *, const void *, const void *, void *, int, int, int, int, int, int)"
:layer.12.ptq.mlp,PushPop,2042,2042,31,31,275040,8872.3,8384.0,7520,11040,1299.1,"void vllm::act_and_mul_kernel<c10::BFloat16, __nv_bfloat162, &vllm::silu_kernel<c10::BFloat16>, &vllm::packed_silu_kernel<__nv_bfloat162>, (bool)1, (bool)1, (bool)0, (bool)0>(T1 *, const T1 *, int, float, float, float)"
:layer.12.ptq.total,PushPop,2042,2042,31,124,27820800,224361.3,169088.0,68320,589280,163944.8,"void at::native::tinygemm_m16n8k16_chunk_kernel<at::native::ALayout_RM<(at::native::KReductionType)0>, at::native::BLayout_TC_int4<(int)8, (int)64>, at::native::ALayout_RM<(at::native::KReductionType)0>, (int)8, (int)8>(const void *, const void *, const void *, void *, int, int, int, int, int, int)"
:layer.12.ptq.total,PushPop,2042,2042,31,62,404160,6518.7,6400.0,4928,8832,1125.6,"std::enable_if<T2>(int)0&&vllm::_typeConvert<T1>::exists, void>::type vllm::fused_add_rms_norm_kernel<c10::BFloat16, (int)8, (bool)1>(T1 *, long, T1 *, const T1 *, float, int, int)"
:layer.12.ptq.total,PushPop,2042,2042,31,31,381472,12305.5,11552.0,10496,15328,1696.2,"void flash::flash_fwd_splitkv_kernel<Flash_fwd_kernel_traits<(int)128, (int)64, (int)128, (int)4, (bool)0, (bool)0, cutlass::bfloat16_t, Flash_kernel_traits<(int)128, (int)64, (int)128, (int)4, cutlass::bfloat16_t>>, (bool)0, (bool)0, (bool)0, (bool)0, (bool)1, (bool)0, (bool)0, (bool)0>(flash::Flash_fwd_params)"
:layer.12.ptq.total,PushPop,2042,2042,31,31,275040,8872.3,8384.0,7520,11040,1299.1,"void vllm::act_and_mul_kernel<c10::BFloat16, __nv_bfloat162, &vllm::silu_kernel<c10::BFloat16>, &vllm::packed_silu_kernel<__nv_bfloat162>, (bool)1, (bool)1, (bool)0, (bool)0>(T1 *, const T1 *, int, float, float, float)"
:layer.12.ptq.total,PushPop,2042,2042,31,31,252512,8145.5,7648.0,6912,10304,1236.8,"void vllm::rotary_embedding_kernel<c10::BFloat16, c10::BFloat16, (bool)1>(const long *, T1 *, T1 *, const T2 *, int, long, long, long, int, int, int, long, bool)"
:layer.12.ptq.total,PushPop,2042,2042,31,31,194624,6278.2,5824.0,5056,7712,806.9,"void vllm::reshape_and_cache_flash_kernel<__nv_bfloat16, __nv_bfloat16, (vllm::Fp8KVCacheDataType)0>(const T1 *, const T1 *, T2 *, T2 *, const long *, long, long, long, long, long, int, int, int, const float *, const float *, int)"
:layer.13.fp.attention,PushPop,2042,2042,1,2,569888,284944.0,284944.0,244032,325856,57858.3,ampere_bf16_s16816gemm_bf16_128x128_ldg8_f2f_stages_32x5_tn
:layer.13.fp.attention,PushPop,2042,2042,1,1,25632,25632.0,25632.0,25632,25632,0.0,"void flash::flash_fwd_splitkv_kernel<Flash_fwd_kernel_traits<(int)128, (int)64, (int)128, (int)4, (bool)0, (bool)0, cutlass::bfloat16_t, Flash_kernel_traits<(int)128, (int)64, (int)128, (int)4, cutlass::bfloat16_t>>, (bool)1, (bool)0, (bool)0, (bool)0, (bool)1, (bool)0, (bool)0, (bool)0>(flash::Flash_fwd_params)"
:layer.13.fp.attention,PushPop,2042,2042,1,1,19584,19584.0,19584.0,19584,19584,0.0,"void vllm::rotary_embedding_kernel<c10::BFloat16, c10::BFloat16, (bool)1>(const long *, T1 *, T1 *, const T2 *, int, long, long, long, int, int, int, long, bool)"
:layer.13.fp.attention,PushPop,2042,2042,1,1,10592,10592.0,10592.0,10592,10592,0.0,"void vllm::reshape_and_cache_flash_kernel<__nv_bfloat16, __nv_bfloat16, (vllm::Fp8KVCacheDataType)0>(const T1 *, const T1 *, T2 *, T2 *, const long *, long, long, long, long, long, int, int, int, const float *, const float *, int)"
:layer.13.fp.input_norm,PushPop,2042,2042,32,32,219840,6870.0,6336.0,5472,22368,2942.1,"std::enable_if<T2>(int)0&&vllm::_typeConvert<T1>::exists, void>::type vllm::fused_add_rms_norm_kernel<c10::BFloat16, (int)8, (bool)1>(T1 *, long, T1 *, const T1 *, float, int, int)"
:layer.13.fp.mlp,PushPop,2042,2042,1,2,2564416,1282208.0,1282208.0,1153632,1410784,181833.9,ampere_bf16_s16816gemm_bf16_128x128_ldg8_f2f_stages_32x5_tn
:layer.13.fp.mlp,PushPop,2042,2042,1,1,43616,43616.0,43616.0,43616,43616,0.0,"void vllm::act_and_mul_kernel<c10::BFloat16, __nv_bfloat162, &vllm::silu_kernel<c10::BFloat16>, &vllm::packed_silu_kernel<__nv_bfloat162>, (bool)1, (bool)1, (bool)0, (bool)0>(T1 *, const T1 *, int, float, float, float)"
:layer.13.fp.post_attn_norm,PushPop,2042,2042,32,32,197152,6161.0,5648.0,4928,19776,2579.9,"std::enable_if<T2>(int)0&&vllm::_typeConvert<T1>::exists, void>::type vllm::fused_add_rms_norm_kernel<c10::BFloat16, (int)8, (bool)1>(T1 *, long, T1 *, const T1 *, float, int, int)"
:layer.13.fp.total,PushPop,2042,2042,1,4,3134304,783576.0,739744.0,244032,1410784,586215.7,ampere_bf16_s16816gemm_bf16_128x128_ldg8_f2f_stages_32x5_tn
:layer.13.fp.total,PushPop,2042,2042,1,1,43616,43616.0,43616.0,43616,43616,0.0,"void vllm::act_and_mul_kernel<c10::BFloat16, __nv_bfloat162, &vllm::silu_kernel<c10::BFloat16>, &vllm::packed_silu_kernel<__nv_bfloat162>, (bool)1, (bool)1, (bool)0, (bool)0>(T1 *, const T1 *, int, float, float, float)"
:layer.13.fp.total,PushPop,2042,2042,1,2,42144,21072.0,21072.0,19776,22368,1832.8,"std::enable_if<T2>(int)0&&vllm::_typeConvert<T1>::exists, void>::type vllm::fused_add_rms_norm_kernel<c10::BFloat16, (int)8, (bool)1>(T1 *, long, T1 *, const T1 *, float, int, int)"
:layer.13.fp.total,PushPop,2042,2042,1,1,25632,25632.0,25632.0,25632,25632,0.0,"void flash::flash_fwd_splitkv_kernel<Flash_fwd_kernel_traits<(int)128, (int)64, (int)128, (int)4, (bool)0, (bool)0, cutlass::bfloat16_t, Flash_kernel_traits<(int)128, (int)64, (int)128, (int)4, cutlass::bfloat16_t>>, (bool)1, (bool)0, (bool)0, (bool)0, (bool)1, (bool)0, (bool)0, (bool)0>(flash::Flash_fwd_params)"
:layer.13.fp.total,PushPop,2042,2042,1,1,19584,19584.0,19584.0,19584,19584,0.0,"void vllm::rotary_embedding_kernel<c10::BFloat16, c10::BFloat16, (bool)1>(const long *, T1 *, T1 *, const T2 *, int, long, long, long, int, int, int, long, bool)"
:layer.13.fp.total,PushPop,2042,2042,1,1,10592,10592.0,10592.0,10592,10592,0.0,"void vllm::reshape_and_cache_flash_kernel<__nv_bfloat16, __nv_bfloat16, (vllm::Fp8KVCacheDataType)0>(const T1 *, const T1 *, T2 *, T2 *, const long *, long, long, long, long, long, int, int, int, const float *, const float *, int)"
:layer.13.ptq.attention,PushPop,2042,2042,31,62,5671904,91482.3,93872.0,66656,133120,20631.0,"void at::native::tinygemm_m16n8k16_chunk_kernel<at::native::ALayout_RM<(at::native::KReductionType)0>, at::native::BLayout_TC_int4<(int)8, (int)64>, at::native::ALayout_RM<(at::native::KReductionType)0>, (int)8, (int)8>(const void *, const void *, const void *, void *, int, int, int, int, int, int)"
:layer.13.ptq.attention,PushPop,2042,2042,31,31,378400,12206.5,11520.0,10464,15424,1607.2,"void flash::flash_fwd_splitkv_kernel<Flash_fwd_kernel_traits<(int)128, (int)64, (int)128, (int)4, (bool)0, (bool)0, cutlass::bfloat16_t, Flash_kernel_traits<(int)128, (int)64, (int)128, (int)4, cutlass::bfloat16_t>>, (bool)0, (bool)0, (bool)0, (bool)0, (bool)1, (bool)0, (bool)0, (bool)0>(flash::Flash_fwd_params)"
:layer.13.ptq.attention,PushPop,2042,2042,31,31,254752,8217.8,7680.0,6944,10688,1274.3,"void vllm::rotary_embedding_kernel<c10::BFloat16, c10::BFloat16, (bool)1>(const long *, T1 *, T1 *, const T2 *, int, long, long, long, int, int, int, long, bool)"
:layer.13.ptq.attention,PushPop,2042,2042,31,31,194624,6278.2,5952.0,5120,7712,771.7,"void vllm::reshape_and_cache_flash_kernel<__nv_bfloat16, __nv_bfloat16, (vllm::Fp8KVCacheDataType)0>(const T1 *, const T1 *, T2 *, T2 *, const long *, long, long, long, long, long, int, int, int, const float *, const float *, int)"
:layer.13.ptq.mlp,PushPop,2042,2042,31,62,21873056,352791.2,355680.0,204896,586848,135321.1,"void at::native::tinygemm_m16n8k16_chunk_kernel<at::native::ALayout_RM<(at::native::KReductionType)0>, at::native::BLayout_TC_int4<(int)8, (int)64>, at::native::ALayout_RM<(at::native::KReductionType)0>, (int)8, (int)8>(const void *, const void *, const void *, void *, int, int, int, int, int, int)"
:layer.13.ptq.mlp,PushPop,2042,2042,31,31,275616,8890.8,8384.0,7552,11008,1241.0,"void vllm::act_and_mul_kernel<c10::BFloat16, __nv_bfloat162, &vllm::silu_kernel<c10::BFloat16>, &vllm::packed_silu_kernel<__nv_bfloat162>, (bool)1, (bool)1, (bool)0, (bool)0>(T1 *, const T1 *, int, float, float, float)"
:layer.13.ptq.total,PushPop,2042,2042,31,124,27544960,222136.8,169008.0,66656,586848,162794.1,"void at::native::tinygemm_m16n8k16_chunk_kernel<at::native::ALayout_RM<(at::native::KReductionType)0>, at::native::BLayout_TC_int4<(int)8, (int)64>, at::native::ALayout_RM<(at::native::KReductionType)0>, (int)8, (int)8>(const void *, const void *, const void *, void *, int, int, int, int, int, int)"
:layer.13.ptq.total,PushPop,2042,2042,31,31,378400,12206.5,11520.0,10464,15424,1607.2,"void flash::flash_fwd_splitkv_kernel<Flash_fwd_kernel_traits<(int)128, (int)64, (int)128, (int)4, (bool)0, (bool)0, cutlass::bfloat16_t, Flash_kernel_traits<(int)128, (int)64, (int)128, (int)4, cutlass::bfloat16_t>>, (bool)0, (bool)0, (bool)0, (bool)0, (bool)1, (bool)0, (bool)0, (bool)0>(flash::Flash_fwd_params)"
:layer.13.ptq.total,PushPop,2042,2042,31,62,374848,6045.9,5792.0,4928,7808,828.8,"std::enable_if<T2>(int)0&&vllm::_typeConvert<T1>::exists, void>::type vllm::fused_add_rms_norm_kernel<c10::BFloat16, (int)8, (bool)1>(T1 *, long, T1 *, const T1 *, float, int, int)"
:layer.13.ptq.total,PushPop,2042,2042,31,31,275616,8890.8,8384.0,7552,11008,1241.0,"void vllm::act_and_mul_kernel<c10::BFloat16, __nv_bfloat162, &vllm::silu_kernel<c10::BFloat16>, &vllm::packed_silu_kernel<__nv_bfloat162>, (bool)1, (bool)1, (bool)0, (bool)0>(T1 *, const T1 *, int, float, float, float)"
:layer.13.ptq.total,PushPop,2042,2042,31,31,254752,8217.8,7680.0,6944,10688,1274.3,"void vllm::rotary_embedding_kernel<c10::BFloat16, c10::BFloat16, (bool)1>(const long *, T1 *, T1 *, const T2 *, int, long, long, long, int, int, int, long, bool)"
:layer.13.ptq.total,PushPop,2042,2042,31,31,194624,6278.2,5952.0,5120,7712,771.7,"void vllm::reshape_and_cache_flash_kernel<__nv_bfloat16, __nv_bfloat16, (vllm::Fp8KVCacheDataType)0>(const T1 *, const T1 *, T2 *, T2 *, const long *, long, long, long, long, long, int, int, int, const float *, const float *, int)"
:layer.14.fp.attention,PushPop,2042,2042,1,2,573696,286848.0,286848.0,248512,325184,54215.3,ampere_bf16_s16816gemm_bf16_128x128_ldg8_f2f_stages_32x5_tn
:layer.14.fp.attention,PushPop,2042,2042,1,1,26080,26080.0,26080.0,26080,26080,0.0,"void flash::flash_fwd_splitkv_kernel<Flash_fwd_kernel_traits<(int)128, (int)64, (int)128, (int)4, (bool)0, (bool)0, cutlass::bfloat16_t, Flash_kernel_traits<(int)128, (int)64, (int)128, (int)4, cutlass::bfloat16_t>>, (bool)1, (bool)0, (bool)0, (bool)0, (bool)1, (bool)0, (bool)0, (bool)0>(flash::Flash_fwd_params)"
:layer.14.fp.attention,PushPop,2042,2042,1,1,19296,19296.0,19296.0,19296,19296,0.0,"void vllm::rotary_embedding_kernel<c10::BFloat16, c10::BFloat16, (bool)1>(const long *, T1 *, T1 *, const T2 *, int, long, long, long, int, int, int, long, bool)"
:layer.14.fp.attention,PushPop,2042,2042,1,1,10400,10400.0,10400.0,10400,10400,0.0,"void vllm::reshape_and_cache_flash_kernel<__nv_bfloat16, __nv_bfloat16, (vllm::Fp8KVCacheDataType)0>(const T1 *, const T1 *, T2 *, T2 *, const long *, long, long, long, long, long, int, int, int, const float *, const float *, int)"
:layer.14.fp.input_norm,PushPop,2042,2042,32,32,219104,6847.0,6096.0,5504,22720,3003.1,"std::enable_if<T2>(int)0&&vllm::_typeConvert<T1>::exists, void>::type vllm::fused_add_rms_norm_kernel<c10::BFloat16, (int)8, (bool)1>(T1 *, long, T1 *, const T1 *, float, int, int)"
:layer.14.fp.mlp,PushPop,2042,2042,1,2,2548352,1274176.0,1274176.0,1148288,1400064,178032.5,ampere_bf16_s16816gemm_bf16_128x128_ldg8_f2f_stages_32x5_tn
:layer.14.fp.mlp,PushPop,2042,2042,1,1,43104,43104.0,43104.0,43104,43104,0.0,"void vllm::act_and_mul_kernel<c10::BFloat16, __nv_bfloat162, &vllm::silu_kernel<c10::BFloat16>, &vllm::packed_silu_kernel<__nv_bfloat162>, (bool)1, (bool)1, (bool)0, (bool)0>(T1 *, const T1 *, int, float, float, float)"
:layer.14.fp.post_attn_norm,PushPop,2042,2042,32,32,194656,6083.0,5488.0,4896,19296,2521.1,"std::enable_if<T2>(int)0&&vllm::_typeConvert<T1>::exists, void>::type vllm::fused_add_rms_norm_kernel<c10::BFloat16, (int)8, (bool)1>(T1 *, long, T1 *, const T1 *, float, int, int)"
:layer.14.fp.total,PushPop,2042,2042,1,4,3122048,780512.0,736736.0,248512,1400064,580072.3,ampere_bf16_s16816gemm_bf16_128x128_ldg8_f2f_stages_32x5_tn
:layer.14.fp.total,PushPop,2042,2042,1,1,43104,43104.0,43104.0,43104,43104,0.0,"void vllm::act_and_mul_kernel<c10::BFloat16, __nv_bfloat162, &vllm::silu_kernel<c10::BFloat16>, &vllm::packed_silu_kernel<__nv_bfloat162>, (bool)1, (bool)1, (bool)0, (bool)0>(T1 *, const T1 *, int, float, float, float)"
:layer.14.fp.total,PushPop,2042,2042,1,2,42016,21008.0,21008.0,19296,22720,2421.1,"std::enable_if<T2>(int)0&&vllm::_typeConvert<T1>::exists, void>::type vllm::fused_add_rms_norm_kernel<c10::BFloat16, (int)8, (bool)1>(T1 *, long, T1 *, const T1 *, float, int, int)"
:layer.14.fp.total,PushPop,2042,2042,1,1,26080,26080.0,26080.0,26080,26080,0.0,"void flash::flash_fwd_splitkv_kernel<Flash_fwd_kernel_traits<(int)128, (int)64, (int)128, (int)4, (bool)0, (bool)0, cutlass::bfloat16_t, Flash_kernel_traits<(int)128, (int)64, (int)128, (int)4, cutlass::bfloat16_t>>, (bool)1, (bool)0, (bool)0, (bool)0, (bool)1, (bool)0, (bool)0, (bool)0>(flash::Flash_fwd_params)"
:layer.14.fp.total,PushPop,2042,2042,1,1,19296,19296.0,19296.0,19296,19296,0.0,"void vllm::rotary_embedding_kernel<c10::BFloat16, c10::BFloat16, (bool)1>(const long *, T1 *, T1 *, const T2 *, int, long, long, long, int, int, int, long, bool)"
:layer.14.fp.total,PushPop,2042,2042,1,1,10400,10400.0,10400.0,10400,10400,0.0,"void vllm::reshape_and_cache_flash_kernel<__nv_bfloat16, __nv_bfloat16, (vllm::Fp8KVCacheDataType)0>(const T1 *, const T1 *, T2 *, T2 *, const long *, long, long, long, long, long, int, int, int, const float *, const float *, int)"
:layer.14.ptq.attention,PushPop,2042,2042,31,62,5602208,90358.2,94256.0,66656,132352,19698.3,"void at::native::tinygemm_m16n8k16_chunk_kernel<at::native::ALayout_RM<(at::native::KReductionType)0>, at::native::BLayout_TC_int4<(int)8, (int)64>, at::native::ALayout_RM<(at::native::KReductionType)0>, (int)8, (int)8>(const void *, const void *, const void *, void *, int, int, int, int, int, int)"
:layer.14.ptq.attention,PushPop,2042,2042,31,31,371776,11992.8,11168.0,10464,15232,1535.2,"void flash::flash_fwd_splitkv_kernel<Flash_fwd_kernel_traits<(int)128, (int)64, (int)128, (int)4, (bool)0, (bool)0, cutlass::bfloat16_t, Flash_kernel_traits<(int)128, (int)64, (int)128, (int)4, cutlass::bfloat16_t>>, (bool)0, (bool)0, (bool)0, (bool)0, (bool)1, (bool)0, (bool)0, (bool)0>(flash::Flash_fwd_params)"
:layer.14.ptq.attention,PushPop,2042,2042,31,31,261472,8434.6,8032.0,7232,10720,1147.7,"void vllm::rotary_embedding_kernel<c10::BFloat16, c10::BFloat16, (bool)1>(const long *, T1 *, T1 *, const T2 *, int, long, long, long, int, int, int, long, bool)"
:layer.14.ptq.attention,PushPop,2042,2042,31,31,192416,6207.0,5920.0,5120,7616,743.9,"void vllm::reshape_and_cache_flash_kernel<__nv_bfloat16, __nv_bfloat16, (vllm::Fp8KVCacheDataType)0>(const T1 *, const T1 *, T2 *, T2 *, const long *, long, long, long, long, long, int, int, int, const float *, const float *, int)"
:layer.14.ptq.mlp,PushPop,2042,2042,31,62,21610432,348555.4,354016.0,204352,589728,132335.0,"void at::native::tinygemm_m16n8k16_chunk_kernel<at::native::ALayout_RM<(at::native::KReductionType)0>, at::native::BLayout_TC_int4<(int)8, (int)64>, at::native::ALayout_RM<(at::native::KReductionType)0>, (int)8, (int)8>(const void *, const void *, const void *, void *, int, int, int, int, int, int)"
:layer.14.ptq.mlp,PushPop,2042,2042,31,31,268544,8662.7,8032.0,7520,10944,1190.2,"void vllm::act_and_mul_kernel<c10::BFloat16, __nv_bfloat162, &vllm::silu_kernel<c10::BFloat16>, &vllm::packed_silu_kernel<__nv_bfloat162>, (bool)1, (bool)1, (bool)0, (bool)0>(T1 *, const T1 *, int, float, float, float)"
:layer.14.ptq.total,PushPop,2042,2042,31,124,27212640,219456.8,168352.0,66656,589728,160248.1,"void at::native::tinygemm_m16n8k16_chunk_kernel<at::native::ALayout_RM<(at::native::KReductionType)0>, at::native::BLayout_TC_int4<(int)8, (int)64>, at::native::ALayout_RM<(at::native::KReductionType)0>, (int)8, (int)8>(const void *, const void *, const void *, void *, int, int, int, int, int, int)"
:layer.14.ptq.total,PushPop,2042,2042,31,31,371776,11992.8,11168.0,10464,15232,1535.2,"void flash::flash_fwd_splitkv_kernel<Flash_fwd_kernel_traits<(int)128, (int)64, (int)128, (int)4, (bool)0, (bool)0, cutlass::bfloat16_t, Flash_kernel_traits<(int)128, (int)64, (int)128, (int)4, cutlass::bfloat16_t>>, (bool)0, (bool)0, (bool)0, (bool)0, (bool)1, (bool)0, (bool)0, (bool)0>(flash::Flash_fwd_params)"
:layer.14.ptq.total,PushPop,2042,2042,31,62,371744,5995.9,5744.0,4896,8096,843.9,"std::enable_if<T2>(int)0&&vllm::_typeConvert<T1>::exists, void>::type vllm::fused_add_rms_norm_kernel<c10::BFloat16, (int)8, (bool)1>(T1 *, long, T1 *, const T1 *, float, int, int)"
:layer.14.ptq.total,PushPop,2042,2042,31,31,268544,8662.7,8032.0,7520,10944,1190.2,"void vllm::act_and_mul_kernel<c10::BFloat16, __nv_bfloat162, &vllm::silu_kernel<c10::BFloat16>, &vllm::packed_silu_kernel<__nv_bfloat162>, (bool)1, (bool)1, (bool)0, (bool)0>(T1 *, const T1 *, int, float, float, float)"
:layer.14.ptq.total,PushPop,2042,2042,31,31,261472,8434.6,8032.0,7232,10720,1147.7,"void vllm::rotary_embedding_kernel<c10::BFloat16, c10::BFloat16, (bool)1>(const long *, T1 *, T1 *, const T2 *, int, long, long, long, int, int, int, long, bool)"
:layer.14.ptq.total,PushPop,2042,2042,31,31,192416,6207.0,5920.0,5120,7616,743.9,"void vllm::reshape_and_cache_flash_kernel<__nv_bfloat16, __nv_bfloat16, (vllm::Fp8KVCacheDataType)0>(const T1 *, const T1 *, T2 *, T2 *, const long *, long, long, long, long, long, int, int, int, const float *, const float *, int)"
:layer.15.fp.attention,PushPop,2042,2042,1,2,571744,285872.0,285872.0,247488,324256,54283.2,ampere_bf16_s16816gemm_bf16_128x128_ldg8_f2f_stages_32x5_tn
:layer.15.fp.attention,PushPop,2042,2042,1,1,25664,25664.0,25664.0,25664,25664,0.0,"void flash::flash_fwd_splitkv_kernel<Flash_fwd_kernel_traits<(int)128, (int)64, (int)128, (int)4, (bool)0, (bool)0, cutlass::bfloat16_t, Flash_kernel_traits<(int)128, (int)64, (int)128, (int)4, cutlass::bfloat16_t>>, (bool)1, (bool)0, (bool)0, (bool)0, (bool)1, (bool)0, (bool)0, (bool)0>(flash::Flash_fwd_params)"
:layer.15.fp.attention,PushPop,2042,2042,1,1,18784,18784.0,18784.0,18784,18784,0.0,"void vllm::rotary_embedding_kernel<c10::BFloat16, c10::BFloat16, (bool)1>(const long *, T1 *, T1 *, const T2 *, int, long, long, long, int, int, int, long, bool)"
:layer.15.fp.attention,PushPop,2042,2042,1,1,10208,10208.0,10208.0,10208,10208,0.0,"void vllm::reshape_and_cache_flash_kernel<__nv_bfloat16, __nv_bfloat16, (vllm::Fp8KVCacheDataType)0>(const T1 *, const T1 *, T2 *, T2 *, const long *, long, long, long, long, long, int, int, int, const float *, const float *, int)"
:layer.15.fp.input_norm,PushPop,2042,2042,32,32,215040,6720.0,5792.0,5472,22880,3046.9,"std::enable_if<T2>(int)0&&vllm::_typeConvert<T1>::exists, void>::type vllm::fused_add_rms_norm_kernel<c10::BFloat16, (int)8, (bool)1>(T1 *, long, T1 *, const T1 *, float, int, int)"
:layer.15.fp.mlp,PushPop,2042,2042,1,2,2548896,1274448.0,1274448.0,1145952,1402944,181720.8,ampere_bf16_s16816gemm_bf16_128x128_ldg8_f2f_stages_32x5_tn
:layer.15.fp.mlp,PushPop,2042,2042,1,1,43552,43552.0,43552.0,43552,43552,0.0,"void vllm::act_and_mul_kernel<c10::BFloat16, __nv_bfloat162, &vllm::silu_kernel<c10::BFloat16>, &vllm::packed_silu_kernel<__nv_bfloat162>, (bool)1, (bool)1, (bool)0, (bool)0>(T1 *, const T1 *, int, float, float, float)"
:layer.15.fp.post_attn_norm,PushPop,2042,2042,32,32,223552,6986.0,6448.0,5408,19424,2398.8,"std::enable_if<T2>(int)0&&vllm::_typeConvert<T1>::exists, void>::type vllm::fused_add_rms_norm_kernel<c10::BFloat16, (int)8, (bool)1>(T1 *, long, T1 *, const T1 *, float, int, int)"
:layer.15.fp.total,PushPop,2042,2042,1,4,3120640,780160.0,735104.0,247488,1402944,581163.1,ampere_bf16_s16816gemm_bf16_128x128_ldg8_f2f_stages_32x5_tn
:layer.15.fp.total,PushPop,2042,2042,1,1,43552,43552.0,43552.0,43552,43552,0.0,"void vllm::act_and_mul_kernel<c10::BFloat16, __nv_bfloat162, &vllm::silu_kernel<c10::BFloat16>, &vllm::packed_silu_kernel<__nv_bfloat162>, (bool)1, (bool)1, (bool)0, (bool)0>(T1 *, const T1 *, int, float, float, float)"
:layer.15.fp.total,PushPop,2042,2042,1,2,42304,21152.0,21152.0,19424,22880,2443.8,"std::enable_if<T2>(int)0&&vllm::_typeConvert<T1>::exists, void>::type vllm::fused_add_rms_norm_kernel<c10::BFloat16, (int)8, (bool)1>(T1 *, long, T1 *, const T1 *, float, int, int)"
:layer.15.fp.total,PushPop,2042,2042,1,1,25664,25664.0,25664.0,25664,25664,0.0,"void flash::flash_fwd_splitkv_kernel<Flash_fwd_kernel_traits<(int)128, (int)64, (int)128, (int)4, (bool)0, (bool)0, cutlass::bfloat16_t, Flash_kernel_traits<(int)128, (int)64, (int)128, (int)4, cutlass::bfloat16_t>>, (bool)1, (bool)0, (bool)0, (bool)0, (bool)1, (bool)0, (bool)0, (bool)0>(flash::Flash_fwd_params)"
:layer.15.fp.total,PushPop,2042,2042,1,1,18784,18784.0,18784.0,18784,18784,0.0,"void vllm::rotary_embedding_kernel<c10::BFloat16, c10::BFloat16, (bool)1>(const long *, T1 *, T1 *, const T2 *, int, long, long, long, int, int, int, long, bool)"
:layer.15.fp.total,PushPop,2042,2042,1,1,10208,10208.0,10208.0,10208,10208,0.0,"void vllm::reshape_and_cache_flash_kernel<__nv_bfloat16, __nv_bfloat16, (vllm::Fp8KVCacheDataType)0>(const T1 *, const T1 *, T2 *, T2 *, const long *, long, long, long, long, long, int, int, int, const float *, const float *, int)"
:layer.15.ptq.attention,PushPop,2042,2042,31,62,5599008,90306.6,94400.0,66816,132896,19743.6,"void at::native::tinygemm_m16n8k16_chunk_kernel<at::native::ALayout_RM<(at::native::KReductionType)0>, at::native::BLayout_TC_int4<(int)8, (int)64>, at::native::ALayout_RM<(at::native::KReductionType)0>, (int)8, (int)8>(const void *, const void *, const void *, void *, int, int, int, int, int, int)"
:layer.15.ptq.attention,PushPop,2042,2042,31,31,375072,12099.1,11232.0,10592,15360,1506.0,"void flash::flash_fwd_splitkv_kernel<Flash_fwd_kernel_traits<(int)128, (int)64, (int)128, (int)4, (bool)0, (bool)0, cutlass::bfloat16_t, Flash_kernel_traits<(int)128, (int)64, (int)128, (int)4, cutlass::bfloat16_t>>, (bool)0, (bool)0, (bool)0, (bool)0, (bool)1, (bool)0, (bool)0, (bool)0>(flash::Flash_fwd_params)"
:layer.15.ptq.attention,PushPop,2042,2042,31,31,260224,8394.3,8096.0,7360,10624,1110.1,"void vllm::rotary_embedding_kernel<c10::BFloat16, c10::BFloat16, (bool)1>(const long *, T1 *, T1 *, const T2 *, int, long, long, long, int, int, int, long, bool)"
:layer.15.ptq.attention,PushPop,2042,2042,31,31,190784,6154.3,5792.0,5088,7680,764.9,"void vllm::reshape_and_cache_flash_kernel<__nv_bfloat16, __nv_bfloat16, (vllm::Fp8KVCacheDataType)0>(const T1 *, const T1 *, T2 *, T2 *, const long *, long, long, long, long, long, int, int, int, const float *, const float *, int)"
:layer.15.ptq.mlp,PushPop,2042,2042,31,62,21599456,348378.3,356560.0,204096,590272,133879.9,"void at::native::tinygemm_m16n8k16_chunk_kernel<at::native::ALayout_RM<(at::native::KReductionType)0>, at::native::BLayout_TC_int4<(int)8, (int)64>, at::native::ALayout_RM<(at::native::KReductionType)0>, (int)8, (int)8>(const void *, const void *, const void *, void *, int, int, int, int, int, int)"
:layer.15.ptq.mlp,PushPop,2042,2042,31,31,270016,8710.2,8128.0,7520,10944,1196.5,"void vllm::act_and_mul_kernel<c10::BFloat16, __nv_bfloat162, &vllm::silu_kernel<c10::BFloat16>, &vllm::packed_silu_kernel<__nv_bfloat162>, (bool)1, (bool)1, (bool)0, (bool)0>(T1 *, const T1 *, int, float, float, float)"
:layer.15.ptq.total,PushPop,2042,2042,31,124,27198464,219342.5,168496.0,66816,590272,160835.3,"void at::native::tinygemm_m16n8k16_chunk_kernel<at::native::ALayout_RM<(at::native::KReductionType)0>, at::native::BLayout_TC_int4<(int)8, (int)64>, at::native::ALayout_RM<(at::native::KReductionType)0>, (int)8, (int)8>(const void *, const void *, const void *, void *, int, int, int, int, int, int)"
:layer.15.ptq.total,PushPop,2042,2042,31,62,396288,6391.7,6144.0,5408,8160,802.0,"std::enable_if<T2>(int)0&&vllm::_typeConvert<T1>::exists, void>::type vllm::fused_add_rms_norm_kernel<c10::BFloat16, (int)8, (bool)1>(T1 *, long, T1 *, const T1 *, float, int, int)"
:layer.15.ptq.total,PushPop,2042,2042,31,31,375072,12099.1,11232.0,10592,15360,1506.0,"void flash::flash_fwd_splitkv_kernel<Flash_fwd_kernel_traits<(int)128, (int)64, (int)128, (int)4, (bool)0, (bool)0, cutlass::bfloat16_t, Flash_kernel_traits<(int)128, (int)64, (int)128, (int)4, cutlass::bfloat16_t>>, (bool)0, (bool)0, (bool)0, (bool)0, (bool)1, (bool)0, (bool)0, (bool)0>(flash::Flash_fwd_params)"
:layer.15.ptq.total,PushPop,2042,2042,31,31,270016,8710.2,8128.0,7520,10944,1196.5,"void vllm::act_and_mul_kernel<c10::BFloat16, __nv_bfloat162, &vllm::silu_kernel<c10::BFloat16>, &vllm::packed_silu_kernel<__nv_bfloat162>, (bool)1, (bool)1, (bool)0, (bool)0>(T1 *, const T1 *, int, float, float, float)"
:layer.15.ptq.total,PushPop,2042,2042,31,31,260224,8394.3,8096.0,7360,10624,1110.1,"void vllm::rotary_embedding_kernel<c10::BFloat16, c10::BFloat16, (bool)1>(const long *, T1 *, T1 *, const T2 *, int, long, long, long, int, int, int, long, bool)"
:layer.15.ptq.total,PushPop,2042,2042,31,31,190784,6154.3,5792.0,5088,7680,764.9,"void vllm::reshape_and_cache_flash_kernel<__nv_bfloat16, __nv_bfloat16, (vllm::Fp8KVCacheDataType)0>(const T1 *, const T1 *, T2 *, T2 *, const long *, long, long, long, long, long, int, int, int, const float *, const float *, int)"
:layer.16.fp.attention,PushPop,2042,2042,1,2,569664,284832.0,284832.0,247328,322336,53038.7,ampere_bf16_s16816gemm_bf16_128x128_ldg8_f2f_stages_32x5_tn
:layer.16.fp.attention,PushPop,2042,2042,1,1,25696,25696.0,25696.0,25696,25696,0.0,"void flash::flash_fwd_splitkv_kernel<Flash_fwd_kernel_traits<(int)128, (int)64, (int)128, (int)4, (bool)0, (bool)0, cutlass::bfloat16_t, Flash_kernel_traits<(int)128, (int)64, (int)128, (int)4, cutlass::bfloat16_t>>, (bool)1, (bool)0, (bool)0, (bool)0, (bool)1, (bool)0, (bool)0, (bool)0>(flash::Flash_fwd_params)"
:layer.16.fp.attention,PushPop,2042,2042,1,1,18656,18656.0,18656.0,18656,18656,0.0,"void vllm::rotary_embedding_kernel<c10::BFloat16, c10::BFloat16, (bool)1>(const long *, T1 *, T1 *, const T2 *, int, long, long, long, int, int, int, long, bool)"
:layer.16.fp.attention,PushPop,2042,2042,1,1,10016,10016.0,10016.0,10016,10016,0.0,"void vllm::reshape_and_cache_flash_kernel<__nv_bfloat16, __nv_bfloat16, (vllm::Fp8KVCacheDataType)0>(const T1 *, const T1 *, T2 *, T2 *, const long *, long, long, long, long, long, int, int, int, const float *, const float *, int)"
:layer.16.fp.input_norm,PushPop,2042,2042,32,32,215968,6749.0,5792.0,5504,23168,3089.6,"std::enable_if<T2>(int)0&&vllm::_typeConvert<T1>::exists, void>::type vllm::fused_add_rms_norm_kernel<c10::BFloat16, (int)8, (bool)1>(T1 *, long, T1 *, const T1 *, float, int, int)"
:layer.16.fp.mlp,PushPop,2042,2042,1,2,2542720,1271360.0,1271360.0,1145504,1397216,177987.3,ampere_bf16_s16816gemm_bf16_128x128_ldg8_f2f_stages_32x5_tn
:layer.16.fp.mlp,PushPop,2042,2042,1,1,42528,42528.0,42528.0,42528,42528,0.0,"void vllm::act_and_mul_kernel<c10::BFloat16, __nv_bfloat162, &vllm::silu_kernel<c10::BFloat16>, &vllm::packed_silu_kernel<__nv_bfloat162>, (bool)1, (bool)1, (bool)0, (bool)0>(T1 *, const T1 *, int, float, float, float)"
:layer.16.fp.post_attn_norm,PushPop,2042,2042,32,32,192960,6030.0,5360.0,4928,19040,2478.7,"std::enable_if<T2>(int)0&&vllm::_typeConvert<T1>::exists, void>::type vllm::fused_add_rms_norm_kernel<c10::BFloat16, (int)8, (bool)1>(T1 *, long, T1 *, const T1 *, float, int, int)"
:layer.16.fp.total,PushPop,2042,2042,1,4,3112384,778096.0,733920.0,247328,1397216,579577.4,ampere_bf16_s16816gemm_bf16_128x128_ldg8_f2f_stages_32x5_tn
:layer.16.fp.total,PushPop,2042,2042,1,1,42528,42528.0,42528.0,42528,42528,0.0,"void vllm::act_and_mul_kernel<c10::BFloat16, __nv_bfloat162, &vllm::silu_kernel<c10::BFloat16>, &vllm::packed_silu_kernel<__nv_bfloat162>, (bool)1, (bool)1, (bool)0, (bool)0>(T1 *, const T1 *, int, float, float, float)"
:layer.16.fp.total,PushPop,2042,2042,1,2,42208,21104.0,21104.0,19040,23168,2918.9,"std::enable_if<T2>(int)0&&vllm::_typeConvert<T1>::exists, void>::type vllm::fused_add_rms_norm_kernel<c10::BFloat16, (int)8, (bool)1>(T1 *, long, T1 *, const T1 *, float, int, int)"
:layer.16.fp.total,PushPop,2042,2042,1,1,25696,25696.0,25696.0,25696,25696,0.0,"void flash::flash_fwd_splitkv_kernel<Flash_fwd_kernel_traits<(int)128, (int)64, (int)128, (int)4, (bool)0, (bool)0, cutlass::bfloat16_t, Flash_kernel_traits<(int)128, (int)64, (int)128, (int)4, cutlass::bfloat16_t>>, (bool)1, (bool)0, (bool)0, (bool)0, (bool)1, (bool)0, (bool)0, (bool)0>(flash::Flash_fwd_params)"
:layer.16.fp.total,PushPop,2042,2042,1,1,18656,18656.0,18656.0,18656,18656,0.0,"void vllm::rotary_embedding_kernel<c10::BFloat16, c10::BFloat16, (bool)1>(const long *, T1 *, T1 *, const T2 *, int, long, long, long, int, int, int, long, bool)"
:layer.16.fp.total,PushPop,2042,2042,1,1,10016,10016.0,10016.0,10016,10016,0.0,"void vllm::reshape_and_cache_flash_kernel<__nv_bfloat16, __nv_bfloat16, (vllm::Fp8KVCacheDataType)0>(const T1 *, const T1 *, T2 *, T2 *, const long *, long, long, long, long, long, int, int, int, const float *, const float *, int)"
:layer.16.ptq.attention,PushPop,2042,2042,31,62,5551584,89541.7,93872.0,67648,131360,18556.0,"void at::native::tinygemm_m16n8k16_chunk_kernel<at::native::ALayout_RM<(at::native::KReductionType)0>, at::native::BLayout_TC_int4<(int)8, (int)64>, at::native::ALayout_RM<(at::native::KReductionType)0>, (int)8, (int)8>(const void *, const void *, const void *, void *, int, int, int, int, int, int)"
:layer.16.ptq.attention,PushPop,2042,2042,31,31,373056,12034.1,11264.0,10688,15264,1499.3,"void flash::flash_fwd_splitkv_kernel<Flash_fwd_kernel_traits<(int)128, (int)64, (int)128, (int)4, (bool)0, (bool)0, cutlass::bfloat16_t, Flash_kernel_traits<(int)128, (int)64, (int)128, (int)4, cutlass::bfloat16_t>>, (bool)0, (bool)0, (bool)0, (bool)0, (bool)1, (bool)0, (bool)0, (bool)0>(flash::Flash_fwd_params)"
:layer.16.ptq.attention,PushPop,2042,2042,31,31,250336,8075.4,7552.0,6944,10592,1178.0,"void vllm::rotary_embedding_kernel<c10::BFloat16, c10::BFloat16, (bool)1>(const long *, T1 *, T1 *, const T2 *, int, long, long, long, int, int, int, long, bool)"
:layer.16.ptq.attention,PushPop,2042,2042,31,31,189344,6107.9,5792.0,5120,7680,764.4,"void vllm::reshape_and_cache_flash_kernel<__nv_bfloat16, __nv_bfloat16, (vllm::Fp8KVCacheDataType)0>(const T1 *, const T1 *, T2 *, T2 *, const long *, long, long, long, long, long, int, int, int, const float *, const float *, int)"
:layer.16.ptq.mlp,PushPop,2042,2042,31,62,21896672,353172.1,363936.0,204608,593600,137525.8,"void at::native::tinygemm_m16n8k16_chunk_kernel<at::native::ALayout_RM<(at::native::KReductionType)0>, at::native::BLayout_TC_int4<(int)8, (int)64>, at::native::ALayout_RM<(at::native::KReductionType)0>, (int)8, (int)8>(const void *, const void *, const void *, void *, int, int, int, int, int, int)"
:layer.16.ptq.mlp,PushPop,2042,2042,31,31,266944,8611.1,8192.0,7520,11136,1232.6,"void vllm::act_and_mul_kernel<c10::BFloat16, __nv_bfloat162, &vllm::silu_kernel<c10::BFloat16>, &vllm::packed_silu_kernel<__nv_bfloat162>, (bool)1, (bool)1, (bool)0, (bool)0>(T1 *, const T1 *, int, float, float, float)"
:layer.16.ptq.total,PushPop,2042,2042,31,124,27448256,221356.9,167984.0,67648,593600,164520.7,"void at::native::tinygemm_m16n8k16_chunk_kernel<at::native::ALayout_RM<(at::native::KReductionType)0>, at::native::BLayout_TC_int4<(int)8, (int)64>, at::native::ALayout_RM<(at::native::KReductionType)0>, (int)8, (int)8>(const void *, const void *, const void *, void *, int, int, int, int, int, int)"
:layer.16.ptq.total,PushPop,2042,2042,31,31,373056,12034.1,11264.0,10688,15264,1499.3,"void flash::flash_fwd_splitkv_kernel<Flash_fwd_kernel_traits<(int)128, (int)64, (int)128, (int)4, (bool)0, (bool)0, cutlass::bfloat16_t, Flash_kernel_traits<(int)128, (int)64, (int)128, (int)4, cutlass::bfloat16_t>>, (bool)0, (bool)0, (bool)0, (bool)0, (bool)1, (bool)0, (bool)0, (bool)0>(flash::Flash_fwd_params)"
:layer.16.ptq.total,PushPop,2042,2042,31,62,366720,5914.8,5680.0,4928,7648,801.0,"std::enable_if<T2>(int)0&&vllm::_typeConvert<T1>::exists, void>::type vllm::fused_add_rms_norm_kernel<c10::BFloat16, (int)8, (bool)1>(T1 *, long, T1 *, const T1 *, float, int, int)"
:layer.16.ptq.total,PushPop,2042,2042,31,31,266944,8611.1,8192.0,7520,11136,1232.6,"void vllm::act_and_mul_kernel<c10::BFloat16, __nv_bfloat162, &vllm::silu_kernel<c10::BFloat16>, &vllm::packed_silu_kernel<__nv_bfloat162>, (bool)1, (bool)1, (bool)0, (bool)0>(T1 *, const T1 *, int, float, float, float)"
:layer.16.ptq.total,PushPop,2042,2042,31,31,250336,8075.4,7552.0,6944,10592,1178.0,"void vllm::rotary_embedding_kernel<c10::BFloat16, c10::BFloat16, (bool)1>(const long *, T1 *, T1 *, const T2 *, int, long, long, long, int, int, int, long, bool)"
:layer.16.ptq.total,PushPop,2042,2042,31,31,189344,6107.9,5792.0,5120,7680,764.4,"void vllm::reshape_and_cache_flash_kernel<__nv_bfloat16, __nv_bfloat16, (vllm::Fp8KVCacheDataType)0>(const T1 *, const T1 *, T2 *, T2 *, const long *, long, long, long, long, long, int, int, int, const float *, const float *, int)"
:layer.17.fp.attention,PushPop,2042,2042,1,2,570656,285328.0,285328.0,246688,323968,54645.2,ampere_bf16_s16816gemm_bf16_128x128_ldg8_f2f_stages_32x5_tn
:layer.17.fp.attention,PushPop,2042,2042,1,1,25984,25984.0,25984.0,25984,25984,0.0,"void flash::flash_fwd_splitkv_kernel<Flash_fwd_kernel_traits<(int)128, (int)64, (int)128, (int)4, (bool)0, (bool)0, cutlass::bfloat16_t, Flash_kernel_traits<(int)128, (int)64, (int)128, (int)4, cutlass::bfloat16_t>>, (bool)1, (bool)0, (bool)0, (bool)0, (bool)1, (bool)0, (bool)0, (bool)0>(flash::Flash_fwd_params)"
:layer.17.fp.attention,PushPop,2042,2042,1,1,18208,18208.0,18208.0,18208,18208,0.0,"void vllm::rotary_embedding_kernel<c10::BFloat16, c10::BFloat16, (bool)1>(const long *, T1 *, T1 *, const T2 *, int, long, long, long, int, int, int, long, bool)"
:layer.17.fp.attention,PushPop,2042,2042,1,1,9984,9984.0,9984.0,9984,9984,0.0,"void vllm::reshape_and_cache_flash_kernel<__nv_bfloat16, __nv_bfloat16, (vllm::Fp8KVCacheDataType)0>(const T1 *, const T1 *, T2 *, T2 *, const long *, long, long, long, long, long, int, int, int, const float *, const float *, int)"
:layer.17.fp.input_norm,PushPop,2042,2042,32,32,215584,6737.0,5808.0,5472,22624,3010.0,"std::enable_if<T2>(int)0&&vllm::_typeConvert<T1>::exists, void>::type vllm::fused_add_rms_norm_kernel<c10::BFloat16, (int)8, (bool)1>(T1 *, long, T1 *, const T1 *, float, int, int)"
:layer.17.fp.mlp,PushPop,2042,2042,1,2,2545152,1272576.0,1272576.0,1149248,1395904,174412.1,ampere_bf16_s16816gemm_bf16_128x128_ldg8_f2f_stages_32x5_tn
:layer.17.fp.mlp,PushPop,2042,2042,1,1,43616,43616.0,43616.0,43616,43616,0.0,"void vllm::act_and_mul_kernel<c10::BFloat16, __nv_bfloat162, &vllm::silu_kernel<c10::BFloat16>, &vllm::packed_silu_kernel<__nv_bfloat162>, (bool)1, (bool)1, (bool)0, (bool)0>(T1 *, const T1 *, int, float, float, float)"
:layer.17.fp.post_attn_norm,PushPop,2042,2042,32,32,193088,6034.0,5376.0,4928,19488,2553.7,"std::enable_if<T2>(int)0&&vllm::_typeConvert<T1>::exists, void>::type vllm::fused_add_rms_norm_kernel<c10::BFloat16, (int)8, (bool)1>(T1 *, long, T1 *, const T1 *, float, int, int)"
:layer.17.fp.total,PushPop,2042,2042,1,4,3115808,778952.0,736608.0,246688,1395904,579673.6,ampere_bf16_s16816gemm_bf16_128x128_ldg8_f2f_stages_32x5_tn
:layer.17.fp.total,PushPop,2042,2042,1,1,43616,43616.0,43616.0,43616,43616,0.0,"void vllm::act_and_mul_kernel<c10::BFloat16, __nv_bfloat162, &vllm::silu_kernel<c10::BFloat16>, &vllm::packed_silu_kernel<__nv_bfloat162>, (bool)1, (bool)1, (bool)0, (bool)0>(T1 *, const T1 *, int, float, float, float)"
:layer.17.fp.total,PushPop,2042,2042,1,2,42112,21056.0,21056.0,19488,22624,2217.5,"std::enable_if<T2>(int)0&&vllm::_typeConvert<T1>::exists, void>::type vllm::fused_add_rms_norm_kernel<c10::BFloat16, (int)8, (bool)1>(T1 *, long, T1 *, const T1 *, float, int, int)"
:layer.17.fp.total,PushPop,2042,2042,1,1,25984,25984.0,25984.0,25984,25984,0.0,"void flash::flash_fwd_splitkv_kernel<Flash_fwd_kernel_traits<(int)128, (int)64, (int)128, (int)4, (bool)0, (bool)0, cutlass::bfloat16_t, Flash_kernel_traits<(int)128, (int)64, (int)128, (int)4, cutlass::bfloat16_t>>, (bool)1, (bool)0, (bool)0, (bool)0, (bool)1, (bool)0, (bool)0, (bool)0>(flash::Flash_fwd_params)"
:layer.17.fp.total,PushPop,2042,2042,1,1,18208,18208.0,18208.0,18208,18208,0.0,"void vllm::rotary_embedding_kernel<c10::BFloat16, c10::BFloat16, (bool)1>(const long *, T1 *, T1 *, const T2 *, int, long, long, long, int, int, int, long, bool)"
:layer.17.fp.total,PushPop,2042,2042,1,1,9984,9984.0,9984.0,9984,9984,0.0,"void vllm::reshape_and_cache_flash_kernel<__nv_bfloat16, __nv_bfloat16, (vllm::Fp8KVCacheDataType)0>(const T1 *, const T1 *, T2 *, T2 *, const long *, long, long, long, long, long, int, int, int, const float *, const float *, int)"
:layer.17.ptq.attention,PushPop,2042,2042,31,62,5621120,90663.2,95072.0,67904,132704,19186.0,"void at::native::tinygemm_m16n8k16_chunk_kernel<at::native::ALayout_RM<(at::native::KReductionType)0>, at::native::BLayout_TC_int4<(int)8, (int)64>, at::native::ALayout_RM<(at::native::KReductionType)0>, (int)8, (int)8>(const void *, const void *, const void *, void *, int, int, int, int, int, int)"
:layer.17.ptq.attention,PushPop,2042,2042,31,31,372320,12010.3,11232.0,10592,15360,1516.0,"void flash::flash_fwd_splitkv_kernel<Flash_fwd_kernel_traits<(int)128, (int)64, (int)128, (int)4, (bool)0, (bool)0, cutlass::bfloat16_t, Flash_kernel_traits<(int)128, (int)64, (int)128, (int)4, cutlass::bfloat16_t>>, (bool)0, (bool)0, (bool)0, (bool)0, (bool)1, (bool)0, (bool)0, (bool)0>(flash::Flash_fwd_params)"
:layer.17.ptq.attention,PushPop,2042,2042,31,31,242240,7814.2,7520.0,6880,10176,1098.0,"void vllm::rotary_embedding_kernel<c10::BFloat16, c10::BFloat16, (bool)1>(const long *, T1 *, T1 *, const T2 *, int, long, long, long, int, int, int, long, bool)"
:layer.17.ptq.attention,PushPop,2042,2042,31,31,189568,6115.1,5792.0,5088,7648,765.2,"void vllm::reshape_and_cache_flash_kernel<__nv_bfloat16, __nv_bfloat16, (vllm::Fp8KVCacheDataType)0>(const T1 *, const T1 *, T2 *, T2 *, const long *, long, long, long, long, long, int, int, int, const float *, const float *, int)"
:layer.17.ptq.mlp,PushPop,2042,2042,31,62,21334624,344106.8,353696.0,203840,588160,131336.7,"void at::native::tinygemm_m16n8k16_chunk_kernel<at::native::ALayout_RM<(at::native::KReductionType)0>, at::native::BLayout_TC_int4<(int)8, (int)64>, at::native::ALayout_RM<(at::native::KReductionType)0>, (int)8, (int)8>(const void *, const void *, const void *, void *, int, int, int, int, int, int)"
:layer.17.ptq.mlp,PushPop,2042,2042,31,31,263872,8512.0,8000.0,7456,11008,1207.5,"void vllm::act_and_mul_kernel<c10::BFloat16, __nv_bfloat162, &vllm::silu_kernel<c10::BFloat16>, &vllm::packed_silu_kernel<__nv_bfloat162>, (bool)1, (bool)1, (bool)0, (bool)0>(T1 *, const T1 *, int, float, float, float)"
:layer.17.ptq.total,PushPop,2042,2042,31,124,26955744,217385.0,168272.0,67904,588160,157879.9,"void at::native::tinygemm_m16n8k16_chunk_kernel<at::native::ALayout_RM<(at::native::KReductionType)0>, at::native::BLayout_TC_int4<(int)8, (int)64>, at::native::ALayout_RM<(at::native::KReductionType)0>, (int)8, (int)8>(const void *, const void *, const void *, void *, int, int, int, int, int, int)"
:layer.17.ptq.total,PushPop,2042,2042,31,31,372320,12010.3,11232.0,10592,15360,1516.0,"void flash::flash_fwd_splitkv_kernel<Flash_fwd_kernel_traits<(int)128, (int)64, (int)128, (int)4, (bool)0, (bool)0, cutlass::bfloat16_t, Flash_kernel_traits<(int)128, (int)64, (int)128, (int)4, cutlass::bfloat16_t>>, (bool)0, (bool)0, (bool)0, (bool)0, (bool)1, (bool)0, (bool)0, (bool)0>(flash::Flash_fwd_params)"
:layer.17.ptq.total,PushPop,2042,2042,31,62,366560,5912.3,5664.0,4928,8000,826.6,"std::enable_if<T2>(int)0&&vllm::_typeConvert<T1>::exists, void>::type vllm::fused_add_rms_norm_kernel<c10::BFloat16, (int)8, (bool)1>(T1 *, long, T1 *, const T1 *, float, int, int)"
:layer.17.ptq.total,PushPop,2042,2042,31,31,263872,8512.0,8000.0,7456,11008,1207.5,"void vllm::act_and_mul_kernel<c10::BFloat16, __nv_bfloat162, &vllm::silu_kernel<c10::BFloat16>, &vllm::packed_silu_kernel<__nv_bfloat162>, (bool)1, (bool)1, (bool)0, (bool)0>(T1 *, const T1 *, int, float, float, float)"
:layer.17.ptq.total,PushPop,2042,2042,31,31,242240,7814.2,7520.0,6880,10176,1098.0,"void vllm::rotary_embedding_kernel<c10::BFloat16, c10::BFloat16, (bool)1>(const long *, T1 *, T1 *, const T2 *, int, long, long, long, int, int, int, long, bool)"
:layer.17.ptq.total,PushPop,2042,2042,31,31,189568,6115.1,5792.0,5088,7648,765.2,"void vllm::reshape_and_cache_flash_kernel<__nv_bfloat16, __nv_bfloat16, (vllm::Fp8KVCacheDataType)0>(const T1 *, const T1 *, T2 *, T2 *, const long *, long, long, long, long, long, int, int, int, const float *, const float *, int)"
:layer.18.fp.attention,PushPop,2042,2042,1,2,569792,284896.0,284896.0,248512,321280,51454.7,ampere_bf16_s16816gemm_bf16_128x128_ldg8_f2f_stages_32x5_tn
:layer.18.fp.attention,PushPop,2042,2042,1,1,25312,25312.0,25312.0,25312,25312,0.0,"void flash::flash_fwd_splitkv_kernel<Flash_fwd_kernel_traits<(int)128, (int)64, (int)128, (int)4, (bool)0, (bool)0, cutlass::bfloat16_t, Flash_kernel_traits<(int)128, (int)64, (int)128, (int)4, cutlass::bfloat16_t>>, (bool)1, (bool)0, (bool)0, (bool)0, (bool)1, (bool)0, (bool)0, (bool)0>(flash::Flash_fwd_params)"
:layer.18.fp.attention,PushPop,2042,2042,1,1,18080,18080.0,18080.0,18080,18080,0.0,"void vllm::rotary_embedding_kernel<c10::BFloat16, c10::BFloat16, (bool)1>(const long *, T1 *, T1 *, const T2 *, int, long, long, long, int, int, int, long, bool)"
:layer.18.fp.attention,PushPop,2042,2042,1,1,10816,10816.0,10816.0,10816,10816,0.0,"void vllm::reshape_and_cache_flash_kernel<__nv_bfloat16, __nv_bfloat16, (vllm::Fp8KVCacheDataType)0>(const T1 *, const T1 *, T2 *, T2 *, const long *, long, long, long, long, long, int, int, int, const float *, const float *, int)"
:layer.18.fp.input_norm,PushPop,2042,2042,32,32,212704,6647.0,5792.0,5472,22848,3048.8,"std::enable_if<T2>(int)0&&vllm::_typeConvert<T1>::exists, void>::type vllm::fused_add_rms_norm_kernel<c10::BFloat16, (int)8, (bool)1>(T1 *, long, T1 *, const T1 *, float, int, int)"
:layer.18.fp.mlp,PushPop,2042,2042,1,2,2536928,1268464.0,1268464.0,1140672,1396256,180725.2,ampere_bf16_s16816gemm_bf16_128x128_ldg8_f2f_stages_32x5_tn
:layer.18.fp.mlp,PushPop,2042,2042,1,1,43936,43936.0,43936.0,43936,43936,0.0,"void vllm::act_and_mul_kernel<c10::BFloat16, __nv_bfloat162, &vllm::silu_kernel<c10::BFloat16>, &vllm::packed_silu_kernel<__nv_bfloat162>, (bool)1, (bool)1, (bool)0, (bool)0>(T1 *, const T1 *, int, float, float, float)"
:layer.18.fp.post_attn_norm,PushPop,2042,2042,32,32,191808,5994.0,5200.0,4928,19328,2539.6,"std::enable_if<T2>(int)0&&vllm::_typeConvert<T1>::exists, void>::type vllm::fused_add_rms_norm_kernel<c10::BFloat16, (int)8, (bool)1>(T1 *, long, T1 *, const T1 *, float, int, int)"
:layer.18.fp.total,PushPop,2042,2042,1,4,3106720,776680.0,730976.0,248512,1396256,578133.5,ampere_bf16_s16816gemm_bf16_128x128_ldg8_f2f_stages_32x5_tn
:layer.18.fp.total,PushPop,2042,2042,1,1,43936,43936.0,43936.0,43936,43936,0.0,"void vllm::act_and_mul_kernel<c10::BFloat16, __nv_bfloat162, &vllm::silu_kernel<c10::BFloat16>, &vllm::packed_silu_kernel<__nv_bfloat162>, (bool)1, (bool)1, (bool)0, (bool)0>(T1 *, const T1 *, int, float, float, float)"
:layer.18.fp.total,PushPop,2042,2042,1,2,42176,21088.0,21088.0,19328,22848,2489.0,"std::enable_if<T2>(int)0&&vllm::_typeConvert<T1>::exists, void>::type vllm::fused_add_rms_norm_kernel<c10::BFloat16, (int)8, (bool)1>(T1 *, long, T1 *, const T1 *, float, int, int)"
:layer.18.fp.total,PushPop,2042,2042,1,1,25312,25312.0,25312.0,25312,25312,0.0,"void flash::flash_fwd_splitkv_kernel<Flash_fwd_kernel_traits<(int)128, (int)64, (int)128, (int)4, (bool)0, (bool)0, cutlass::bfloat16_t, Flash_kernel_traits<(int)128, (int)64, (int)128, (int)4, cutlass::bfloat16_t>>, (bool)1, (bool)0, (bool)0, (bool)0, (bool)1, (bool)0, (bool)0, (bool)0>(flash::Flash_fwd_params)"
:layer.18.fp.total,PushPop,2042,2042,1,1,18080,18080.0,18080.0,18080,18080,0.0,"void vllm::rotary_embedding_kernel<c10::BFloat16, c10::BFloat16, (bool)1>(const long *, T1 *, T1 *, const T2 *, int, long, long, long, int, int, int, long, bool)"
:layer.18.fp.total,PushPop,2042,2042,1,1,10816,10816.0,10816.0,10816,10816,0.0,"void vllm::reshape_and_cache_flash_kernel<__nv_bfloat16, __nv_bfloat16, (vllm::Fp8KVCacheDataType)0>(const T1 *, const T1 *, T2 *, T2 *, const long *, long, long, long, long, long, int, int, int, const float *, const float *, int)"
:layer.18.ptq.attention,PushPop,2042,2042,31,62,5552992,89564.4,93984.0,67104,132416,19422.9,"void at::native::tinygemm_m16n8k16_chunk_kernel<at::native::ALayout_RM<(at::native::KReductionType)0>, at::native::BLayout_TC_int4<(int)8, (int)64>, at::native::ALayout_RM<(at::native::KReductionType)0>, (int)8, (int)8>(const void *, const void *, const void *, void *, int, int, int, int, int, int)"
:layer.18.ptq.attention,PushPop,2042,2042,31,31,372160,12005.2,11264.0,10560,15328,1525.5,"void flash::flash_fwd_splitkv_kernel<Flash_fwd_kernel_traits<(int)128, (int)64, (int)128, (int)4, (bool)0, (bool)0, cutlass::bfloat16_t, Flash_kernel_traits<(int)128, (int)64, (int)128, (int)4, cutlass::bfloat16_t>>, (bool)0, (bool)0, (bool)0, (bool)0, (bool)1, (bool)0, (bool)0, (bool)0>(flash::Flash_fwd_params)"
:layer.18.ptq.attention,PushPop,2042,2042,31,31,240960,7772.9,7328.0,6848,10112,1070.7,"void vllm::rotary_embedding_kernel<c10::BFloat16, c10::BFloat16, (bool)1>(const long *, T1 *, T1 *, const T2 *, int, long, long, long, int, int, int, long, bool)"
:layer.18.ptq.attention,PushPop,2042,2042,31,31,189088,6099.6,5792.0,5088,7616,728.5,"void vllm::reshape_and_cache_flash_kernel<__nv_bfloat16, __nv_bfloat16, (vllm::Fp8KVCacheDataType)0>(const T1 *, const T1 *, T2 *, T2 *, const long *, long, long, long, long, long, int, int, int, const float *, const float *, int)"
:layer.18.ptq.mlp,PushPop,2042,2042,31,62,21321856,343900.9,352880.0,204800,589216,130040.7,"void at::native::tinygemm_m16n8k16_chunk_kernel<at::native::ALayout_RM<(at::native::KReductionType)0>, at::native::BLayout_TC_int4<(int)8, (int)64>, at::native::ALayout_RM<(at::native::KReductionType)0>, (int)8, (int)8>(const void *, const void *, const void *, void *, int, int, int, int, int, int)"
:layer.18.ptq.mlp,PushPop,2042,2042,31,31,264320,8526.5,7968.0,7520,10912,1134.6,"void vllm::act_and_mul_kernel<c10::BFloat16, __nv_bfloat162, &vllm::silu_kernel<c10::BFloat16>, &vllm::packed_silu_kernel<__nv_bfloat162>, (bool)1, (bool)1, (bool)0, (bool)0>(T1 *, const T1 *, int, float, float, float)"
:layer.18.ptq.total,PushPop,2042,2042,31,124,26874848,216732.6,168608.0,67104,589216,157724.1,"void at::native::tinygemm_m16n8k16_chunk_kernel<at::native::ALayout_RM<(at::native::KReductionType)0>, at::native::BLayout_TC_int4<(int)8, (int)64>, at::native::ALayout_RM<(at::native::KReductionType)0>, (int)8, (int)8>(const void *, const void *, const void *, void *, int, int, int, int, int, int)"
:layer.18.ptq.total,PushPop,2042,2042,31,31,372160,12005.2,11264.0,10560,15328,1525.5,"void flash::flash_fwd_splitkv_kernel<Flash_fwd_kernel_traits<(int)128, (int)64, (int)128, (int)4, (bool)0, (bool)0, cutlass::bfloat16_t, Flash_kernel_traits<(int)128, (int)64, (int)128, (int)4, cutlass::bfloat16_t>>, (bool)0, (bool)0, (bool)0, (bool)0, (bool)1, (bool)0, (bool)0, (bool)0>(flash::Flash_fwd_params)"
:layer.18.ptq.total,PushPop,2042,2042,31,62,362336,5844.1,5616.0,4928,7744,794.2,"std::enable_if<T2>(int)0&&vllm::_typeConvert<T1>::exists, void>::type vllm::fused_add_rms_norm_kernel<c10::BFloat16, (int)8, (bool)1>(T1 *, long, T1 *, const T1 *, float, int, int)"
:layer.18.ptq.total,PushPop,2042,2042,31,31,264320,8526.5,7968.0,7520,10912,1134.6,"void vllm::act_and_mul_kernel<c10::BFloat16, __nv_bfloat162, &vllm::silu_kernel<c10::BFloat16>, &vllm::packed_silu_kernel<__nv_bfloat162>, (bool)1, (bool)1, (bool)0, (bool)0>(T1 *, const T1 *, int, float, float, float)"
:layer.18.ptq.total,PushPop,2042,2042,31,31,240960,7772.9,7328.0,6848,10112,1070.7,"void vllm::rotary_embedding_kernel<c10::BFloat16, c10::BFloat16, (bool)1>(const long *, T1 *, T1 *, const T2 *, int, long, long, long, int, int, int, long, bool)"
:layer.18.ptq.total,PushPop,2042,2042,31,31,189088,6099.6,5792.0,5088,7616,728.5,"void vllm::reshape_and_cache_flash_kernel<__nv_bfloat16, __nv_bfloat16, (vllm::Fp8KVCacheDataType)0>(const T1 *, const T1 *, T2 *, T2 *, const long *, long, long, long, long, long, int, int, int, const float *, const float *, int)"
:layer.19.fp.attention,PushPop,2042,2042,1,2,570848,285424.0,285424.0,247872,322976,53106.5,ampere_bf16_s16816gemm_bf16_128x128_ldg8_f2f_stages_32x5_tn
:layer.19.fp.attention,PushPop,2042,2042,1,1,25280,25280.0,25280.0,25280,25280,0.0,"void flash::flash_fwd_splitkv_kernel<Flash_fwd_kernel_traits<(int)128, (int)64, (int)128, (int)4, (bool)0, (bool)0, cutlass::bfloat16_t, Flash_kernel_traits<(int)128, (int)64, (int)128, (int)4, cutlass::bfloat16_t>>, (bool)1, (bool)0, (bool)0, (bool)0, (bool)1, (bool)0, (bool)0, (bool)0>(flash::Flash_fwd_params)"
:layer.19.fp.attention,PushPop,2042,2042,1,1,19360,19360.0,19360.0,19360,19360,0.0,"void vllm::rotary_embedding_kernel<c10::BFloat16, c10::BFloat16, (bool)1>(const long *, T1 *, T1 *, const T2 *, int, long, long, long, int, int, int, long, bool)"
:layer.19.fp.attention,PushPop,2042,2042,1,1,10240,10240.0,10240.0,10240,10240,0.0,"void vllm::reshape_and_cache_flash_kernel<__nv_bfloat16, __nv_bfloat16, (vllm::Fp8KVCacheDataType)0>(const T1 *, const T1 *, T2 *, T2 *, const long *, long, long, long, long, long, int, int, int, const float *, const float *, int)"
:layer.19.fp.input_norm,PushPop,2042,2042,32,32,243872,7621.0,6752.0,6080,22880,2906.2,"std::enable_if<T2>(int)0&&vllm::_typeConvert<T1>::exists, void>::type vllm::fused_add_rms_norm_kernel<c10::BFloat16, (int)8, (bool)1>(T1 *, long, T1 *, const T1 *, float, int, int)"
:layer.19.fp.mlp,PushPop,2042,2042,1,2,2533792,1266896.0,1266896.0,1138112,1395680,182128.1,ampere_bf16_s16816gemm_bf16_128x128_ldg8_f2f_stages_32x5_tn
:layer.19.fp.mlp,PushPop,2042,2042,1,1,43232,43232.0,43232.0,43232,43232,0.0,"void vllm::act_and_mul_kernel<c10::BFloat16, __nv_bfloat162, &vllm::silu_kernel<c10::BFloat16>, &vllm::packed_silu_kernel<__nv_bfloat162>, (bool)1, (bool)1, (bool)0, (bool)0>(T1 *, const T1 *, int, float, float, float)"
:layer.19.fp.post_attn_norm,PushPop,2042,2042,32,32,191424,5982.0,5280.0,4928,19008,2480.4,"std::enable_if<T2>(int)0&&vllm::_typeConvert<T1>::exists, void>::type vllm::fused_add_rms_norm_kernel<c10::BFloat16, (int)8, (bool)1>(T1 *, long, T1 *, const T1 *, float, int, int)"
:layer.19.fp.total,PushPop,2042,2042,1,4,3104640,776160.0,730544.0,247872,1395680,577141.9,ampere_bf16_s16816gemm_bf16_128x128_ldg8_f2f_stages_32x5_tn
:layer.19.fp.total,PushPop,2042,2042,1,1,43232,43232.0,43232.0,43232,43232,0.0,"void vllm::act_and_mul_kernel<c10::BFloat16, __nv_bfloat162, &vllm::silu_kernel<c10::BFloat16>, &vllm::packed_silu_kernel<__nv_bfloat162>, (bool)1, (bool)1, (bool)0, (bool)0>(T1 *, const T1 *, int, float, float, float)"
:layer.19.fp.total,PushPop,2042,2042,1,2,41888,20944.0,20944.0,19008,22880,2737.9,"std::enable_if<T2>(int)0&&vllm::_typeConvert<T1>::exists, void>::type vllm::fused_add_rms_norm_kernel<c10::BFloat16, (int)8, (bool)1>(T1 *, long, T1 *, const T1 *, float, int, int)"
:layer.19.fp.total,PushPop,2042,2042,1,1,25280,25280.0,25280.0,25280,25280,0.0,"void flash::flash_fwd_splitkv_kernel<Flash_fwd_kernel_traits<(int)128, (int)64, (int)128, (int)4, (bool)0, (bool)0, cutlass::bfloat16_t, Flash_kernel_traits<(int)128, (int)64, (int)128, (int)4, cutlass::bfloat16_t>>, (bool)1, (bool)0, (bool)0, (bool)0, (bool)1, (bool)0, (bool)0, (bool)0>(flash::Flash_fwd_params)"
:layer.19.fp.total,PushPop,2042,2042,1,1,19360,19360.0,19360.0,19360,19360,0.0,"void vllm::rotary_embedding_kernel<c10::BFloat16, c10::BFloat16, (bool)1>(const long *, T1 *, T1 *, const T2 *, int, long, long, long, int, int, int, long, bool)"
:layer.19.fp.total,PushPop,2042,2042,1,1,10240,10240.0,10240.0,10240,10240,0.0,"void vllm::reshape_and_cache_flash_kernel<__nv_bfloat16, __nv_bfloat16, (vllm::Fp8KVCacheDataType)0>(const T1 *, const T1 *, T2 *, T2 *, const long *, long, long, long, long, long, int, int, int, const float *, const float *, int)"
:layer.19.ptq.attention,PushPop,2042,2042,31,62,5552544,89557.2,94624.0,66400,133184,19907.6,"void at::native::tinygemm_m16n8k16_chunk_kernel<at::native::ALayout_RM<(at::native::KReductionType)0>, at::native::BLayout_TC_int4<(int)8, (int)64>, at::native::ALayout_RM<(at::native::KReductionType)0>, (int)8, (int)8>(const void *, const void *, const void *, void *, int, int, int, int, int, int)"
:layer.19.ptq.attention,PushPop,2042,2042,31,31,367328,11849.3,11104.0,10464,15200,1543.3,"void flash::flash_fwd_splitkv_kernel<Flash_fwd_kernel_traits<(int)128, (int)64, (int)128, (int)4, (bool)0, (bool)0, cutlass::bfloat16_t, Flash_kernel_traits<(int)128, (int)64, (int)128, (int)4, cutlass::bfloat16_t>>, (bool)0, (bool)0, (bool)0, (bool)0, (bool)1, (bool)0, (bool)0, (bool)0>(flash::Flash_fwd_params)"
:layer.19.ptq.attention,PushPop,2042,2042,31,31,242176,7812.1,7392.0,6912,10208,1071.3,"void vllm::rotary_embedding_kernel<c10::BFloat16, c10::BFloat16, (bool)1>(const long *, T1 *, T1 *, const T2 *, int, long, long, long, int, int, int, long, bool)"
:layer.19.ptq.attention,PushPop,2042,2042,31,31,188576,6083.1,5760.0,5120,7616,741.1,"void vllm::reshape_and_cache_flash_kernel<__nv_bfloat16, __nv_bfloat16, (vllm::Fp8KVCacheDataType)0>(const T1 *, const T1 *, T2 *, T2 *, const long *, long, long, long, long, long, int, int, int, const float *, const float *, int)"
:layer.19.ptq.mlp,PushPop,2042,2042,31,62,21261120,342921.3,351632.0,204544,587648,129664.1,"void at::native::tinygemm_m16n8k16_chunk_kernel<at::native::ALayout_RM<(at::native::KReductionType)0>, at::native::BLayout_TC_int4<(int)8, (int)64>, at::native::ALayout_RM<(at::native::KReductionType)0>, (int)8, (int)8>(const void *, const void *, const void *, void *, int, int, int, int, int, int)"
:layer.19.ptq.mlp,PushPop,2042,2042,31,31,265536,8565.7,8032.0,7488,11104,1201.8,"void vllm::act_and_mul_kernel<c10::BFloat16, __nv_bfloat162, &vllm::silu_kernel<c10::BFloat16>, &vllm::packed_silu_kernel<__nv_bfloat162>, (bool)1, (bool)1, (bool)0, (bool)0>(T1 *, const T1 *, int, float, float, float)"
:layer.19.ptq.total,PushPop,2042,2042,31,124,26813664,216239.2,168864.0,66400,587648,157205.0,"void at::native::tinygemm_m16n8k16_chunk_kernel<at::native::ALayout_RM<(at::native::KReductionType)0>, at::native::BLayout_TC_int4<(int)8, (int)64>, at::native::ALayout_RM<(at::native::KReductionType)0>, (int)8, (int)8>(const void *, const void *, const void *, void *, int, int, int, int, int, int)"
:layer.19.ptq.total,PushPop,2042,2042,31,62,393408,6345.3,6496.0,4928,8800,1109.7,"std::enable_if<T2>(int)0&&vllm::_typeConvert<T1>::exists, void>::type vllm::fused_add_rms_norm_kernel<c10::BFloat16, (int)8, (bool)1>(T1 *, long, T1 *, const T1 *, float, int, int)"
:layer.19.ptq.total,PushPop,2042,2042,31,31,367328,11849.3,11104.0,10464,15200,1543.3,"void flash::flash_fwd_splitkv_kernel<Flash_fwd_kernel_traits<(int)128, (int)64, (int)128, (int)4, (bool)0, (bool)0, cutlass::bfloat16_t, Flash_kernel_traits<(int)128, (int)64, (int)128, (int)4, cutlass::bfloat16_t>>, (bool)0, (bool)0, (bool)0, (bool)0, (bool)1, (bool)0, (bool)0, (bool)0>(flash::Flash_fwd_params)"
:layer.19.ptq.total,PushPop,2042,2042,31,31,265536,8565.7,8032.0,7488,11104,1201.8,"void vllm::act_and_mul_kernel<c10::BFloat16, __nv_bfloat162, &vllm::silu_kernel<c10::BFloat16>, &vllm::packed_silu_kernel<__nv_bfloat162>, (bool)1, (bool)1, (bool)0, (bool)0>(T1 *, const T1 *, int, float, float, float)"
:layer.19.ptq.total,PushPop,2042,2042,31,31,242176,7812.1,7392.0,6912,10208,1071.3,"void vllm::rotary_embedding_kernel<c10::BFloat16, c10::BFloat16, (bool)1>(const long *, T1 *, T1 *, const T2 *, int, long, long, long, int, int, int, long, bool)"
:layer.19.ptq.total,PushPop,2042,2042,31,31,188576,6083.1,5760.0,5120,7616,741.1,"void vllm::reshape_and_cache_flash_kernel<__nv_bfloat16, __nv_bfloat16, (vllm::Fp8KVCacheDataType)0>(const T1 *, const T1 *, T2 *, T2 *, const long *, long, long, long, long, long, int, int, int, const float *, const float *, int)"
:layer.20.fp.attention,PushPop,2042,2042,1,2,570656,285328.0,285328.0,249888,320768,50119.7,ampere_bf16_s16816gemm_bf16_128x128_ldg8_f2f_stages_32x5_tn
:layer.20.fp.attention,PushPop,2042,2042,1,1,25888,25888.0,25888.0,25888,25888,0.0,"void flash::flash_fwd_splitkv_kernel<Flash_fwd_kernel_traits<(int)128, (int)64, (int)128, (int)4, (bool)0, (bool)0, cutlass::bfloat16_t, Flash_kernel_traits<(int)128, (int)64, (int)128, (int)4, cutlass::bfloat16_t>>, (bool)1, (bool)0, (bool)0, (bool)0, (bool)1, (bool)0, (bool)0, (bool)0>(flash::Flash_fwd_params)"
:layer.20.fp.attention,PushPop,2042,2042,1,1,18240,18240.0,18240.0,18240,18240,0.0,"void vllm::rotary_embedding_kernel<c10::BFloat16, c10::BFloat16, (bool)1>(const long *, T1 *, T1 *, const T2 *, int, long, long, long, int, int, int, long, bool)"
:layer.20.fp.attention,PushPop,2042,2042,1,1,11040,11040.0,11040.0,11040,11040,0.0,"void vllm::reshape_and_cache_flash_kernel<__nv_bfloat16, __nv_bfloat16, (vllm::Fp8KVCacheDataType)0>(const T1 *, const T1 *, T2 *, T2 *, const long *, long, long, long, long, long, int, int, int, const float *, const float *, int)"
:layer.20.fp.input_norm,PushPop,2042,2042,32,32,213312,6666.0,5840.0,5472,22656,3016.6,"std::enable_if<T2>(int)0&&vllm::_typeConvert<T1>::exists, void>::type vllm::fused_add_rms_norm_kernel<c10::BFloat16, (int)8, (bool)1>(T1 *, long, T1 *, const T1 *, float, int, int)"
:layer.20.fp.mlp,PushPop,2042,2042,1,2,2540512,1270256.0,1270256.0,1145888,1394624,175882.9,ampere_bf16_s16816gemm_bf16_128x128_ldg8_f2f_stages_32x5_tn
:layer.20.fp.mlp,PushPop,2042,2042,1,1,44736,44736.0,44736.0,44736,44736,0.0,"void vllm::act_and_mul_kernel<c10::BFloat16, __nv_bfloat162, &vllm::silu_kernel<c10::BFloat16>, &vllm::packed_silu_kernel<__nv_bfloat162>, (bool)1, (bool)1, (bool)0, (bool)0>(T1 *, const T1 *, int, float, float, float)"
:layer.20.fp.post_attn_norm,PushPop,2042,2042,32,32,191968,5999.0,5280.0,4928,19072,2491.7,"std::enable_if<T2>(int)0&&vllm::_typeConvert<T1>::exists, void>::type vllm::fused_add_rms_norm_kernel<c10::BFloat16, (int)8, (bool)1>(T1 *, long, T1 *, const T1 *, float, int, int)"
:layer.20.fp.total,PushPop,2042,2042,1,4,3111168,777792.0,733328.0,249888,1394624,578368.4,ampere_bf16_s16816gemm_bf16_128x128_ldg8_f2f_stages_32x5_tn
:layer.20.fp.total,PushPop,2042,2042,1,1,44736,44736.0,44736.0,44736,44736,0.0,"void vllm::act_and_mul_kernel<c10::BFloat16, __nv_bfloat162, &vllm::silu_kernel<c10::BFloat16>, &vllm::packed_silu_kernel<__nv_bfloat162>, (bool)1, (bool)1, (bool)0, (bool)0>(T1 *, const T1 *, int, float, float, float)"
:layer.20.fp.total,PushPop,2042,2042,1,2,41728,20864.0,20864.0,19072,22656,2534.3,"std::enable_if<T2>(int)0&&vllm::_typeConvert<T1>::exists, void>::type vllm::fused_add_rms_norm_kernel<c10::BFloat16, (int)8, (bool)1>(T1 *, long, T1 *, const T1 *, float, int, int)"
:layer.20.fp.total,PushPop,2042,2042,1,1,25888,25888.0,25888.0,25888,25888,0.0,"void flash::flash_fwd_splitkv_kernel<Flash_fwd_kernel_traits<(int)128, (int)64, (int)128, (int)4, (bool)0, (bool)0, cutlass::bfloat16_t, Flash_kernel_traits<(int)128, (int)64, (int)128, (int)4, cutlass::bfloat16_t>>, (bool)1, (bool)0, (bool)0, (bool)0, (bool)1, (bool)0, (bool)0, (bool)0>(flash::Flash_fwd_params)"
:layer.20.fp.total,PushPop,2042,2042,1,1,18240,18240.0,18240.0,18240,18240,0.0,"void vllm::rotary_embedding_kernel<c10::BFloat16, c10::BFloat16, (bool)1>(const long *, T1 *, T1 *, const T2 *, int, long, long, long, int, int, int, long, bool)"
:layer.20.fp.total,PushPop,2042,2042,1,1,11040,11040.0,11040.0,11040,11040,0.0,"void vllm::reshape_and_cache_flash_kernel<__nv_bfloat16, __nv_bfloat16, (vllm::Fp8KVCacheDataType)0>(const T1 *, const T1 *, T2 *, T2 *, const long *, long, long, long, long, long, int, int, int, const float *, const float *, int)"
:layer.20.ptq.attention,PushPop,2042,2042,31,62,5600864,90336.5,95152.0,67776,131520,19461.2,"void at::native::tinygemm_m16n8k16_chunk_kernel<at::native::ALayout_RM<(at::native::KReductionType)0>, at::native::BLayout_TC_int4<(int)8, (int)64>, at::native::ALayout_RM<(at::native::KReductionType)0>, (int)8, (int)8>(const void *, const void *, const void *, void *, int, int, int, int, int, int)"
:layer.20.ptq.attention,PushPop,2042,2042,31,31,372128,12004.1,11360.0,10496,15296,1511.4,"void flash::flash_fwd_splitkv_kernel<Flash_fwd_kernel_traits<(int)128, (int)64, (int)128, (int)4, (bool)0, (bool)0, cutlass::bfloat16_t, Flash_kernel_traits<(int)128, (int)64, (int)128, (int)4, cutlass::bfloat16_t>>, (bool)0, (bool)0, (bool)0, (bool)0, (bool)1, (bool)0, (bool)0, (bool)0>(flash::Flash_fwd_params)"
:layer.20.ptq.attention,PushPop,2042,2042,31,31,257152,8295.2,7776.0,7392,10752,1119.5,"void vllm::rotary_embedding_kernel<c10::BFloat16, c10::BFloat16, (bool)1>(const long *, T1 *, T1 *, const T2 *, int, long, long, long, int, int, int, long, bool)"
:layer.20.ptq.attention,PushPop,2042,2042,31,31,189376,6108.9,5760.0,5088,7648,757.7,"void vllm::reshape_and_cache_flash_kernel<__nv_bfloat16, __nv_bfloat16, (vllm::Fp8KVCacheDataType)0>(const T1 *, const T1 *, T2 *, T2 *, const long *, long, long, long, long, long, int, int, int, const float *, const float *, int)"
:layer.20.ptq.mlp,PushPop,2042,2042,31,62,21371360,344699.4,354592.0,204160,590784,131080.0,"void at::native::tinygemm_m16n8k16_chunk_kernel<at::native::ALayout_RM<(at::native::KReductionType)0>, at::native::BLayout_TC_int4<(int)8, (int)64>, at::native::ALayout_RM<(at::native::KReductionType)0>, (int)8, (int)8>(const void *, const void *, const void *, void *, int, int, int, int, int, int)"
:layer.20.ptq.mlp,PushPop,2042,2042,31,31,265152,8553.3,8192.0,7520,11136,1217.9,"void vllm::act_and_mul_kernel<c10::BFloat16, __nv_bfloat162, &vllm::silu_kernel<c10::BFloat16>, &vllm::packed_silu_kernel<__nv_bfloat162>, (bool)1, (bool)1, (bool)0, (bool)0>(T1 *, const T1 *, int, float, float, float)"
:layer.20.ptq.total,PushPop,2042,2042,31,124,26972224,217517.9,167840.0,67776,590784,158163.2,"void at::native::tinygemm_m16n8k16_chunk_kernel<at::native::ALayout_RM<(at::native::KReductionType)0>, at::native::BLayout_TC_int4<(int)8, (int)64>, at::native::ALayout_RM<(at::native::KReductionType)0>, (int)8, (int)8>(const void *, const void *, const void *, void *, int, int, int, int, int, int)"
:layer.20.ptq.total,PushPop,2042,2042,31,31,372128,12004.1,11360.0,10496,15296,1511.4,"void flash::flash_fwd_splitkv_kernel<Flash_fwd_kernel_traits<(int)128, (int)64, (int)128, (int)4, (bool)0, (bool)0, cutlass::bfloat16_t, Flash_kernel_traits<(int)128, (int)64, (int)128, (int)4, cutlass::bfloat16_t>>, (bool)0, (bool)0, (bool)0, (bool)0, (bool)1, (bool)0, (bool)0, (bool)0>(flash::Flash_fwd_params)"
:layer.20.ptq.total,PushPop,2042,2042,31,62,363552,5863.7,5568.0,4928,7680,802.7,"std::enable_if<T2>(int)0&&vllm::_typeConvert<T1>::exists, void>::type vllm::fused_add_rms_norm_kernel<c10::BFloat16, (int)8, (bool)1>(T1 *, long, T1 *, const T1 *, float, int, int)"
:layer.20.ptq.total,PushPop,2042,2042,31,31,265152,8553.3,8192.0,7520,11136,1217.9,"void vllm::act_and_mul_kernel<c10::BFloat16, __nv_bfloat162, &vllm::silu_kernel<c10::BFloat16>, &vllm::packed_silu_kernel<__nv_bfloat162>, (bool)1, (bool)1, (bool)0, (bool)0>(T1 *, const T1 *, int, float, float, float)"
:layer.20.ptq.total,PushPop,2042,2042,31,31,257152,8295.2,7776.0,7392,10752,1119.5,"void vllm::rotary_embedding_kernel<c10::BFloat16, c10::BFloat16, (bool)1>(const long *, T1 *, T1 *, const T2 *, int, long, long, long, int, int, int, long, bool)"
:layer.20.ptq.total,PushPop,2042,2042,31,31,189376,6108.9,5760.0,5088,7648,757.7,"void vllm::reshape_and_cache_flash_kernel<__nv_bfloat16, __nv_bfloat16, (vllm::Fp8KVCacheDataType)0>(const T1 *, const T1 *, T2 *, T2 *, const long *, long, long, long, long, long, int, int, int, const float *, const float *, int)"
:layer.21.fp.attention,PushPop,2042,2042,1,2,570336,285168.0,285168.0,247872,322464,52744.5,ampere_bf16_s16816gemm_bf16_128x128_ldg8_f2f_stages_32x5_tn
:layer.21.fp.attention,PushPop,2042,2042,1,1,26016,26016.0,26016.0,26016,26016,0.0,"void flash::flash_fwd_splitkv_kernel<Flash_fwd_kernel_traits<(int)128, (int)64, (int)128, (int)4, (bool)0, (bool)0, cutlass::bfloat16_t, Flash_kernel_traits<(int)128, (int)64, (int)128, (int)4, cutlass::bfloat16_t>>, (bool)1, (bool)0, (bool)0, (bool)0, (bool)1, (bool)0, (bool)0, (bool)0>(flash::Flash_fwd_params)"
:layer.21.fp.attention,PushPop,2042,2042,1,1,18144,18144.0,18144.0,18144,18144,0.0,"void vllm::rotary_embedding_kernel<c10::BFloat16, c10::BFloat16, (bool)1>(const long *, T1 *, T1 *, const T2 *, int, long, long, long, int, int, int, long, bool)"
:layer.21.fp.attention,PushPop,2042,2042,1,1,10624,10624.0,10624.0,10624,10624,0.0,"void vllm::reshape_and_cache_flash_kernel<__nv_bfloat16, __nv_bfloat16, (vllm::Fp8KVCacheDataType)0>(const T1 *, const T1 *, T2 *, T2 *, const long *, long, long, long, long, long, int, int, int, const float *, const float *, int)"
:layer.21.fp.input_norm,PushPop,2042,2042,32,32,214272,6696.0,5792.0,5472,22656,3019.1,"std::enable_if<T2>(int)0&&vllm::_typeConvert<T1>::exists, void>::type vllm::fused_add_rms_norm_kernel<c10::BFloat16, (int)8, (bool)1>(T1 *, long, T1 *, const T1 *, float, int, int)"
:layer.21.fp.mlp,PushPop,2042,2042,1,2,2542144,1271072.0,1271072.0,1147104,1395040,175317.2,ampere_bf16_s16816gemm_bf16_128x128_ldg8_f2f_stages_32x5_tn
:layer.21.fp.mlp,PushPop,2042,2042,1,1,43104,43104.0,43104.0,43104,43104,0.0,"void vllm::act_and_mul_kernel<c10::BFloat16, __nv_bfloat162, &vllm::silu_kernel<c10::BFloat16>, &vllm::packed_silu_kernel<__nv_bfloat162>, (bool)1, (bool)1, (bool)0, (bool)0>(T1 *, const T1 *, int, float, float, float)"
:layer.21.fp.post_attn_norm,PushPop,2042,2042,32,32,192160,6005.0,5392.0,4928,19104,2492.7,"std::enable_if<T2>(int)0&&vllm::_typeConvert<T1>::exists, void>::type vllm::fused_add_rms_norm_kernel<c10::BFloat16, (int)8, (bool)1>(T1 *, long, T1 *, const T1 *, float, int, int)"
:layer.21.fp.total,PushPop,2042,2042,1,4,3112480,778120.0,734784.0,247872,1395040,578942.9,ampere_bf16_s16816gemm_bf16_128x128_ldg8_f2f_stages_32x5_tn
:layer.21.fp.total,PushPop,2042,2042,1,1,43104,43104.0,43104.0,43104,43104,0.0,"void vllm::act_and_mul_kernel<c10::BFloat16, __nv_bfloat162, &vllm::silu_kernel<c10::BFloat16>, &vllm::packed_silu_kernel<__nv_bfloat162>, (bool)1, (bool)1, (bool)0, (bool)0>(T1 *, const T1 *, int, float, float, float)"
:layer.21.fp.total,PushPop,2042,2042,1,2,41760,20880.0,20880.0,19104,22656,2511.6,"std::enable_if<T2>(int)0&&vllm::_typeConvert<T1>::exists, void>::type vllm::fused_add_rms_norm_kernel<c10::BFloat16, (int)8, (bool)1>(T1 *, long, T1 *, const T1 *, float, int, int)"
:layer.21.fp.total,PushPop,2042,2042,1,1,26016,26016.0,26016.0,26016,26016,0.0,"void flash::flash_fwd_splitkv_kernel<Flash_fwd_kernel_traits<(int)128, (int)64, (int)128, (int)4, (bool)0, (bool)0, cutlass::bfloat16_t, Flash_kernel_traits<(int)128, (int)64, (int)128, (int)4, cutlass::bfloat16_t>>, (bool)1, (bool)0, (bool)0, (bool)0, (bool)1, (bool)0, (bool)0, (bool)0>(flash::Flash_fwd_params)"
:layer.21.fp.total,PushPop,2042,2042,1,1,18144,18144.0,18144.0,18144,18144,0.0,"void vllm::rotary_embedding_kernel<c10::BFloat16, c10::BFloat16, (bool)1>(const long *, T1 *, T1 *, const T2 *, int, long, long, long, int, int, int, long, bool)"
:layer.21.fp.total,PushPop,2042,2042,1,1,10624,10624.0,10624.0,10624,10624,0.0,"void vllm::reshape_and_cache_flash_kernel<__nv_bfloat16, __nv_bfloat16, (vllm::Fp8KVCacheDataType)0>(const T1 *, const T1 *, T2 *, T2 *, const long *, long, long, long, long, long, int, int, int, const float *, const float *, int)"
:layer.21.ptq.attention,PushPop,2042,2042,31,62,5520512,89040.5,93728.0,65760,132480,19873.8,"void at::native::tinygemm_m16n8k16_chunk_kernel<at::native::ALayout_RM<(at::native::KReductionType)0>, at::native::BLayout_TC_int4<(int)8, (int)64>, at::native::ALayout_RM<(at::native::KReductionType)0>, (int)8, (int)8>(const void *, const void *, const void *, void *, int, int, int, int, int, int)"
:layer.21.ptq.attention,PushPop,2042,2042,31,31,374592,12083.6,11328.0,10656,15360,1515.1,"void flash::flash_fwd_splitkv_kernel<Flash_fwd_kernel_traits<(int)128, (int)64, (int)128, (int)4, (bool)0, (bool)0, cutlass::bfloat16_t, Flash_kernel_traits<(int)128, (int)64, (int)128, (int)4, cutlass::bfloat16_t>>, (bool)0, (bool)0, (bool)0, (bool)0, (bool)1, (bool)0, (bool)0, (bool)0>(flash::Flash_fwd_params)"
:layer.21.ptq.attention,PushPop,2042,2042,31,31,228384,7367.2,6912.0,6496,9696,1050.5,"void vllm::rotary_embedding_kernel<c10::BFloat16, c10::BFloat16, (bool)1>(const long *, T1 *, T1 *, const T2 *, int, long, long, long, int, int, int, long, bool)"
:layer.21.ptq.attention,PushPop,2042,2042,31,31,190080,6131.6,5792.0,5088,7712,747.5,"void vllm::reshape_and_cache_flash_kernel<__nv_bfloat16, __nv_bfloat16, (vllm::Fp8KVCacheDataType)0>(const T1 *, const T1 *, T2 *, T2 *, const long *, long, long, long, long, long, int, int, int, const float *, const float *, int)"
:layer.21.ptq.mlp,PushPop,2042,2042,31,62,21334880,344111.0,352800.0,204544,589024,130266.2,"void at::native::tinygemm_m16n8k16_chunk_kernel<at::native::ALayout_RM<(at::native::KReductionType)0>, at::native::BLayout_TC_int4<(int)8, (int)64>, at::native::ALayout_RM<(at::native::KReductionType)0>, (int)8, (int)8>(const void *, const void *, const void *, void *, int, int, int, int, int, int)"
:layer.21.ptq.mlp,PushPop,2042,2042,31,31,265280,8557.4,8000.0,7488,10976,1177.4,"void vllm::act_and_mul_kernel<c10::BFloat16, __nv_bfloat162, &vllm::silu_kernel<c10::BFloat16>, &vllm::packed_silu_kernel<__nv_bfloat162>, (bool)1, (bool)1, (bool)0, (bool)0>(T1 *, const T1 *, int, float, float, float)"
:layer.21.ptq.total,PushPop,2042,2042,31,124,26855392,216575.7,168512.0,65760,589024,158142.4,"void at::native::tinygemm_m16n8k16_chunk_kernel<at::native::ALayout_RM<(at::native::KReductionType)0>, at::native::BLayout_TC_int4<(int)8, (int)64>, at::native::ALayout_RM<(at::native::KReductionType)0>, (int)8, (int)8>(const void *, const void *, const void *, void *, int, int, int, int, int, int)"
:layer.21.ptq.total,PushPop,2042,2042,31,31,374592,12083.6,11328.0,10656,15360,1515.1,"void flash::flash_fwd_splitkv_kernel<Flash_fwd_kernel_traits<(int)128, (int)64, (int)128, (int)4, (bool)0, (bool)0, cutlass::bfloat16_t, Flash_kernel_traits<(int)128, (int)64, (int)128, (int)4, cutlass::bfloat16_t>>, (bool)0, (bool)0, (bool)0, (bool)0, (bool)1, (bool)0, (bool)0, (bool)0>(flash::Flash_fwd_params)"
:layer.21.ptq.total,PushPop,2042,2042,31,62,364672,5881.8,5632.0,4928,8128,816.6,"std::enable_if<T2>(int)0&&vllm::_typeConvert<T1>::exists, void>::type vllm::fused_add_rms_norm_kernel<c10::BFloat16, (int)8, (bool)1>(T1 *, long, T1 *, const T1 *, float, int, int)"
:layer.21.ptq.total,PushPop,2042,2042,31,31,265280,8557.4,8000.0,7488,10976,1177.4,"void vllm::act_and_mul_kernel<c10::BFloat16, __nv_bfloat162, &vllm::silu_kernel<c10::BFloat16>, &vllm::packed_silu_kernel<__nv_bfloat162>, (bool)1, (bool)1, (bool)0, (bool)0>(T1 *, const T1 *, int, float, float, float)"
:layer.21.ptq.total,PushPop,2042,2042,31,31,228384,7367.2,6912.0,6496,9696,1050.5,"void vllm::rotary_embedding_kernel<c10::BFloat16, c10::BFloat16, (bool)1>(const long *, T1 *, T1 *, const T2 *, int, long, long, long, int, int, int, long, bool)"
:layer.21.ptq.total,PushPop,2042,2042,31,31,190080,6131.6,5792.0,5088,7712,747.5,"void vllm::reshape_and_cache_flash_kernel<__nv_bfloat16, __nv_bfloat16, (vllm::Fp8KVCacheDataType)0>(const T1 *, const T1 *, T2 *, T2 *, const long *, long, long, long, long, long, int, int, int, const float *, const float *, int)"
:layer.22.fp.attention,PushPop,2042,2042,1,2,572416,286208.0,286208.0,249792,322624,51500.0,ampere_bf16_s16816gemm_bf16_128x128_ldg8_f2f_stages_32x5_tn
:layer.22.fp.attention,PushPop,2042,2042,1,1,25504,25504.0,25504.0,25504,25504,0.0,"void flash::flash_fwd_splitkv_kernel<Flash_fwd_kernel_traits<(int)128, (int)64, (int)128, (int)4, (bool)0, (bool)0, cutlass::bfloat16_t, Flash_kernel_traits<(int)128, (int)64, (int)128, (int)4, cutlass::bfloat16_t>>, (bool)1, (bool)0, (bool)0, (bool)0, (bool)1, (bool)0, (bool)0, (bool)0>(flash::Flash_fwd_params)"
:layer.22.fp.attention,PushPop,2042,2042,1,1,18944,18944.0,18944.0,18944,18944,0.0,"void vllm::rotary_embedding_kernel<c10::BFloat16, c10::BFloat16, (bool)1>(const long *, T1 *, T1 *, const T2 *, int, long, long, long, int, int, int, long, bool)"
:layer.22.fp.attention,PushPop,2042,2042,1,1,10080,10080.0,10080.0,10080,10080,0.0,"void vllm::reshape_and_cache_flash_kernel<__nv_bfloat16, __nv_bfloat16, (vllm::Fp8KVCacheDataType)0>(const T1 *, const T1 *, T2 *, T2 *, const long *, long, long, long, long, long, int, int, int, const float *, const float *, int)"
:layer.22.fp.input_norm,PushPop,2042,2042,32,32,233088,7284.0,6432.0,5888,23232,3031.6,"std::enable_if<T2>(int)0&&vllm::_typeConvert<T1>::exists, void>::type vllm::fused_add_rms_norm_kernel<c10::BFloat16, (int)8, (bool)1>(T1 *, long, T1 *, const T1 *, float, int, int)"
:layer.22.fp.mlp,PushPop,2042,2042,1,2,2538112,1269056.0,1269056.0,1146112,1392000,173869.1,ampere_bf16_s16816gemm_bf16_128x128_ldg8_f2f_stages_32x5_tn
:layer.22.fp.mlp,PushPop,2042,2042,1,1,43360,43360.0,43360.0,43360,43360,0.0,"void vllm::act_and_mul_kernel<c10::BFloat16, __nv_bfloat162, &vllm::silu_kernel<c10::BFloat16>, &vllm::packed_silu_kernel<__nv_bfloat162>, (bool)1, (bool)1, (bool)0, (bool)0>(T1 *, const T1 *, int, float, float, float)"
:layer.22.fp.post_attn_norm,PushPop,2042,2042,32,32,192832,6026.0,5504.0,4960,18848,2443.0,"std::enable_if<T2>(int)0&&vllm::_typeConvert<T1>::exists, void>::type vllm::fused_add_rms_norm_kernel<c10::BFloat16, (int)8, (bool)1>(T1 *, long, T1 *, const T1 *, float, int, int)"
:layer.22.fp.total,PushPop,2042,2042,1,4,3110528,777632.0,734368.0,249792,1392000,577024.8,ampere_bf16_s16816gemm_bf16_128x128_ldg8_f2f_stages_32x5_tn
:layer.22.fp.total,PushPop,2042,2042,1,1,43360,43360.0,43360.0,43360,43360,0.0,"void vllm::act_and_mul_kernel<c10::BFloat16, __nv_bfloat162, &vllm::silu_kernel<c10::BFloat16>, &vllm::packed_silu_kernel<__nv_bfloat162>, (bool)1, (bool)1, (bool)0, (bool)0>(T1 *, const T1 *, int, float, float, float)"
:layer.22.fp.total,PushPop,2042,2042,1,2,42080,21040.0,21040.0,18848,23232,3100.0,"std::enable_if<T2>(int)0&&vllm::_typeConvert<T1>::exists, void>::type vllm::fused_add_rms_norm_kernel<c10::BFloat16, (int)8, (bool)1>(T1 *, long, T1 *, const T1 *, float, int, int)"
:layer.22.fp.total,PushPop,2042,2042,1,1,25504,25504.0,25504.0,25504,25504,0.0,"void flash::flash_fwd_splitkv_kernel<Flash_fwd_kernel_traits<(int)128, (int)64, (int)128, (int)4, (bool)0, (bool)0, cutlass::bfloat16_t, Flash_kernel_traits<(int)128, (int)64, (int)128, (int)4, cutlass::bfloat16_t>>, (bool)1, (bool)0, (bool)0, (bool)0, (bool)1, (bool)0, (bool)0, (bool)0>(flash::Flash_fwd_params)"
:layer.22.fp.total,PushPop,2042,2042,1,1,18944,18944.0,18944.0,18944,18944,0.0,"void vllm::rotary_embedding_kernel<c10::BFloat16, c10::BFloat16, (bool)1>(const long *, T1 *, T1 *, const T2 *, int, long, long, long, int, int, int, long, bool)"
:layer.22.fp.total,PushPop,2042,2042,1,1,10080,10080.0,10080.0,10080,10080,0.0,"void vllm::reshape_and_cache_flash_kernel<__nv_bfloat16, __nv_bfloat16, (vllm::Fp8KVCacheDataType)0>(const T1 *, const T1 *, T2 *, T2 *, const long *, long, long, long, long, long, int, int, int, const float *, const float *, int)"
:layer.22.ptq.attention,PushPop,2042,2042,31,62,5574848,89916.9,94480.0,66336,133376,20300.1,"void at::native::tinygemm_m16n8k16_chunk_kernel<at::native::ALayout_RM<(at::native::KReductionType)0>, at::native::BLayout_TC_int4<(int)8, (int)64>, at::native::ALayout_RM<(at::native::KReductionType)0>, (int)8, (int)8>(const void *, const void *, const void *, void *, int, int, int, int, int, int)"
:layer.22.ptq.attention,PushPop,2042,2042,31,31,372480,12015.5,11232.0,10560,15424,1525.6,"void flash::flash_fwd_splitkv_kernel<Flash_fwd_kernel_traits<(int)128, (int)64, (int)128, (int)4, (bool)0, (bool)0, cutlass::bfloat16_t, Flash_kernel_traits<(int)128, (int)64, (int)128, (int)4, cutlass::bfloat16_t>>, (bool)0, (bool)0, (bool)0, (bool)0, (bool)1, (bool)0, (bool)0, (bool)0>(flash::Flash_fwd_params)"
:layer.22.ptq.attention,PushPop,2042,2042,31,31,244032,7872.0,7552.0,6880,10464,1146.3,"void vllm::rotary_embedding_kernel<c10::BFloat16, c10::BFloat16, (bool)1>(const long *, T1 *, T1 *, const T2 *, int, long, long, long, int, int, int, long, bool)"
:layer.22.ptq.attention,PushPop,2042,2042,31,31,190144,6133.7,5920.0,5056,7648,741.7,"void vllm::reshape_and_cache_flash_kernel<__nv_bfloat16, __nv_bfloat16, (vllm::Fp8KVCacheDataType)0>(const T1 *, const T1 *, T2 *, T2 *, const long *, long, long, long, long, long, int, int, int, const float *, const float *, int)"
:layer.22.ptq.mlp,PushPop,2042,2042,31,62,21326304,343972.6,351136.0,205024,588224,129619.4,"void at::native::tinygemm_m16n8k16_chunk_kernel<at::native::ALayout_RM<(at::native::KReductionType)0>, at::native::BLayout_TC_int4<(int)8, (int)64>, at::native::ALayout_RM<(at::native::KReductionType)0>, (int)8, (int)8>(const void *, const void *, const void *, void *, int, int, int, int, int, int)"
:layer.22.ptq.mlp,PushPop,2042,2042,31,31,265024,8549.2,7968.0,7520,11072,1182.6,"void vllm::act_and_mul_kernel<c10::BFloat16, __nv_bfloat162, &vllm::silu_kernel<c10::BFloat16>, &vllm::packed_silu_kernel<__nv_bfloat162>, (bool)1, (bool)1, (bool)0, (bool)0>(T1 *, const T1 *, int, float, float, float)"
:layer.22.ptq.total,PushPop,2042,2042,31,124,26901152,216944.8,169200.0,66336,588224,157492.7,"void at::native::tinygemm_m16n8k16_chunk_kernel<at::native::ALayout_RM<(at::native::KReductionType)0>, at::native::BLayout_TC_int4<(int)8, (int)64>, at::native::ALayout_RM<(at::native::KReductionType)0>, (int)8, (int)8>(const void *, const void *, const void *, void *, int, int, int, int, int, int)"
:layer.22.ptq.total,PushPop,2042,2042,31,62,383840,6191.0,6016.0,4960,8768,978.8,"std::enable_if<T2>(int)0&&vllm::_typeConvert<T1>::exists, void>::type vllm::fused_add_rms_norm_kernel<c10::BFloat16, (int)8, (bool)1>(T1 *, long, T1 *, const T1 *, float, int, int)"
:layer.22.ptq.total,PushPop,2042,2042,31,31,372480,12015.5,11232.0,10560,15424,1525.6,"void flash::flash_fwd_splitkv_kernel<Flash_fwd_kernel_traits<(int)128, (int)64, (int)128, (int)4, (bool)0, (bool)0, cutlass::bfloat16_t, Flash_kernel_traits<(int)128, (int)64, (int)128, (int)4, cutlass::bfloat16_t>>, (bool)0, (bool)0, (bool)0, (bool)0, (bool)1, (bool)0, (bool)0, (bool)0>(flash::Flash_fwd_params)"
:layer.22.ptq.total,PushPop,2042,2042,31,31,265024,8549.2,7968.0,7520,11072,1182.6,"void vllm::act_and_mul_kernel<c10::BFloat16, __nv_bfloat162, &vllm::silu_kernel<c10::BFloat16>, &vllm::packed_silu_kernel<__nv_bfloat162>, (bool)1, (bool)1, (bool)0, (bool)0>(T1 *, const T1 *, int, float, float, float)"
:layer.22.ptq.total,PushPop,2042,2042,31,31,244032,7872.0,7552.0,6880,10464,1146.3,"void vllm::rotary_embedding_kernel<c10::BFloat16, c10::BFloat16, (bool)1>(const long *, T1 *, T1 *, const T2 *, int, long, long, long, int, int, int, long, bool)"
:layer.22.ptq.total,PushPop,2042,2042,31,31,190144,6133.7,5920.0,5056,7648,741.7,"void vllm::reshape_and_cache_flash_kernel<__nv_bfloat16, __nv_bfloat16, (vllm::Fp8KVCacheDataType)0>(const T1 *, const T1 *, T2 *, T2 *, const long *, long, long, long, long, long, int, int, int, const float *, const float *, int)"
:layer.23.fp.attention,PushPop,2042,2042,1,2,571040,285520.0,285520.0,248992,322048,51658.4,ampere_bf16_s16816gemm_bf16_128x128_ldg8_f2f_stages_32x5_tn
:layer.23.fp.attention,PushPop,2042,2042,1,1,25184,25184.0,25184.0,25184,25184,0.0,"void flash::flash_fwd_splitkv_kernel<Flash_fwd_kernel_traits<(int)128, (int)64, (int)128, (int)4, (bool)0, (bool)0, cutlass::bfloat16_t, Flash_kernel_traits<(int)128, (int)64, (int)128, (int)4, cutlass::bfloat16_t>>, (bool)1, (bool)0, (bool)0, (bool)0, (bool)1, (bool)0, (bool)0, (bool)0>(flash::Flash_fwd_params)"
:layer.23.fp.attention,PushPop,2042,2042,1,1,18816,18816.0,18816.0,18816,18816,0.0,"void vllm::rotary_embedding_kernel<c10::BFloat16, c10::BFloat16, (bool)1>(const long *, T1 *, T1 *, const T2 *, int, long, long, long, int, int, int, long, bool)"
:layer.23.fp.attention,PushPop,2042,2042,1,1,10880,10880.0,10880.0,10880,10880,0.0,"void vllm::reshape_and_cache_flash_kernel<__nv_bfloat16, __nv_bfloat16, (vllm::Fp8KVCacheDataType)0>(const T1 *, const T1 *, T2 *, T2 *, const long *, long, long, long, long, long, int, int, int, const float *, const float *, int)"
:layer.23.fp.input_norm,PushPop,2042,2042,32,32,215328,6729.0,5808.0,5504,23040,3080.5,"std::enable_if<T2>(int)0&&vllm::_typeConvert<T1>::exists, void>::type vllm::fused_add_rms_norm_kernel<c10::BFloat16, (int)8, (bool)1>(T1 *, long, T1 *, const T1 *, float, int, int)"
:layer.23.fp.mlp,PushPop,2042,2042,1,2,2548992,1274496.0,1274496.0,1147840,1401152,179118.6,ampere_bf16_s16816gemm_bf16_128x128_ldg8_f2f_stages_32x5_tn
:layer.23.fp.mlp,PushPop,2042,2042,1,1,43968,43968.0,43968.0,43968,43968,0.0,"void vllm::act_and_mul_kernel<c10::BFloat16, __nv_bfloat162, &vllm::silu_kernel<c10::BFloat16>, &vllm::packed_silu_kernel<__nv_bfloat162>, (bool)1, (bool)1, (bool)0, (bool)0>(T1 *, const T1 *, int, float, float, float)"
:layer.23.fp.post_attn_norm,PushPop,2042,2042,32,32,192096,6003.0,5472.0,4896,18784,2443.2,"std::enable_if<T2>(int)0&&vllm::_typeConvert<T1>::exists, void>::type vllm::fused_add_rms_norm_kernel<c10::BFloat16, (int)8, (bool)1>(T1 *, long, T1 *, const T1 *, float, int, int)"
:layer.23.fp.total,PushPop,2042,2042,1,4,3120032,780008.0,734944.0,248992,1401152,581040.9,ampere_bf16_s16816gemm_bf16_128x128_ldg8_f2f_stages_32x5_tn
:layer.23.fp.total,PushPop,2042,2042,1,1,43968,43968.0,43968.0,43968,43968,0.0,"void vllm::act_and_mul_kernel<c10::BFloat16, __nv_bfloat162, &vllm::silu_kernel<c10::BFloat16>, &vllm::packed_silu_kernel<__nv_bfloat162>, (bool)1, (bool)1, (bool)0, (bool)0>(T1 *, const T1 *, int, float, float, float)"
:layer.23.fp.total,PushPop,2042,2042,1,2,41824,20912.0,20912.0,18784,23040,3009.4,"std::enable_if<T2>(int)0&&vllm::_typeConvert<T1>::exists, void>::type vllm::fused_add_rms_norm_kernel<c10::BFloat16, (int)8, (bool)1>(T1 *, long, T1 *, const T1 *, float, int, int)"
:layer.23.fp.total,PushPop,2042,2042,1,1,25184,25184.0,25184.0,25184,25184,0.0,"void flash::flash_fwd_splitkv_kernel<Flash_fwd_kernel_traits<(int)128, (int)64, (int)128, (int)4, (bool)0, (bool)0, cutlass::bfloat16_t, Flash_kernel_traits<(int)128, (int)64, (int)128, (int)4, cutlass::bfloat16_t>>, (bool)1, (bool)0, (bool)0, (bool)0, (bool)1, (bool)0, (bool)0, (bool)0>(flash::Flash_fwd_params)"
:layer.23.fp.total,PushPop,2042,2042,1,1,18816,18816.0,18816.0,18816,18816,0.0,"void vllm::rotary_embedding_kernel<c10::BFloat16, c10::BFloat16, (bool)1>(const long *, T1 *, T1 *, const T2 *, int, long, long, long, int, int, int, long, bool)"
:layer.23.fp.total,PushPop,2042,2042,1,1,10880,10880.0,10880.0,10880,10880,0.0,"void vllm::reshape_and_cache_flash_kernel<__nv_bfloat16, __nv_bfloat16, (vllm::Fp8KVCacheDataType)0>(const T1 *, const T1 *, T2 *, T2 *, const long *, long, long, long, long, long, int, int, int, const float *, const float *, int)"
:layer.23.ptq.attention,PushPop,2042,2042,31,62,5599104,90308.1,94496.0,67072,132064,19481.5,"void at::native::tinygemm_m16n8k16_chunk_kernel<at::native::ALayout_RM<(at::native::KReductionType)0>, at::native::BLayout_TC_int4<(int)8, (int)64>, at::native::ALayout_RM<(at::native::KReductionType)0>, (int)8, (int)8>(const void *, const void *, const void *, void *, int, int, int, int, int, int)"
:layer.23.ptq.attention,PushPop,2042,2042,31,31,372896,12028.9,11424.0,10528,15232,1536.8,"void flash::flash_fwd_splitkv_kernel<Flash_fwd_kernel_traits<(int)128, (int)64, (int)128, (int)4, (bool)0, (bool)0, cutlass::bfloat16_t, Flash_kernel_traits<(int)128, (int)64, (int)128, (int)4, cutlass::bfloat16_t>>, (bool)0, (bool)0, (bool)0, (bool)0, (bool)1, (bool)0, (bool)0, (bool)0>(flash::Flash_fwd_params)"
:layer.23.ptq.attention,PushPop,2042,2042,31,31,242912,7835.9,7520.0,6880,10144,1083.2,"void vllm::rotary_embedding_kernel<c10::BFloat16, c10::BFloat16, (bool)1>(const long *, T1 *, T1 *, const T2 *, int, long, long, long, int, int, int, long, bool)"
:layer.23.ptq.attention,PushPop,2042,2042,31,31,189312,6106.8,5728.0,5120,7648,763.1,"void vllm::reshape_and_cache_flash_kernel<__nv_bfloat16, __nv_bfloat16, (vllm::Fp8KVCacheDataType)0>(const T1 *, const T1 *, T2 *, T2 *, const long *, long, long, long, long, long, int, int, int, const float *, const float *, int)"
:layer.23.ptq.mlp,PushPop,2042,2042,31,62,21455136,346050.6,351888.0,204960,585568,130700.0,"void at::native::tinygemm_m16n8k16_chunk_kernel<at::native::ALayout_RM<(at::native::KReductionType)0>, at::native::BLayout_TC_int4<(int)8, (int)64>, at::native::ALayout_RM<(at::native::KReductionType)0>, (int)8, (int)8>(const void *, const void *, const void *, void *, int, int, int, int, int, int)"
:layer.23.ptq.mlp,PushPop,2042,2042,31,31,266720,8603.9,7968.0,7456,10976,1187.9,"void vllm::act_and_mul_kernel<c10::BFloat16, __nv_bfloat162, &vllm::silu_kernel<c10::BFloat16>, &vllm::packed_silu_kernel<__nv_bfloat162>, (bool)1, (bool)1, (bool)0, (bool)0>(T1 *, const T1 *, int, float, float, float)"
:layer.23.ptq.total,PushPop,2042,2042,31,124,27054240,218179.4,168512.0,67072,585568,158568.6,"void at::native::tinygemm_m16n8k16_chunk_kernel<at::native::ALayout_RM<(at::native::KReductionType)0>, at::native::BLayout_TC_int4<(int)8, (int)64>, at::native::ALayout_RM<(at::native::KReductionType)0>, (int)8, (int)8>(const void *, const void *, const void *, void *, int, int, int, int, int, int)"
:layer.23.ptq.total,PushPop,2042,2042,31,31,372896,12028.9,11424.0,10528,15232,1536.8,"void flash::flash_fwd_splitkv_kernel<Flash_fwd_kernel_traits<(int)128, (int)64, (int)128, (int)4, (bool)0, (bool)0, cutlass::bfloat16_t, Flash_kernel_traits<(int)128, (int)64, (int)128, (int)4, cutlass::bfloat16_t>>, (bool)0, (bool)0, (bool)0, (bool)0, (bool)1, (bool)0, (bool)0, (bool)0>(flash::Flash_fwd_params)"
:layer.23.ptq.total,PushPop,2042,2042,31,62,365600,5896.8,5536.0,4896,7904,827.5,"std::enable_if<T2>(int)0&&vllm::_typeConvert<T1>::exists, void>::type vllm::fused_add_rms_norm_kernel<c10::BFloat16, (int)8, (bool)1>(T1 *, long, T1 *, const T1 *, float, int, int)"
:layer.23.ptq.total,PushPop,2042,2042,31,31,266720,8603.9,7968.0,7456,10976,1187.9,"void vllm::act_and_mul_kernel<c10::BFloat16, __nv_bfloat162, &vllm::silu_kernel<c10::BFloat16>, &vllm::packed_silu_kernel<__nv_bfloat162>, (bool)1, (bool)1, (bool)0, (bool)0>(T1 *, const T1 *, int, float, float, float)"
:layer.23.ptq.total,PushPop,2042,2042,31,31,242912,7835.9,7520.0,6880,10144,1083.2,"void vllm::rotary_embedding_kernel<c10::BFloat16, c10::BFloat16, (bool)1>(const long *, T1 *, T1 *, const T2 *, int, long, long, long, int, int, int, long, bool)"
:layer.23.ptq.total,PushPop,2042,2042,31,31,189312,6106.8,5728.0,5120,7648,763.1,"void vllm::reshape_and_cache_flash_kernel<__nv_bfloat16, __nv_bfloat16, (vllm::Fp8KVCacheDataType)0>(const T1 *, const T1 *, T2 *, T2 *, const long *, long, long, long, long, long, int, int, int, const float *, const float *, int)"
:layer.24.fp.attention,PushPop,2042,2042,1,2,570592,285296.0,285296.0,247840,322752,52970.8,ampere_bf16_s16816gemm_bf16_128x128_ldg8_f2f_stages_32x5_tn
:layer.24.fp.attention,PushPop,2042,2042,1,1,25568,25568.0,25568.0,25568,25568,0.0,"void flash::flash_fwd_splitkv_kernel<Flash_fwd_kernel_traits<(int)128, (int)64, (int)128, (int)4, (bool)0, (bool)0, cutlass::bfloat16_t, Flash_kernel_traits<(int)128, (int)64, (int)128, (int)4, cutlass::bfloat16_t>>, (bool)1, (bool)0, (bool)0, (bool)0, (bool)1, (bool)0, (bool)0, (bool)0>(flash::Flash_fwd_params)"
:layer.24.fp.attention,PushPop,2042,2042,1,1,18688,18688.0,18688.0,18688,18688,0.0,"void vllm::rotary_embedding_kernel<c10::BFloat16, c10::BFloat16, (bool)1>(const long *, T1 *, T1 *, const T2 *, int, long, long, long, int, int, int, long, bool)"
:layer.24.fp.attention,PushPop,2042,2042,1,1,10240,10240.0,10240.0,10240,10240,0.0,"void vllm::reshape_and_cache_flash_kernel<__nv_bfloat16, __nv_bfloat16, (vllm::Fp8KVCacheDataType)0>(const T1 *, const T1 *, T2 *, T2 *, const long *, long, long, long, long, long, int, int, int, const float *, const float *, int)"
:layer.24.fp.input_norm,PushPop,2042,2042,32,32,216064,6752.0,5984.0,5472,23392,3138.6,"std::enable_if<T2>(int)0&&vllm::_typeConvert<T1>::exists, void>::type vllm::fused_add_rms_norm_kernel<c10::BFloat16, (int)8, (bool)1>(T1 *, long, T1 *, const T1 *, float, int, int)"
:layer.24.fp.mlp,PushPop,2042,2042,1,2,2546272,1273136.0,1273136.0,1146048,1400224,179729.6,ampere_bf16_s16816gemm_bf16_128x128_ldg8_f2f_stages_32x5_tn
:layer.24.fp.mlp,PushPop,2042,2042,1,1,43296,43296.0,43296.0,43296,43296,0.0,"void vllm::act_and_mul_kernel<c10::BFloat16, __nv_bfloat162, &vllm::silu_kernel<c10::BFloat16>, &vllm::packed_silu_kernel<__nv_bfloat162>, (bool)1, (bool)1, (bool)0, (bool)0>(T1 *, const T1 *, int, float, float, float)"
:layer.24.fp.post_attn_norm,PushPop,2042,2042,32,32,193152,6036.0,5488.0,4928,18944,2466.6,"std::enable_if<T2>(int)0&&vllm::_typeConvert<T1>::exists, void>::type vllm::fused_add_rms_norm_kernel<c10::BFloat16, (int)8, (bool)1>(T1 *, long, T1 *, const T1 *, float, int, int)"
:layer.24.fp.total,PushPop,2042,2042,1,4,3116864,779216.0,734400.0,247840,1400224,580498.8,ampere_bf16_s16816gemm_bf16_128x128_ldg8_f2f_stages_32x5_tn
:layer.24.fp.total,PushPop,2042,2042,1,1,43296,43296.0,43296.0,43296,43296,0.0,"void vllm::act_and_mul_kernel<c10::BFloat16, __nv_bfloat162, &vllm::silu_kernel<c10::BFloat16>, &vllm::packed_silu_kernel<__nv_bfloat162>, (bool)1, (bool)1, (bool)0, (bool)0>(T1 *, const T1 *, int, float, float, float)"
:layer.24.fp.total,PushPop,2042,2042,1,2,42336,21168.0,21168.0,18944,23392,3145.2,"std::enable_if<T2>(int)0&&vllm::_typeConvert<T1>::exists, void>::type vllm::fused_add_rms_norm_kernel<c10::BFloat16, (int)8, (bool)1>(T1 *, long, T1 *, const T1 *, float, int, int)"
:layer.24.fp.total,PushPop,2042,2042,1,1,25568,25568.0,25568.0,25568,25568,0.0,"void flash::flash_fwd_splitkv_kernel<Flash_fwd_kernel_traits<(int)128, (int)64, (int)128, (int)4, (bool)0, (bool)0, cutlass::bfloat16_t, Flash_kernel_traits<(int)128, (int)64, (int)128, (int)4, cutlass::bfloat16_t>>, (bool)1, (bool)0, (bool)0, (bool)0, (bool)1, (bool)0, (bool)0, (bool)0>(flash::Flash_fwd_params)"
:layer.24.fp.total,PushPop,2042,2042,1,1,18688,18688.0,18688.0,18688,18688,0.0,"void vllm::rotary_embedding_kernel<c10::BFloat16, c10::BFloat16, (bool)1>(const long *, T1 *, T1 *, const T2 *, int, long, long, long, int, int, int, long, bool)"
:layer.24.fp.total,PushPop,2042,2042,1,1,10240,10240.0,10240.0,10240,10240,0.0,"void vllm::reshape_and_cache_flash_kernel<__nv_bfloat16, __nv_bfloat16, (vllm::Fp8KVCacheDataType)0>(const T1 *, const T1 *, T2 *, T2 *, const long *, long, long, long, long, long, int, int, int, const float *, const float *, int)"
:layer.24.ptq.attention,PushPop,2042,2042,31,62,5541600,89380.6,92624.0,67968,130688,18564.3,"void at::native::tinygemm_m16n8k16_chunk_kernel<at::native::ALayout_RM<(at::native::KReductionType)0>, at::native::BLayout_TC_int4<(int)8, (int)64>, at::native::ALayout_RM<(at::native::KReductionType)0>, (int)8, (int)8>(const void *, const void *, const void *, void *, int, int, int, int, int, int)"
:layer.24.ptq.attention,PushPop,2042,2042,31,31,379264,12234.3,11648.0,10784,15616,1534.6,"void flash::flash_fwd_splitkv_kernel<Flash_fwd_kernel_traits<(int)128, (int)64, (int)128, (int)4, (bool)0, (bool)0, cutlass::bfloat16_t, Flash_kernel_traits<(int)128, (int)64, (int)128, (int)4, cutlass::bfloat16_t>>, (bool)0, (bool)0, (bool)0, (bool)0, (bool)1, (bool)0, (bool)0, (bool)0>(flash::Flash_fwd_params)"
:layer.24.ptq.attention,PushPop,2042,2042,31,31,254560,8211.6,7712.0,6944,10720,1117.1,"void vllm::rotary_embedding_kernel<c10::BFloat16, c10::BFloat16, (bool)1>(const long *, T1 *, T1 *, const T2 *, int, long, long, long, int, int, int, long, bool)"
:layer.24.ptq.attention,PushPop,2042,2042,31,31,190496,6145.0,5888.0,5088,7680,766.4,"void vllm::reshape_and_cache_flash_kernel<__nv_bfloat16, __nv_bfloat16, (vllm::Fp8KVCacheDataType)0>(const T1 *, const T1 *, T2 *, T2 *, const long *, long, long, long, long, long, int, int, int, const float *, const float *, int)"
:layer.24.ptq.mlp,PushPop,2042,2042,31,62,21450464,345975.2,352432.0,204864,586752,131074.1,"void at::native::tinygemm_m16n8k16_chunk_kernel<at::native::ALayout_RM<(at::native::KReductionType)0>, at::native::BLayout_TC_int4<(int)8, (int)64>, at::native::ALayout_RM<(at::native::KReductionType)0>, (int)8, (int)8>(const void *, const void *, const void *, void *, int, int, int, int, int, int)"
:layer.24.ptq.mlp,PushPop,2042,2042,31,31,265824,8575.0,8032.0,7520,10944,1208.6,"void vllm::act_and_mul_kernel<c10::BFloat16, __nv_bfloat162, &vllm::silu_kernel<c10::BFloat16>, &vllm::packed_silu_kernel<__nv_bfloat162>, (bool)1, (bool)1, (bool)0, (bool)0>(T1 *, const T1 *, int, float, float, float)"
:layer.24.ptq.total,PushPop,2042,2042,31,124,26992064,217677.9,167776.0,67968,586752,159013.5,"void at::native::tinygemm_m16n8k16_chunk_kernel<at::native::ALayout_RM<(at::native::KReductionType)0>, at::native::BLayout_TC_int4<(int)8, (int)64>, at::native::ALayout_RM<(at::native::KReductionType)0>, (int)8, (int)8>(const void *, const void *, const void *, void *, int, int, int, int, int, int)"
:layer.24.ptq.total,PushPop,2042,2042,31,31,379264,12234.3,11648.0,10784,15616,1534.6,"void flash::flash_fwd_splitkv_kernel<Flash_fwd_kernel_traits<(int)128, (int)64, (int)128, (int)4, (bool)0, (bool)0, cutlass::bfloat16_t, Flash_kernel_traits<(int)128, (int)64, (int)128, (int)4, cutlass::bfloat16_t>>, (bool)0, (bool)0, (bool)0, (bool)0, (bool)1, (bool)0, (bool)0, (bool)0>(flash::Flash_fwd_params)"
:layer.24.ptq.total,PushPop,2042,2042,31,62,366880,5917.4,5648.0,4928,7904,826.4,"std::enable_if<T2>(int)0&&vllm::_typeConvert<T1>::exists, void>::type vllm::fused_add_rms_norm_kernel<c10::BFloat16, (int)8, (bool)1>(T1 *, long, T1 *, const T1 *, float, int, int)"
:layer.24.ptq.total,PushPop,2042,2042,31,31,265824,8575.0,8032.0,7520,10944,1208.6,"void vllm::act_and_mul_kernel<c10::BFloat16, __nv_bfloat162, &vllm::silu_kernel<c10::BFloat16>, &vllm::packed_silu_kernel<__nv_bfloat162>, (bool)1, (bool)1, (bool)0, (bool)0>(T1 *, const T1 *, int, float, float, float)"
:layer.24.ptq.total,PushPop,2042,2042,31,31,254560,8211.6,7712.0,6944,10720,1117.1,"void vllm::rotary_embedding_kernel<c10::BFloat16, c10::BFloat16, (bool)1>(const long *, T1 *, T1 *, const T2 *, int, long, long, long, int, int, int, long, bool)"
:layer.24.ptq.total,PushPop,2042,2042,31,31,190496,6145.0,5888.0,5088,7680,766.4,"void vllm::reshape_and_cache_flash_kernel<__nv_bfloat16, __nv_bfloat16, (vllm::Fp8KVCacheDataType)0>(const T1 *, const T1 *, T2 *, T2 *, const long *, long, long, long, long, long, int, int, int, const float *, const float *, int)"
:layer.25.fp.attention,PushPop,2042,2042,1,2,572128,286064.0,286064.0,247840,324288,54056.9,ampere_bf16_s16816gemm_bf16_128x128_ldg8_f2f_stages_32x5_tn
:layer.25.fp.attention,PushPop,2042,2042,1,1,25696,25696.0,25696.0,25696,25696,0.0,"void flash::flash_fwd_splitkv_kernel<Flash_fwd_kernel_traits<(int)128, (int)64, (int)128, (int)4, (bool)0, (bool)0, cutlass::bfloat16_t, Flash_kernel_traits<(int)128, (int)64, (int)128, (int)4, cutlass::bfloat16_t>>, (bool)1, (bool)0, (bool)0, (bool)0, (bool)1, (bool)0, (bool)0, (bool)0>(flash::Flash_fwd_params)"
:layer.25.fp.attention,PushPop,2042,2042,1,1,18336,18336.0,18336.0,18336,18336,0.0,"void vllm::rotary_embedding_kernel<c10::BFloat16, c10::BFloat16, (bool)1>(const long *, T1 *, T1 *, const T2 *, int, long, long, long, int, int, int, long, bool)"
:layer.25.fp.attention,PushPop,2042,2042,1,1,10144,10144.0,10144.0,10144,10144,0.0,"void vllm::reshape_and_cache_flash_kernel<__nv_bfloat16, __nv_bfloat16, (vllm::Fp8KVCacheDataType)0>(const T1 *, const T1 *, T2 *, T2 *, const long *, long, long, long, long, long, int, int, int, const float *, const float *, int)"
:layer.25.fp.input_norm,PushPop,2042,2042,32,32,215616,6738.0,5840.0,5472,23392,3138.7,"std::enable_if<T2>(int)0&&vllm::_typeConvert<T1>::exists, void>::type vllm::fused_add_rms_norm_kernel<c10::BFloat16, (int)8, (bool)1>(T1 *, long, T1 *, const T1 *, float, int, int)"
:layer.25.fp.mlp,PushPop,2042,2042,1,2,2528288,1264144.0,1264144.0,1137120,1391168,179639.1,ampere_bf16_s16816gemm_bf16_128x128_ldg8_f2f_stages_32x5_tn
:layer.25.fp.mlp,PushPop,2042,2042,1,1,43488,43488.0,43488.0,43488,43488,0.0,"void vllm::act_and_mul_kernel<c10::BFloat16, __nv_bfloat162, &vllm::silu_kernel<c10::BFloat16>, &vllm::packed_silu_kernel<__nv_bfloat162>, (bool)1, (bool)1, (bool)0, (bool)0>(T1 *, const T1 *, int, float, float, float)"
:layer.25.fp.post_attn_norm,PushPop,2042,2042,32,32,211520,6610.0,6032.0,5440,19712,2505.4,"std::enable_if<T2>(int)0&&vllm::_typeConvert<T1>::exists, void>::type vllm::fused_add_rms_norm_kernel<c10::BFloat16, (int)8, (bool)1>(T1 *, long, T1 *, const T1 *, float, int, int)"
:layer.25.fp.total,PushPop,2042,2042,1,4,3100416,775104.0,730704.0,247840,1391168,574987.8,ampere_bf16_s16816gemm_bf16_128x128_ldg8_f2f_stages_32x5_tn
:layer.25.fp.total,PushPop,2042,2042,1,1,43488,43488.0,43488.0,43488,43488,0.0,"void vllm::act_and_mul_kernel<c10::BFloat16, __nv_bfloat162, &vllm::silu_kernel<c10::BFloat16>, &vllm::packed_silu_kernel<__nv_bfloat162>, (bool)1, (bool)1, (bool)0, (bool)0>(T1 *, const T1 *, int, float, float, float)"
:layer.25.fp.total,PushPop,2042,2042,1,2,43104,21552.0,21552.0,19712,23392,2602.2,"std::enable_if<T2>(int)0&&vllm::_typeConvert<T1>::exists, void>::type vllm::fused_add_rms_norm_kernel<c10::BFloat16, (int)8, (bool)1>(T1 *, long, T1 *, const T1 *, float, int, int)"
:layer.25.fp.total,PushPop,2042,2042,1,1,25696,25696.0,25696.0,25696,25696,0.0,"void flash::flash_fwd_splitkv_kernel<Flash_fwd_kernel_traits<(int)128, (int)64, (int)128, (int)4, (bool)0, (bool)0, cutlass::bfloat16_t, Flash_kernel_traits<(int)128, (int)64, (int)128, (int)4, cutlass::bfloat16_t>>, (bool)1, (bool)0, (bool)0, (bool)0, (bool)1, (bool)0, (bool)0, (bool)0>(flash::Flash_fwd_params)"
:layer.25.fp.total,PushPop,2042,2042,1,1,18336,18336.0,18336.0,18336,18336,0.0,"void vllm::rotary_embedding_kernel<c10::BFloat16, c10::BFloat16, (bool)1>(const long *, T1 *, T1 *, const T2 *, int, long, long, long, int, int, int, long, bool)"
:layer.25.fp.total,PushPop,2042,2042,1,1,10144,10144.0,10144.0,10144,10144,0.0,"void vllm::reshape_and_cache_flash_kernel<__nv_bfloat16, __nv_bfloat16, (vllm::Fp8KVCacheDataType)0>(const T1 *, const T1 *, T2 *, T2 *, const long *, long, long, long, long, long, int, int, int, const float *, const float *, int)"
:layer.25.ptq.attention,PushPop,2042,2042,31,62,5576128,89937.5,94368.0,65728,131232,19826.1,"void at::native::tinygemm_m16n8k16_chunk_kernel<at::native::ALayout_RM<(at::native::KReductionType)0>, at::native::BLayout_TC_int4<(int)8, (int)64>, at::native::ALayout_RM<(at::native::KReductionType)0>, (int)8, (int)8>(const void *, const void *, const void *, void *, int, int, int, int, int, int)"
:layer.25.ptq.attention,PushPop,2042,2042,31,31,376288,12138.3,11488.0,10592,15264,1514.4,"void flash::flash_fwd_splitkv_kernel<Flash_fwd_kernel_traits<(int)128, (int)64, (int)128, (int)4, (bool)0, (bool)0, cutlass::bfloat16_t, Flash_kernel_traits<(int)128, (int)64, (int)128, (int)4, cutlass::bfloat16_t>>, (bool)0, (bool)0, (bool)0, (bool)0, (bool)1, (bool)0, (bool)0, (bool)0>(flash::Flash_fwd_params)"
:layer.25.ptq.attention,PushPop,2042,2042,31,31,232544,7501.4,7104.0,6464,10528,1215.5,"void vllm::rotary_embedding_kernel<c10::BFloat16, c10::BFloat16, (bool)1>(const long *, T1 *, T1 *, const T2 *, int, long, long, long, int, int, int, long, bool)"
:layer.25.ptq.attention,PushPop,2042,2042,31,31,190784,6154.3,5792.0,5184,7648,763.3,"void vllm::reshape_and_cache_flash_kernel<__nv_bfloat16, __nv_bfloat16, (vllm::Fp8KVCacheDataType)0>(const T1 *, const T1 *, T2 *, T2 *, const long *, long, long, long, long, long, int, int, int, const float *, const float *, int)"
:layer.25.ptq.mlp,PushPop,2042,2042,31,62,22015168,355083.4,361152.0,205280,596192,137801.8,"void at::native::tinygemm_m16n8k16_chunk_kernel<at::native::ALayout_RM<(at::native::KReductionType)0>, at::native::BLayout_TC_int4<(int)8, (int)64>, at::native::ALayout_RM<(at::native::KReductionType)0>, (int)8, (int)8>(const void *, const void *, const void *, void *, int, int, int, int, int, int)"
:layer.25.ptq.mlp,PushPop,2042,2042,31,31,267296,8622.5,8352.0,7488,10976,1216.3,"void vllm::act_and_mul_kernel<c10::BFloat16, __nv_bfloat162, &vllm::silu_kernel<c10::BFloat16>, &vllm::packed_silu_kernel<__nv_bfloat162>, (bool)1, (bool)1, (bool)0, (bool)0>(T1 *, const T1 *, int, float, float, float)"
:layer.25.ptq.total,PushPop,2042,2042,31,124,27591296,222510.5,168256.0,65728,596192,165320.6,"void at::native::tinygemm_m16n8k16_chunk_kernel<at::native::ALayout_RM<(at::native::KReductionType)0>, at::native::BLayout_TC_int4<(int)8, (int)64>, at::native::ALayout_RM<(at::native::KReductionType)0>, (int)8, (int)8>(const void *, const void *, const void *, void *, int, int, int, int, int, int)"
:layer.25.ptq.total,PushPop,2042,2042,31,62,384032,6194.1,5968.0,5440,7712,773.3,"std::enable_if<T2>(int)0&&vllm::_typeConvert<T1>::exists, void>::type vllm::fused_add_rms_norm_kernel<c10::BFloat16, (int)8, (bool)1>(T1 *, long, T1 *, const T1 *, float, int, int)"
:layer.25.ptq.total,PushPop,2042,2042,31,31,376288,12138.3,11488.0,10592,15264,1514.4,"void flash::flash_fwd_splitkv_kernel<Flash_fwd_kernel_traits<(int)128, (int)64, (int)128, (int)4, (bool)0, (bool)0, cutlass::bfloat16_t, Flash_kernel_traits<(int)128, (int)64, (int)128, (int)4, cutlass::bfloat16_t>>, (bool)0, (bool)0, (bool)0, (bool)0, (bool)1, (bool)0, (bool)0, (bool)0>(flash::Flash_fwd_params)"
:layer.25.ptq.total,PushPop,2042,2042,31,31,267296,8622.5,8352.0,7488,10976,1216.3,"void vllm::act_and_mul_kernel<c10::BFloat16, __nv_bfloat162, &vllm::silu_kernel<c10::BFloat16>, &vllm::packed_silu_kernel<__nv_bfloat162>, (bool)1, (bool)1, (bool)0, (bool)0>(T1 *, const T1 *, int, float, float, float)"
:layer.25.ptq.total,PushPop,2042,2042,31,31,232544,7501.4,7104.0,6464,10528,1215.5,"void vllm::rotary_embedding_kernel<c10::BFloat16, c10::BFloat16, (bool)1>(const long *, T1 *, T1 *, const T2 *, int, long, long, long, int, int, int, long, bool)"
:layer.25.ptq.total,PushPop,2042,2042,31,31,190784,6154.3,5792.0,5184,7648,763.3,"void vllm::reshape_and_cache_flash_kernel<__nv_bfloat16, __nv_bfloat16, (vllm::Fp8KVCacheDataType)0>(const T1 *, const T1 *, T2 *, T2 *, const long *, long, long, long, long, long, int, int, int, const float *, const float *, int)"
:layer.26.fp.attention,PushPop,2042,2042,1,2,569216,284608.0,284608.0,247584,321632,52359.8,ampere_bf16_s16816gemm_bf16_128x128_ldg8_f2f_stages_32x5_tn
:layer.26.fp.attention,PushPop,2042,2042,1,1,25632,25632.0,25632.0,25632,25632,0.0,"void flash::flash_fwd_splitkv_kernel<Flash_fwd_kernel_traits<(int)128, (int)64, (int)128, (int)4, (bool)0, (bool)0, cutlass::bfloat16_t, Flash_kernel_traits<(int)128, (int)64, (int)128, (int)4, cutlass::bfloat16_t>>, (bool)1, (bool)0, (bool)0, (bool)0, (bool)1, (bool)0, (bool)0, (bool)0>(flash::Flash_fwd_params)"
:layer.26.fp.attention,PushPop,2042,2042,1,1,19296,19296.0,19296.0,19296,19296,0.0,"void vllm::rotary_embedding_kernel<c10::BFloat16, c10::BFloat16, (bool)1>(const long *, T1 *, T1 *, const T2 *, int, long, long, long, int, int, int, long, bool)"
:layer.26.fp.attention,PushPop,2042,2042,1,1,10688,10688.0,10688.0,10688,10688,0.0,"void vllm::reshape_and_cache_flash_kernel<__nv_bfloat16, __nv_bfloat16, (vllm::Fp8KVCacheDataType)0>(const T1 *, const T1 *, T2 *, T2 *, const long *, long, long, long, long, long, int, int, int, const float *, const float *, int)"
:layer.26.fp.input_norm,PushPop,2042,2042,32,32,218688,6834.0,6160.0,5440,22784,3017.6,"std::enable_if<T2>(int)0&&vllm::_typeConvert<T1>::exists, void>::type vllm::fused_add_rms_norm_kernel<c10::BFloat16, (int)8, (bool)1>(T1 *, long, T1 *, const T1 *, float, int, int)"
:layer.26.fp.mlp,PushPop,2042,2042,1,2,2535328,1267664.0,1267664.0,1139936,1395392,180634.7,ampere_bf16_s16816gemm_bf16_128x128_ldg8_f2f_stages_32x5_tn
:layer.26.fp.mlp,PushPop,2042,2042,1,1,43424,43424.0,43424.0,43424,43424,0.0,"void vllm::act_and_mul_kernel<c10::BFloat16, __nv_bfloat162, &vllm::silu_kernel<c10::BFloat16>, &vllm::packed_silu_kernel<__nv_bfloat162>, (bool)1, (bool)1, (bool)0, (bool)0>(T1 *, const T1 *, int, float, float, float)"
:layer.26.fp.post_attn_norm,PushPop,2042,2042,32,32,194560,6080.0,5520.0,4896,19232,2503.2,"std::enable_if<T2>(int)0&&vllm::_typeConvert<T1>::exists, void>::type vllm::fused_add_rms_norm_kernel<c10::BFloat16, (int)8, (bool)1>(T1 *, long, T1 *, const T1 *, float, int, int)"
:layer.26.fp.total,PushPop,2042,2042,1,4,3104544,776136.0,730784.0,247584,1395392,577860.9,ampere_bf16_s16816gemm_bf16_128x128_ldg8_f2f_stages_32x5_tn
:layer.26.fp.total,PushPop,2042,2042,1,1,43424,43424.0,43424.0,43424,43424,0.0,"void vllm::act_and_mul_kernel<c10::BFloat16, __nv_bfloat162, &vllm::silu_kernel<c10::BFloat16>, &vllm::packed_silu_kernel<__nv_bfloat162>, (bool)1, (bool)1, (bool)0, (bool)0>(T1 *, const T1 *, int, float, float, float)"
:layer.26.fp.total,PushPop,2042,2042,1,2,42016,21008.0,21008.0,19232,22784,2511.6,"std::enable_if<T2>(int)0&&vllm::_typeConvert<T1>::exists, void>::type vllm::fused_add_rms_norm_kernel<c10::BFloat16, (int)8, (bool)1>(T1 *, long, T1 *, const T1 *, float, int, int)"
:layer.26.fp.total,PushPop,2042,2042,1,1,25632,25632.0,25632.0,25632,25632,0.0,"void flash::flash_fwd_splitkv_kernel<Flash_fwd_kernel_traits<(int)128, (int)64, (int)128, (int)4, (bool)0, (bool)0, cutlass::bfloat16_t, Flash_kernel_traits<(int)128, (int)64, (int)128, (int)4, cutlass::bfloat16_t>>, (bool)1, (bool)0, (bool)0, (bool)0, (bool)1, (bool)0, (bool)0, (bool)0>(flash::Flash_fwd_params)"
:layer.26.fp.total,PushPop,2042,2042,1,1,19296,19296.0,19296.0,19296,19296,0.0,"void vllm::rotary_embedding_kernel<c10::BFloat16, c10::BFloat16, (bool)1>(const long *, T1 *, T1 *, const T2 *, int, long, long, long, int, int, int, long, bool)"
:layer.26.fp.total,PushPop,2042,2042,1,1,10688,10688.0,10688.0,10688,10688,0.0,"void vllm::reshape_and_cache_flash_kernel<__nv_bfloat16, __nv_bfloat16, (vllm::Fp8KVCacheDataType)0>(const T1 *, const T1 *, T2 *, T2 *, const long *, long, long, long, long, long, int, int, int, const float *, const float *, int)"
:layer.26.ptq.attention,PushPop,2042,2042,31,62,5585696,90091.9,93328.0,67456,131680,18995.8,"void at::native::tinygemm_m16n8k16_chunk_kernel<at::native::ALayout_RM<(at::native::KReductionType)0>, at::native::BLayout_TC_int4<(int)8, (int)64>, at::native::ALayout_RM<(at::native::KReductionType)0>, (int)8, (int)8>(const void *, const void *, const void *, void *, int, int, int, int, int, int)"
:layer.26.ptq.attention,PushPop,2042,2042,31,31,377376,12173.4,11616.0,10624,15328,1557.4,"void flash::flash_fwd_splitkv_kernel<Flash_fwd_kernel_traits<(int)128, (int)64, (int)128, (int)4, (bool)0, (bool)0, cutlass::bfloat16_t, Flash_kernel_traits<(int)128, (int)64, (int)128, (int)4, cutlass::bfloat16_t>>, (bool)0, (bool)0, (bool)0, (bool)0, (bool)1, (bool)0, (bool)0, (bool)0>(flash::Flash_fwd_params)"
:layer.26.ptq.attention,PushPop,2042,2042,31,31,249760,8056.8,7712.0,6912,10688,1214.7,"void vllm::rotary_embedding_kernel<c10::BFloat16, c10::BFloat16, (bool)1>(const long *, T1 *, T1 *, const T2 *, int, long, long, long, int, int, int, long, bool)"
:layer.26.ptq.attention,PushPop,2042,2042,31,31,192544,6211.1,6048.0,5152,7712,768.6,"void vllm::reshape_and_cache_flash_kernel<__nv_bfloat16, __nv_bfloat16, (vllm::Fp8KVCacheDataType)0>(const T1 *, const T1 *, T2 *, T2 *, const long *, long, long, long, long, long, int, int, int, const float *, const float *, int)"
:layer.26.ptq.mlp,PushPop,2042,2042,31,62,21578112,348034.1,351568.0,204416,588256,131705.9,"void at::native::tinygemm_m16n8k16_chunk_kernel<at::native::ALayout_RM<(at::native::KReductionType)0>, at::native::BLayout_TC_int4<(int)8, (int)64>, at::native::ALayout_RM<(at::native::KReductionType)0>, (int)8, (int)8>(const void *, const void *, const void *, void *, int, int, int, int, int, int)"
:layer.26.ptq.mlp,PushPop,2042,2042,31,31,269088,8680.3,8032.0,7552,11008,1204.5,"void vllm::act_and_mul_kernel<c10::BFloat16, __nv_bfloat162, &vllm::silu_kernel<c10::BFloat16>, &vllm::packed_silu_kernel<__nv_bfloat162>, (bool)1, (bool)1, (bool)0, (bool)0>(T1 *, const T1 *, int, float, float, float)"
:layer.26.ptq.total,PushPop,2042,2042,31,124,27163808,219063.0,168048.0,67456,588256,159845.0,"void at::native::tinygemm_m16n8k16_chunk_kernel<at::native::ALayout_RM<(at::native::KReductionType)0>, at::native::BLayout_TC_int4<(int)8, (int)64>, at::native::ALayout_RM<(at::native::KReductionType)0>, (int)8, (int)8>(const void *, const void *, const void *, void *, int, int, int, int, int, int)"
:layer.26.ptq.total,PushPop,2042,2042,31,31,377376,12173.4,11616.0,10624,15328,1557.4,"void flash::flash_fwd_splitkv_kernel<Flash_fwd_kernel_traits<(int)128, (int)64, (int)128, (int)4, (bool)0, (bool)0, cutlass::bfloat16_t, Flash_kernel_traits<(int)128, (int)64, (int)128, (int)4, cutlass::bfloat16_t>>, (bool)0, (bool)0, (bool)0, (bool)0, (bool)1, (bool)0, (bool)0, (bool)0>(flash::Flash_fwd_params)"
:layer.26.ptq.total,PushPop,2042,2042,31,62,371232,5987.6,5680.0,4896,7648,831.6,"std::enable_if<T2>(int)0&&vllm::_typeConvert<T1>::exists, void>::type vllm::fused_add_rms_norm_kernel<c10::BFloat16, (int)8, (bool)1>(T1 *, long, T1 *, const T1 *, float, int, int)"
:layer.26.ptq.total,PushPop,2042,2042,31,31,269088,8680.3,8032.0,7552,11008,1204.5,"void vllm::act_and_mul_kernel<c10::BFloat16, __nv_bfloat162, &vllm::silu_kernel<c10::BFloat16>, &vllm::packed_silu_kernel<__nv_bfloat162>, (bool)1, (bool)1, (bool)0, (bool)0>(T1 *, const T1 *, int, float, float, float)"
:layer.26.ptq.total,PushPop,2042,2042,31,31,249760,8056.8,7712.0,6912,10688,1214.7,"void vllm::rotary_embedding_kernel<c10::BFloat16, c10::BFloat16, (bool)1>(const long *, T1 *, T1 *, const T2 *, int, long, long, long, int, int, int, long, bool)"
:layer.26.ptq.total,PushPop,2042,2042,31,31,192544,6211.1,6048.0,5152,7712,768.6,"void vllm::reshape_and_cache_flash_kernel<__nv_bfloat16, __nv_bfloat16, (vllm::Fp8KVCacheDataType)0>(const T1 *, const T1 *, T2 *, T2 *, const long *, long, long, long, long, long, int, int, int, const float *, const float *, int)"
:layer.27.fp.attention,PushPop,2042,2042,1,2,572192,286096.0,286096.0,248736,323456,52835.0,ampere_bf16_s16816gemm_bf16_128x128_ldg8_f2f_stages_32x5_tn
:layer.27.fp.attention,PushPop,2042,2042,1,1,25920,25920.0,25920.0,25920,25920,0.0,"void flash::flash_fwd_splitkv_kernel<Flash_fwd_kernel_traits<(int)128, (int)64, (int)128, (int)4, (bool)0, (bool)0, cutlass::bfloat16_t, Flash_kernel_traits<(int)128, (int)64, (int)128, (int)4, cutlass::bfloat16_t>>, (bool)1, (bool)0, (bool)0, (bool)0, (bool)1, (bool)0, (bool)0, (bool)0>(flash::Flash_fwd_params)"
:layer.27.fp.attention,PushPop,2042,2042,1,1,18464,18464.0,18464.0,18464,18464,0.0,"void vllm::rotary_embedding_kernel<c10::BFloat16, c10::BFloat16, (bool)1>(const long *, T1 *, T1 *, const T2 *, int, long, long, long, int, int, int, long, bool)"
:layer.27.fp.attention,PushPop,2042,2042,1,1,10080,10080.0,10080.0,10080,10080,0.0,"void vllm::reshape_and_cache_flash_kernel<__nv_bfloat16, __nv_bfloat16, (vllm::Fp8KVCacheDataType)0>(const T1 *, const T1 *, T2 *, T2 *, const long *, long, long, long, long, long, int, int, int, const float *, const float *, int)"
:layer.27.fp.input_norm,PushPop,2042,2042,32,32,216864,6777.0,6048.0,5472,22528,2986.3,"std::enable_if<T2>(int)0&&vllm::_typeConvert<T1>::exists, void>::type vllm::fused_add_rms_norm_kernel<c10::BFloat16, (int)8, (bool)1>(T1 *, long, T1 *, const T1 *, float, int, int)"
:layer.27.fp.mlp,PushPop,2042,2042,1,2,2535168,1267584.0,1267584.0,1138112,1397056,183101.1,ampere_bf16_s16816gemm_bf16_128x128_ldg8_f2f_stages_32x5_tn
:layer.27.fp.mlp,PushPop,2042,2042,1,1,43904,43904.0,43904.0,43904,43904,0.0,"void vllm::act_and_mul_kernel<c10::BFloat16, __nv_bfloat162, &vllm::silu_kernel<c10::BFloat16>, &vllm::packed_silu_kernel<__nv_bfloat162>, (bool)1, (bool)1, (bool)0, (bool)0>(T1 *, const T1 *, int, float, float, float)"
:layer.27.fp.post_attn_norm,PushPop,2042,2042,32,32,194656,6083.0,5472.0,4896,19296,2523.7,"std::enable_if<T2>(int)0&&vllm::_typeConvert<T1>::exists, void>::type vllm::fused_add_rms_norm_kernel<c10::BFloat16, (int)8, (bool)1>(T1 *, long, T1 *, const T1 *, float, int, int)"
:layer.27.fp.total,PushPop,2042,2042,1,4,3107360,776840.0,730784.0,248736,1397056,577245.2,ampere_bf16_s16816gemm_bf16_128x128_ldg8_f2f_stages_32x5_tn
:layer.27.fp.total,PushPop,2042,2042,1,1,43904,43904.0,43904.0,43904,43904,0.0,"void vllm::act_and_mul_kernel<c10::BFloat16, __nv_bfloat162, &vllm::silu_kernel<c10::BFloat16>, &vllm::packed_silu_kernel<__nv_bfloat162>, (bool)1, (bool)1, (bool)0, (bool)0>(T1 *, const T1 *, int, float, float, float)"
:layer.27.fp.total,PushPop,2042,2042,1,2,41824,20912.0,20912.0,19296,22528,2285.4,"std::enable_if<T2>(int)0&&vllm::_typeConvert<T1>::exists, void>::type vllm::fused_add_rms_norm_kernel<c10::BFloat16, (int)8, (bool)1>(T1 *, long, T1 *, const T1 *, float, int, int)"
:layer.27.fp.total,PushPop,2042,2042,1,1,25920,25920.0,25920.0,25920,25920,0.0,"void flash::flash_fwd_splitkv_kernel<Flash_fwd_kernel_traits<(int)128, (int)64, (int)128, (int)4, (bool)0, (bool)0, cutlass::bfloat16_t, Flash_kernel_traits<(int)128, (int)64, (int)128, (int)4, cutlass::bfloat16_t>>, (bool)1, (bool)0, (bool)0, (bool)0, (bool)1, (bool)0, (bool)0, (bool)0>(flash::Flash_fwd_params)"
:layer.27.fp.total,PushPop,2042,2042,1,1,18464,18464.0,18464.0,18464,18464,0.0,"void vllm::rotary_embedding_kernel<c10::BFloat16, c10::BFloat16, (bool)1>(const long *, T1 *, T1 *, const T2 *, int, long, long, long, int, int, int, long, bool)"
:layer.27.fp.total,PushPop,2042,2042,1,1,10080,10080.0,10080.0,10080,10080,0.0,"void vllm::reshape_and_cache_flash_kernel<__nv_bfloat16, __nv_bfloat16, (vllm::Fp8KVCacheDataType)0>(const T1 *, const T1 *, T2 *, T2 *, const long *, long, long, long, long, long, int, int, int, const float *, const float *, int)"
:layer.27.ptq.attention,PushPop,2042,2042,31,62,5596800,90271.0,92944.0,68064,131328,18575.7,"void at::native::tinygemm_m16n8k16_chunk_kernel<at::native::ALayout_RM<(at::native::KReductionType)0>, at::native::BLayout_TC_int4<(int)8, (int)64>, at::native::ALayout_RM<(at::native::KReductionType)0>, (int)8, (int)8>(const void *, const void *, const void *, void *, int, int, int, int, int, int)"
:layer.27.ptq.attention,PushPop,2042,2042,31,31,382208,12329.3,11872.0,10720,15424,1553.1,"void flash::flash_fwd_splitkv_kernel<Flash_fwd_kernel_traits<(int)128, (int)64, (int)128, (int)4, (bool)0, (bool)0, cutlass::bfloat16_t, Flash_kernel_traits<(int)128, (int)64, (int)128, (int)4, cutlass::bfloat16_t>>, (bool)0, (bool)0, (bool)0, (bool)0, (bool)1, (bool)0, (bool)0, (bool)0>(flash::Flash_fwd_params)"
:layer.27.ptq.attention,PushPop,2042,2042,31,31,246560,7953.5,7648.0,6944,10144,1125.0,"void vllm::rotary_embedding_kernel<c10::BFloat16, c10::BFloat16, (bool)1>(const long *, T1 *, T1 *, const T2 *, int, long, long, long, int, int, int, long, bool)"
:layer.27.ptq.attention,PushPop,2042,2042,31,31,191808,6187.4,5824.0,5088,7744,791.2,"void vllm::reshape_and_cache_flash_kernel<__nv_bfloat16, __nv_bfloat16, (vllm::Fp8KVCacheDataType)0>(const T1 *, const T1 *, T2 *, T2 *, const long *, long, long, long, long, long, int, int, int, const float *, const float *, int)"
:layer.27.ptq.mlp,PushPop,2042,2042,31,62,21710976,350177.0,353648.0,204416,585664,132901.6,"void at::native::tinygemm_m16n8k16_chunk_kernel<at::native::ALayout_RM<(at::native::KReductionType)0>, at::native::BLayout_TC_int4<(int)8, (int)64>, at::native::ALayout_RM<(at::native::KReductionType)0>, (int)8, (int)8>(const void *, const void *, const void *, void *, int, int, int, int, int, int)"
:layer.27.ptq.mlp,PushPop,2042,2042,31,31,270048,8711.2,8416.0,7488,10912,1257.5,"void vllm::act_and_mul_kernel<c10::BFloat16, __nv_bfloat162, &vllm::silu_kernel<c10::BFloat16>, &vllm::packed_silu_kernel<__nv_bfloat162>, (bool)1, (bool)1, (bool)0, (bool)0>(T1 *, const T1 *, int, float, float, float)"
:layer.27.ptq.total,PushPop,2042,2042,31,124,27307776,220224.0,167872.0,68064,585664,161108.1,"void at::native::tinygemm_m16n8k16_chunk_kernel<at::native::ALayout_RM<(at::native::KReductionType)0>, at::native::BLayout_TC_int4<(int)8, (int)64>, at::native::ALayout_RM<(at::native::KReductionType)0>, (int)8, (int)8>(const void *, const void *, const void *, void *, int, int, int, int, int, int)"
:layer.27.ptq.total,PushPop,2042,2042,31,31,382208,12329.3,11872.0,10720,15424,1553.1,"void flash::flash_fwd_splitkv_kernel<Flash_fwd_kernel_traits<(int)128, (int)64, (int)128, (int)4, (bool)0, (bool)0, cutlass::bfloat16_t, Flash_kernel_traits<(int)128, (int)64, (int)128, (int)4, cutlass::bfloat16_t>>, (bool)0, (bool)0, (bool)0, (bool)0, (bool)1, (bool)0, (bool)0, (bool)0>(flash::Flash_fwd_params)"
:layer.27.ptq.total,PushPop,2042,2042,31,62,369696,5962.8,5616.0,4896,7808,843.4,"std::enable_if<T2>(int)0&&vllm::_typeConvert<T1>::exists, void>::type vllm::fused_add_rms_norm_kernel<c10::BFloat16, (int)8, (bool)1>(T1 *, long, T1 *, const T1 *, float, int, int)"
:layer.27.ptq.total,PushPop,2042,2042,31,31,270048,8711.2,8416.0,7488,10912,1257.5,"void vllm::act_and_mul_kernel<c10::BFloat16, __nv_bfloat162, &vllm::silu_kernel<c10::BFloat16>, &vllm::packed_silu_kernel<__nv_bfloat162>, (bool)1, (bool)1, (bool)0, (bool)0>(T1 *, const T1 *, int, float, float, float)"
:layer.27.ptq.total,PushPop,2042,2042,31,31,246560,7953.5,7648.0,6944,10144,1125.0,"void vllm::rotary_embedding_kernel<c10::BFloat16, c10::BFloat16, (bool)1>(const long *, T1 *, T1 *, const T2 *, int, long, long, long, int, int, int, long, bool)"
:layer.27.ptq.total,PushPop,2042,2042,31,31,191808,6187.4,5824.0,5088,7744,791.2,"void vllm::reshape_and_cache_flash_kernel<__nv_bfloat16, __nv_bfloat16, (vllm::Fp8KVCacheDataType)0>(const T1 *, const T1 *, T2 *, T2 *, const long *, long, long, long, long, long, int, int, int, const float *, const float *, int)"
:layer.28.fp.attention,PushPop,2042,2042,1,2,569120,284560.0,284560.0,247936,321184,51794.2,ampere_bf16_s16816gemm_bf16_128x128_ldg8_f2f_stages_32x5_tn
:layer.28.fp.attention,PushPop,2042,2042,1,1,25792,25792.0,25792.0,25792,25792,0.0,"void flash::flash_fwd_splitkv_kernel<Flash_fwd_kernel_traits<(int)128, (int)64, (int)128, (int)4, (bool)0, (bool)0, cutlass::bfloat16_t, Flash_kernel_traits<(int)128, (int)64, (int)128, (int)4, cutlass::bfloat16_t>>, (bool)1, (bool)0, (bool)0, (bool)0, (bool)1, (bool)0, (bool)0, (bool)0>(flash::Flash_fwd_params)"
:layer.28.fp.attention,PushPop,2042,2042,1,1,18208,18208.0,18208.0,18208,18208,0.0,"void vllm::rotary_embedding_kernel<c10::BFloat16, c10::BFloat16, (bool)1>(const long *, T1 *, T1 *, const T2 *, int, long, long, long, int, int, int, long, bool)"
:layer.28.fp.attention,PushPop,2042,2042,1,1,10336,10336.0,10336.0,10336,10336,0.0,"void vllm::reshape_and_cache_flash_kernel<__nv_bfloat16, __nv_bfloat16, (vllm::Fp8KVCacheDataType)0>(const T1 *, const T1 *, T2 *, T2 *, const long *, long, long, long, long, long, int, int, int, const float *, const float *, int)"
:layer.28.fp.input_norm,PushPop,2042,2042,32,32,219232,6851.0,6080.0,5504,23360,3129.9,"std::enable_if<T2>(int)0&&vllm::_typeConvert<T1>::exists, void>::type vllm::fused_add_rms_norm_kernel<c10::BFloat16, (int)8, (bool)1>(T1 *, long, T1 *, const T1 *, float, int, int)"
:layer.28.fp.mlp,PushPop,2042,2042,1,2,2547744,1273872.0,1273872.0,1157600,1390144,164433.4,ampere_bf16_s16816gemm_bf16_128x128_ldg8_f2f_stages_32x5_tn
:layer.28.fp.mlp,PushPop,2042,2042,1,1,43360,43360.0,43360.0,43360,43360,0.0,"void vllm::act_and_mul_kernel<c10::BFloat16, __nv_bfloat162, &vllm::silu_kernel<c10::BFloat16>, &vllm::packed_silu_kernel<__nv_bfloat162>, (bool)1, (bool)1, (bool)0, (bool)0>(T1 *, const T1 *, int, float, float, float)"
:layer.28.fp.post_attn_norm,PushPop,2042,2042,32,32,223552,6986.0,6512.0,5376,19680,2464.0,"std::enable_if<T2>(int)0&&vllm::_typeConvert<T1>::exists, void>::type vllm::fused_add_rms_norm_kernel<c10::BFloat16, (int)8, (bool)1>(T1 *, long, T1 *, const T1 *, float, int, int)"
:layer.28.fp.total,PushPop,2042,2042,1,4,3116864,779216.0,739392.0,247936,1390144,579787.1,ampere_bf16_s16816gemm_bf16_128x128_ldg8_f2f_stages_32x5_tn
:layer.28.fp.total,PushPop,2042,2042,1,1,43360,43360.0,43360.0,43360,43360,0.0,"void vllm::act_and_mul_kernel<c10::BFloat16, __nv_bfloat162, &vllm::silu_kernel<c10::BFloat16>, &vllm::packed_silu_kernel<__nv_bfloat162>, (bool)1, (bool)1, (bool)0, (bool)0>(T1 *, const T1 *, int, float, float, float)"
:layer.28.fp.total,PushPop,2042,2042,1,2,43040,21520.0,21520.0,19680,23360,2602.2,"std::enable_if<T2>(int)0&&vllm::_typeConvert<T1>::exists, void>::type vllm::fused_add_rms_norm_kernel<c10::BFloat16, (int)8, (bool)1>(T1 *, long, T1 *, const T1 *, float, int, int)"
:layer.28.fp.total,PushPop,2042,2042,1,1,25792,25792.0,25792.0,25792,25792,0.0,"void flash::flash_fwd_splitkv_kernel<Flash_fwd_kernel_traits<(int)128, (int)64, (int)128, (int)4, (bool)0, (bool)0, cutlass::bfloat16_t, Flash_kernel_traits<(int)128, (int)64, (int)128, (int)4, cutlass::bfloat16_t>>, (bool)1, (bool)0, (bool)0, (bool)0, (bool)1, (bool)0, (bool)0, (bool)0>(flash::Flash_fwd_params)"
:layer.28.fp.total,PushPop,2042,2042,1,1,18208,18208.0,18208.0,18208,18208,0.0,"void vllm::rotary_embedding_kernel<c10::BFloat16, c10::BFloat16, (bool)1>(const long *, T1 *, T1 *, const T2 *, int, long, long, long, int, int, int, long, bool)"
:layer.28.fp.total,PushPop,2042,2042,1,1,10336,10336.0,10336.0,10336,10336,0.0,"void vllm::reshape_and_cache_flash_kernel<__nv_bfloat16, __nv_bfloat16, (vllm::Fp8KVCacheDataType)0>(const T1 *, const T1 *, T2 *, T2 *, const long *, long, long, long, long, long, int, int, int, const float *, const float *, int)"
:layer.28.ptq.attention,PushPop,2042,2042,31,62,5622368,90683.4,93952.0,66304,131904,19945.0,"void at::native::tinygemm_m16n8k16_chunk_kernel<at::native::ALayout_RM<(at::native::KReductionType)0>, at::native::BLayout_TC_int4<(int)8, (int)64>, at::native::ALayout_RM<(at::native::KReductionType)0>, (int)8, (int)8>(const void *, const void *, const void *, void *, int, int, int, int, int, int)"
:layer.28.ptq.attention,PushPop,2042,2042,31,31,381920,12320.0,11744.0,10688,15424,1601.8,"void flash::flash_fwd_splitkv_kernel<Flash_fwd_kernel_traits<(int)128, (int)64, (int)128, (int)4, (bool)0, (bool)0, cutlass::bfloat16_t, Flash_kernel_traits<(int)128, (int)64, (int)128, (int)4, cutlass::bfloat16_t>>, (bool)0, (bool)0, (bool)0, (bool)0, (bool)1, (bool)0, (bool)0, (bool)0>(flash::Flash_fwd_params)"
:layer.28.ptq.attention,PushPop,2042,2042,31,31,262720,8474.8,8064.0,7360,10688,1206.4,"void vllm::rotary_embedding_kernel<c10::BFloat16, c10::BFloat16, (bool)1>(const long *, T1 *, T1 *, const T2 *, int, long, long, long, int, int, int, long, bool)"
:layer.28.ptq.attention,PushPop,2042,2042,31,31,193312,6235.9,6048.0,5120,7712,790.8,"void vllm::reshape_and_cache_flash_kernel<__nv_bfloat16, __nv_bfloat16, (vllm::Fp8KVCacheDataType)0>(const T1 *, const T1 *, T2 *, T2 *, const long *, long, long, long, long, long, int, int, int, const float *, const float *, int)"
:layer.28.ptq.mlp,PushPop,2042,2042,31,62,21821920,351966.5,353104.0,204384,586816,134450.3,"void at::native::tinygemm_m16n8k16_chunk_kernel<at::native::ALayout_RM<(at::native::KReductionType)0>, at::native::BLayout_TC_int4<(int)8, (int)64>, at::native::ALayout_RM<(at::native::KReductionType)0>, (int)8, (int)8>(const void *, const void *, const void *, void *, int, int, int, int, int, int)"
:layer.28.ptq.mlp,PushPop,2042,2042,31,31,272928,8804.1,8320.0,7488,11008,1249.6,"void vllm::act_and_mul_kernel<c10::BFloat16, __nv_bfloat162, &vllm::silu_kernel<c10::BFloat16>, &vllm::packed_silu_kernel<__nv_bfloat162>, (bool)1, (bool)1, (bool)0, (bool)0>(T1 *, const T1 *, int, float, float, float)"
:layer.28.ptq.total,PushPop,2042,2042,31,124,27444288,221324.9,168144.0,66304,586816,162382.9,"void at::native::tinygemm_m16n8k16_chunk_kernel<at::native::ALayout_RM<(at::native::KReductionType)0>, at::native::BLayout_TC_int4<(int)8, (int)64>, at::native::ALayout_RM<(at::native::KReductionType)0>, (int)8, (int)8>(const void *, const void *, const void *, void *, int, int, int, int, int, int)"
:layer.28.ptq.total,PushPop,2042,2042,31,62,399744,6447.5,6160.0,5376,8064,861.3,"std::enable_if<T2>(int)0&&vllm::_typeConvert<T1>::exists, void>::type vllm::fused_add_rms_norm_kernel<c10::BFloat16, (int)8, (bool)1>(T1 *, long, T1 *, const T1 *, float, int, int)"
:layer.28.ptq.total,PushPop,2042,2042,31,31,381920,12320.0,11744.0,10688,15424,1601.8,"void flash::flash_fwd_splitkv_kernel<Flash_fwd_kernel_traits<(int)128, (int)64, (int)128, (int)4, (bool)0, (bool)0, cutlass::bfloat16_t, Flash_kernel_traits<(int)128, (int)64, (int)128, (int)4, cutlass::bfloat16_t>>, (bool)0, (bool)0, (bool)0, (bool)0, (bool)1, (bool)0, (bool)0, (bool)0>(flash::Flash_fwd_params)"
:layer.28.ptq.total,PushPop,2042,2042,31,31,272928,8804.1,8320.0,7488,11008,1249.6,"void vllm::act_and_mul_kernel<c10::BFloat16, __nv_bfloat162, &vllm::silu_kernel<c10::BFloat16>, &vllm::packed_silu_kernel<__nv_bfloat162>, (bool)1, (bool)1, (bool)0, (bool)0>(T1 *, const T1 *, int, float, float, float)"
:layer.28.ptq.total,PushPop,2042,2042,31,31,262720,8474.8,8064.0,7360,10688,1206.4,"void vllm::rotary_embedding_kernel<c10::BFloat16, c10::BFloat16, (bool)1>(const long *, T1 *, T1 *, const T2 *, int, long, long, long, int, int, int, long, bool)"
:layer.28.ptq.total,PushPop,2042,2042,31,31,193312,6235.9,6048.0,5120,7712,790.8,"void vllm::reshape_and_cache_flash_kernel<__nv_bfloat16, __nv_bfloat16, (vllm::Fp8KVCacheDataType)0>(const T1 *, const T1 *, T2 *, T2 *, const long *, long, long, long, long, long, int, int, int, const float *, const float *, int)"
:layer.29.fp.attention,PushPop,2042,2042,1,2,571936,285968.0,285968.0,248896,323040,52427.7,ampere_bf16_s16816gemm_bf16_128x128_ldg8_f2f_stages_32x5_tn
:layer.29.fp.attention,PushPop,2042,2042,1,1,25600,25600.0,25600.0,25600,25600,0.0,"void flash::flash_fwd_splitkv_kernel<Flash_fwd_kernel_traits<(int)128, (int)64, (int)128, (int)4, (bool)0, (bool)0, cutlass::bfloat16_t, Flash_kernel_traits<(int)128, (int)64, (int)128, (int)4, cutlass::bfloat16_t>>, (bool)1, (bool)0, (bool)0, (bool)0, (bool)1, (bool)0, (bool)0, (bool)0>(flash::Flash_fwd_params)"
:layer.29.fp.attention,PushPop,2042,2042,1,1,19680,19680.0,19680.0,19680,19680,0.0,"void vllm::rotary_embedding_kernel<c10::BFloat16, c10::BFloat16, (bool)1>(const long *, T1 *, T1 *, const T2 *, int, long, long, long, int, int, int, long, bool)"
:layer.29.fp.attention,PushPop,2042,2042,1,1,10176,10176.0,10176.0,10176,10176,0.0,"void vllm::reshape_and_cache_flash_kernel<__nv_bfloat16, __nv_bfloat16, (vllm::Fp8KVCacheDataType)0>(const T1 *, const T1 *, T2 *, T2 *, const long *, long, long, long, long, long, int, int, int, const float *, const float *, int)"
:layer.29.fp.input_norm,PushPop,2042,2042,32,32,218720,6835.0,6064.0,5472,22528,2983.1,"std::enable_if<T2>(int)0&&vllm::_typeConvert<T1>::exists, void>::type vllm::fused_add_rms_norm_kernel<c10::BFloat16, (int)8, (bool)1>(T1 *, long, T1 *, const T1 *, float, int, int)"
:layer.29.fp.mlp,PushPop,2042,2042,1,2,2545312,1272656.0,1272656.0,1149952,1395360,173529.7,ampere_bf16_s16816gemm_bf16_128x128_ldg8_f2f_stages_32x5_tn
:layer.29.fp.mlp,PushPop,2042,2042,1,1,43744,43744.0,43744.0,43744,43744,0.0,"void vllm::act_and_mul_kernel<c10::BFloat16, __nv_bfloat162, &vllm::silu_kernel<c10::BFloat16>, &vllm::packed_silu_kernel<__nv_bfloat162>, (bool)1, (bool)1, (bool)0, (bool)0>(T1 *, const T1 *, int, float, float, float)"
:layer.29.fp.post_attn_norm,PushPop,2042,2042,32,32,197088,6159.0,5584.0,4928,19072,2476.4,"std::enable_if<T2>(int)0&&vllm::_typeConvert<T1>::exists, void>::type vllm::fused_add_rms_norm_kernel<c10::BFloat16, (int)8, (bool)1>(T1 *, long, T1 *, const T1 *, float, int, int)"
:layer.29.fp.total,PushPop,2042,2042,1,4,3117248,779312.0,736496.0,248896,1395360,579199.0,ampere_bf16_s16816gemm_bf16_128x128_ldg8_f2f_stages_32x5_tn
:layer.29.fp.total,PushPop,2042,2042,1,1,43744,43744.0,43744.0,43744,43744,0.0,"void vllm::act_and_mul_kernel<c10::BFloat16, __nv_bfloat162, &vllm::silu_kernel<c10::BFloat16>, &vllm::packed_silu_kernel<__nv_bfloat162>, (bool)1, (bool)1, (bool)0, (bool)0>(T1 *, const T1 *, int, float, float, float)"
:layer.29.fp.total,PushPop,2042,2042,1,2,41600,20800.0,20800.0,19072,22528,2443.8,"std::enable_if<T2>(int)0&&vllm::_typeConvert<T1>::exists, void>::type vllm::fused_add_rms_norm_kernel<c10::BFloat16, (int)8, (bool)1>(T1 *, long, T1 *, const T1 *, float, int, int)"
:layer.29.fp.total,PushPop,2042,2042,1,1,25600,25600.0,25600.0,25600,25600,0.0,"void flash::flash_fwd_splitkv_kernel<Flash_fwd_kernel_traits<(int)128, (int)64, (int)128, (int)4, (bool)0, (bool)0, cutlass::bfloat16_t, Flash_kernel_traits<(int)128, (int)64, (int)128, (int)4, cutlass::bfloat16_t>>, (bool)1, (bool)0, (bool)0, (bool)0, (bool)1, (bool)0, (bool)0, (bool)0>(flash::Flash_fwd_params)"
:layer.29.fp.total,PushPop,2042,2042,1,1,19680,19680.0,19680.0,19680,19680,0.0,"void vllm::rotary_embedding_kernel<c10::BFloat16, c10::BFloat16, (bool)1>(const long *, T1 *, T1 *, const T2 *, int, long, long, long, int, int, int, long, bool)"
:layer.29.fp.total,PushPop,2042,2042,1,1,10176,10176.0,10176.0,10176,10176,0.0,"void vllm::reshape_and_cache_flash_kernel<__nv_bfloat16, __nv_bfloat16, (vllm::Fp8KVCacheDataType)0>(const T1 *, const T1 *, T2 *, T2 *, const long *, long, long, long, long, long, int, int, int, const float *, const float *, int)"
:layer.29.ptq.attention,PushPop,2042,2042,31,62,5643008,91016.3,94000.0,65760,132160,20340.5,"void at::native::tinygemm_m16n8k16_chunk_kernel<at::native::ALayout_RM<(at::native::KReductionType)0>, at::native::BLayout_TC_int4<(int)8, (int)64>, at::native::ALayout_RM<(at::native::KReductionType)0>, (int)8, (int)8>(const void *, const void *, const void *, void *, int, int, int, int, int, int)"
:layer.29.ptq.attention,PushPop,2042,2042,31,31,380896,12287.0,11744.0,10592,15328,1625.2,"void flash::flash_fwd_splitkv_kernel<Flash_fwd_kernel_traits<(int)128, (int)64, (int)128, (int)4, (bool)0, (bool)0, cutlass::bfloat16_t, Flash_kernel_traits<(int)128, (int)64, (int)128, (int)4, cutlass::bfloat16_t>>, (bool)0, (bool)0, (bool)0, (bool)0, (bool)1, (bool)0, (bool)0, (bool)0>(flash::Flash_fwd_params)"
:layer.29.ptq.attention,PushPop,2042,2042,31,31,261376,8431.5,8064.0,6944,10880,1271.7,"void vllm::rotary_embedding_kernel<c10::BFloat16, c10::BFloat16, (bool)1>(const long *, T1 *, T1 *, const T2 *, int, long, long, long, int, int, int, long, bool)"
:layer.29.ptq.attention,PushPop,2042,2042,31,31,193760,6250.3,6048.0,5120,7648,803.5,"void vllm::reshape_and_cache_flash_kernel<__nv_bfloat16, __nv_bfloat16, (vllm::Fp8KVCacheDataType)0>(const T1 *, const T1 *, T2 *, T2 *, const long *, long, long, long, long, long, int, int, int, const float *, const float *, int)"
:layer.29.ptq.mlp,PushPop,2042,2042,31,62,22015232,355084.4,356320.0,204832,589952,136535.5,"void at::native::tinygemm_m16n8k16_chunk_kernel<at::native::ALayout_RM<(at::native::KReductionType)0>, at::native::BLayout_TC_int4<(int)8, (int)64>, at::native::ALayout_RM<(at::native::KReductionType)0>, (int)8, (int)8>(const void *, const void *, const void *, void *, int, int, int, int, int, int)"
:layer.29.ptq.mlp,PushPop,2042,2042,31,31,272544,8791.7,8384.0,7456,10976,1285.0,"void vllm::act_and_mul_kernel<c10::BFloat16, __nv_bfloat162, &vllm::silu_kernel<c10::BFloat16>, &vllm::packed_silu_kernel<__nv_bfloat162>, (bool)1, (bool)1, (bool)0, (bool)0>(T1 *, const T1 *, int, float, float, float)"
:layer.29.ptq.total,PushPop,2042,2042,31,124,27658240,223050.3,168496.0,65760,589952,164393.1,"void at::native::tinygemm_m16n8k16_chunk_kernel<at::native::ALayout_RM<(at::native::KReductionType)0>, at::native::BLayout_TC_int4<(int)8, (int)64>, at::native::ALayout_RM<(at::native::KReductionType)0>, (int)8, (int)8>(const void *, const void *, const void *, void *, int, int, int, int, int, int)"
:layer.29.ptq.total,PushPop,2042,2042,31,31,380896,12287.0,11744.0,10592,15328,1625.2,"void flash::flash_fwd_splitkv_kernel<Flash_fwd_kernel_traits<(int)128, (int)64, (int)128, (int)4, (bool)0, (bool)0, cutlass::bfloat16_t, Flash_kernel_traits<(int)128, (int)64, (int)128, (int)4, cutlass::bfloat16_t>>, (bool)0, (bool)0, (bool)0, (bool)0, (bool)1, (bool)0, (bool)0, (bool)0>(flash::Flash_fwd_params)"
:layer.29.ptq.total,PushPop,2042,2042,31,62,374208,6035.6,5696.0,4928,7776,858.5,"std::enable_if<T2>(int)0&&vllm::_typeConvert<T1>::exists, void>::type vllm::fused_add_rms_norm_kernel<c10::BFloat16, (int)8, (bool)1>(T1 *, long, T1 *, const T1 *, float, int, int)"
:layer.29.ptq.total,PushPop,2042,2042,31,31,272544,8791.7,8384.0,7456,10976,1285.0,"void vllm::act_and_mul_kernel<c10::BFloat16, __nv_bfloat162, &vllm::silu_kernel<c10::BFloat16>, &vllm::packed_silu_kernel<__nv_bfloat162>, (bool)1, (bool)1, (bool)0, (bool)0>(T1 *, const T1 *, int, float, float, float)"
:layer.29.ptq.total,PushPop,2042,2042,31,31,261376,8431.5,8064.0,6944,10880,1271.7,"void vllm::rotary_embedding_kernel<c10::BFloat16, c10::BFloat16, (bool)1>(const long *, T1 *, T1 *, const T2 *, int, long, long, long, int, int, int, long, bool)"
:layer.29.ptq.total,PushPop,2042,2042,31,31,193760,6250.3,6048.0,5120,7648,803.5,"void vllm::reshape_and_cache_flash_kernel<__nv_bfloat16, __nv_bfloat16, (vllm::Fp8KVCacheDataType)0>(const T1 *, const T1 *, T2 *, T2 *, const long *, long, long, long, long, long, int, int, int, const float *, const float *, int)"
:layer.30.fp.attention,PushPop,2042,2042,1,2,571968,285984.0,285984.0,248352,323616,53219.7,ampere_bf16_s16816gemm_bf16_128x128_ldg8_f2f_stages_32x5_tn
:layer.30.fp.attention,PushPop,2042,2042,1,1,25952,25952.0,25952.0,25952,25952,0.0,"void flash::flash_fwd_splitkv_kernel<Flash_fwd_kernel_traits<(int)128, (int)64, (int)128, (int)4, (bool)0, (bool)0, cutlass::bfloat16_t, Flash_kernel_traits<(int)128, (int)64, (int)128, (int)4, cutlass::bfloat16_t>>, (bool)1, (bool)0, (bool)0, (bool)0, (bool)1, (bool)0, (bool)0, (bool)0>(flash::Flash_fwd_params)"
:layer.30.fp.attention,PushPop,2042,2042,1,1,19808,19808.0,19808.0,19808,19808,0.0,"void vllm::rotary_embedding_kernel<c10::BFloat16, c10::BFloat16, (bool)1>(const long *, T1 *, T1 *, const T2 *, int, long, long, long, int, int, int, long, bool)"
:layer.30.fp.attention,PushPop,2042,2042,1,1,10560,10560.0,10560.0,10560,10560,0.0,"void vllm::reshape_and_cache_flash_kernel<__nv_bfloat16, __nv_bfloat16, (vllm::Fp8KVCacheDataType)0>(const T1 *, const T1 *, T2 *, T2 *, const long *, long, long, long, long, long, int, int, int, const float *, const float *, int)"
:layer.30.fp.input_norm,PushPop,2042,2042,32,32,220224,6882.0,6288.0,5504,22880,3040.4,"std::enable_if<T2>(int)0&&vllm::_typeConvert<T1>::exists, void>::type vllm::fused_add_rms_norm_kernel<c10::BFloat16, (int)8, (bool)1>(T1 *, long, T1 *, const T1 *, float, int, int)"
:layer.30.fp.mlp,PushPop,2042,2042,1,2,2542592,1271296.0,1271296.0,1149888,1392704,171696.8,ampere_bf16_s16816gemm_bf16_128x128_ldg8_f2f_stages_32x5_tn
:layer.30.fp.mlp,PushPop,2042,2042,1,1,43680,43680.0,43680.0,43680,43680,0.0,"void vllm::act_and_mul_kernel<c10::BFloat16, __nv_bfloat162, &vllm::silu_kernel<c10::BFloat16>, &vllm::packed_silu_kernel<__nv_bfloat162>, (bool)1, (bool)1, (bool)0, (bool)0>(T1 *, const T1 *, int, float, float, float)"
:layer.30.fp.post_attn_norm,PushPop,2042,2042,32,32,195520,6110.0,5520.0,4896,18688,2422.8,"std::enable_if<T2>(int)0&&vllm::_typeConvert<T1>::exists, void>::type vllm::fused_add_rms_norm_kernel<c10::BFloat16, (int)8, (bool)1>(T1 *, long, T1 *, const T1 *, float, int, int)"
:layer.30.fp.total,PushPop,2042,2042,1,4,3114560,778640.0,736752.0,248352,1392704,578259.4,ampere_bf16_s16816gemm_bf16_128x128_ldg8_f2f_stages_32x5_tn
:layer.30.fp.total,PushPop,2042,2042,1,1,43680,43680.0,43680.0,43680,43680,0.0,"void vllm::act_and_mul_kernel<c10::BFloat16, __nv_bfloat162, &vllm::silu_kernel<c10::BFloat16>, &vllm::packed_silu_kernel<__nv_bfloat162>, (bool)1, (bool)1, (bool)0, (bool)0>(T1 *, const T1 *, int, float, float, float)"
:layer.30.fp.total,PushPop,2042,2042,1,2,41568,20784.0,20784.0,18688,22880,2964.2,"std::enable_if<T2>(int)0&&vllm::_typeConvert<T1>::exists, void>::type vllm::fused_add_rms_norm_kernel<c10::BFloat16, (int)8, (bool)1>(T1 *, long, T1 *, const T1 *, float, int, int)"
:layer.30.fp.total,PushPop,2042,2042,1,1,25952,25952.0,25952.0,25952,25952,0.0,"void flash::flash_fwd_splitkv_kernel<Flash_fwd_kernel_traits<(int)128, (int)64, (int)128, (int)4, (bool)0, (bool)0, cutlass::bfloat16_t, Flash_kernel_traits<(int)128, (int)64, (int)128, (int)4, cutlass::bfloat16_t>>, (bool)1, (bool)0, (bool)0, (bool)0, (bool)1, (bool)0, (bool)0, (bool)0>(flash::Flash_fwd_params)"
:layer.30.fp.total,PushPop,2042,2042,1,1,19808,19808.0,19808.0,19808,19808,0.0,"void vllm::rotary_embedding_kernel<c10::BFloat16, c10::BFloat16, (bool)1>(const long *, T1 *, T1 *, const T2 *, int, long, long, long, int, int, int, long, bool)"
:layer.30.fp.total,PushPop,2042,2042,1,1,10560,10560.0,10560.0,10560,10560,0.0,"void vllm::reshape_and_cache_flash_kernel<__nv_bfloat16, __nv_bfloat16, (vllm::Fp8KVCacheDataType)0>(const T1 *, const T1 *, T2 *, T2 *, const long *, long, long, long, long, long, int, int, int, const float *, const float *, int)"
:layer.30.ptq.attention,PushPop,2042,2042,31,62,5645536,91057.0,93776.0,67456,132288,20095.5,"void at::native::tinygemm_m16n8k16_chunk_kernel<at::native::ALayout_RM<(at::native::KReductionType)0>, at::native::BLayout_TC_int4<(int)8, (int)64>, at::native::ALayout_RM<(at::native::KReductionType)0>, (int)8, (int)8>(const void *, const void *, const void *, void *, int, int, int, int, int, int)"
:layer.30.ptq.attention,PushPop,2042,2042,31,31,385920,12449.0,11872.0,10656,15392,1640.1,"void flash::flash_fwd_splitkv_kernel<Flash_fwd_kernel_traits<(int)128, (int)64, (int)128, (int)4, (bool)0, (bool)0, cutlass::bfloat16_t, Flash_kernel_traits<(int)128, (int)64, (int)128, (int)4, cutlass::bfloat16_t>>, (bool)0, (bool)0, (bool)0, (bool)0, (bool)1, (bool)0, (bool)0, (bool)0>(flash::Flash_fwd_params)"
:layer.30.ptq.attention,PushPop,2042,2042,31,31,251488,8112.5,7680.0,6912,10272,1235.1,"void vllm::rotary_embedding_kernel<c10::BFloat16, c10::BFloat16, (bool)1>(const long *, T1 *, T1 *, const T2 *, int, long, long, long, int, int, int, long, bool)"
:layer.30.ptq.attention,PushPop,2042,2042,31,31,193632,6246.2,6016.0,5120,7616,795.2,"void vllm::reshape_and_cache_flash_kernel<__nv_bfloat16, __nv_bfloat16, (vllm::Fp8KVCacheDataType)0>(const T1 *, const T1 *, T2 *, T2 *, const long *, long, long, long, long, long, int, int, int, const float *, const float *, int)"
:layer.30.ptq.mlp,PushPop,2042,2042,31,62,22120800,356787.1,357600.0,204000,589824,138021.5,"void at::native::tinygemm_m16n8k16_chunk_kernel<at::native::ALayout_RM<(at::native::KReductionType)0>, at::native::BLayout_TC_int4<(int)8, (int)64>, at::native::ALayout_RM<(at::native::KReductionType)0>, (int)8, (int)8>(const void *, const void *, const void *, void *, int, int, int, int, int, int)"
:layer.30.ptq.mlp,PushPop,2042,2042,31,31,274976,8870.2,8608.0,7488,11040,1285.9,"void vllm::act_and_mul_kernel<c10::BFloat16, __nv_bfloat162, &vllm::silu_kernel<c10::BFloat16>, &vllm::packed_silu_kernel<__nv_bfloat162>, (bool)1, (bool)1, (bool)0, (bool)0>(T1 *, const T1 *, int, float, float, float)"
:layer.30.ptq.total,PushPop,2042,2042,31,124,27766336,223922.1,168144.0,67456,589824,165663.7,"void at::native::tinygemm_m16n8k16_chunk_kernel<at::native::ALayout_RM<(at::native::KReductionType)0>, at::native::BLayout_TC_int4<(int)8, (int)64>, at::native::ALayout_RM<(at::native::KReductionType)0>, (int)8, (int)8>(const void *, const void *, const void *, void *, int, int, int, int, int, int)"
:layer.30.ptq.total,PushPop,2042,2042,31,31,385920,12449.0,11872.0,10656,15392,1640.1,"void flash::flash_fwd_splitkv_kernel<Flash_fwd_kernel_traits<(int)128, (int)64, (int)128, (int)4, (bool)0, (bool)0, cutlass::bfloat16_t, Flash_kernel_traits<(int)128, (int)64, (int)128, (int)4, cutlass::bfloat16_t>>, (bool)0, (bool)0, (bool)0, (bool)0, (bool)1, (bool)0, (bool)0, (bool)0>(flash::Flash_fwd_params)"
:layer.30.ptq.total,PushPop,2042,2042,31,62,374176,6035.1,5696.0,4896,7936,885.3,"std::enable_if<T2>(int)0&&vllm::_typeConvert<T1>::exists, void>::type vllm::fused_add_rms_norm_kernel<c10::BFloat16, (int)8, (bool)1>(T1 *, long, T1 *, const T1 *, float, int, int)"
:layer.30.ptq.total,PushPop,2042,2042,31,31,274976,8870.2,8608.0,7488,11040,1285.9,"void vllm::act_and_mul_kernel<c10::BFloat16, __nv_bfloat162, &vllm::silu_kernel<c10::BFloat16>, &vllm::packed_silu_kernel<__nv_bfloat162>, (bool)1, (bool)1, (bool)0, (bool)0>(T1 *, const T1 *, int, float, float, float)"
:layer.30.ptq.total,PushPop,2042,2042,31,31,251488,8112.5,7680.0,6912,10272,1235.1,"void vllm::rotary_embedding_kernel<c10::BFloat16, c10::BFloat16, (bool)1>(const long *, T1 *, T1 *, const T2 *, int, long, long, long, int, int, int, long, bool)"
:layer.30.ptq.total,PushPop,2042,2042,31,31,193632,6246.2,6016.0,5120,7616,795.2,"void vllm::reshape_and_cache_flash_kernel<__nv_bfloat16, __nv_bfloat16, (vllm::Fp8KVCacheDataType)0>(const T1 *, const T1 *, T2 *, T2 *, const long *, long, long, long, long, long, int, int, int, const float *, const float *, int)"
:layer.31.fp.attention,PushPop,2042,2042,1,2,567104,283552.0,283552.0,244704,322400,54939.4,ampere_bf16_s16816gemm_bf16_128x128_ldg8_f2f_stages_32x5_tn
:layer.31.fp.attention,PushPop,2042,2042,1,1,25760,25760.0,25760.0,25760,25760,0.0,"void flash::flash_fwd_splitkv_kernel<Flash_fwd_kernel_traits<(int)128, (int)64, (int)128, (int)4, (bool)0, (bool)0, cutlass::bfloat16_t, Flash_kernel_traits<(int)128, (int)64, (int)128, (int)4, cutlass::bfloat16_t>>, (bool)1, (bool)0, (bool)0, (bool)0, (bool)1, (bool)0, (bool)0, (bool)0>(flash::Flash_fwd_params)"
:layer.31.fp.attention,PushPop,2042,2042,1,1,19232,19232.0,19232.0,19232,19232,0.0,"void vllm::rotary_embedding_kernel<c10::BFloat16, c10::BFloat16, (bool)1>(const long *, T1 *, T1 *, const T2 *, int, long, long, long, int, int, int, long, bool)"
:layer.31.fp.attention,PushPop,2042,2042,1,1,10304,10304.0,10304.0,10304,10304,0.0,"void vllm::reshape_and_cache_flash_kernel<__nv_bfloat16, __nv_bfloat16, (vllm::Fp8KVCacheDataType)0>(const T1 *, const T1 *, T2 *, T2 *, const long *, long, long, long, long, long, int, int, int, const float *, const float *, int)"
:layer.31.fp.input_norm,PushPop,2042,2042,32,32,220992,6906.0,6160.0,5504,22592,2986.2,"std::enable_if<T2>(int)0&&vllm::_typeConvert<T1>::exists, void>::type vllm::fused_add_rms_norm_kernel<c10::BFloat16, (int)8, (bool)1>(T1 *, long, T1 *, const T1 *, float, int, int)"
:layer.31.fp.mlp,PushPop,2042,2042,1,2,2538592,1269296.0,1269296.0,1146656,1391936,173439.2,ampere_bf16_s16816gemm_bf16_128x128_ldg8_f2f_stages_32x5_tn
:layer.31.fp.mlp,PushPop,2042,2042,1,1,43776,43776.0,43776.0,43776,43776,0.0,"void vllm::act_and_mul_kernel<c10::BFloat16, __nv_bfloat162, &vllm::silu_kernel<c10::BFloat16>, &vllm::packed_silu_kernel<__nv_bfloat162>, (bool)1, (bool)1, (bool)0, (bool)0>(T1 *, const T1 *, int, float, float, float)"
:layer.31.fp.post_attn_norm,PushPop,2042,2042,32,32,196448,6139.0,5552.0,4896,18976,2465.6,"std::enable_if<T2>(int)0&&vllm::_typeConvert<T1>::exists, void>::type vllm::fused_add_rms_norm_kernel<c10::BFloat16, (int)8, (bool)1>(T1 *, long, T1 *, const T1 *, float, int, int)"
:layer.31.fp.total,PushPop,2042,2042,1,4,3105696,776424.0,734528.0,244704,1391936,578731.6,ampere_bf16_s16816gemm_bf16_128x128_ldg8_f2f_stages_32x5_tn
:layer.31.fp.total,PushPop,2042,2042,1,1,43776,43776.0,43776.0,43776,43776,0.0,"void vllm::act_and_mul_kernel<c10::BFloat16, __nv_bfloat162, &vllm::silu_kernel<c10::BFloat16>, &vllm::packed_silu_kernel<__nv_bfloat162>, (bool)1, (bool)1, (bool)0, (bool)0>(T1 *, const T1 *, int, float, float, float)"
:layer.31.fp.total,PushPop,2042,2042,1,2,41568,20784.0,20784.0,18976,22592,2556.9,"std::enable_if<T2>(int)0&&vllm::_typeConvert<T1>::exists, void>::type vllm::fused_add_rms_norm_kernel<c10::BFloat16, (int)8, (bool)1>(T1 *, long, T1 *, const T1 *, float, int, int)"
:layer.31.fp.total,PushPop,2042,2042,1,1,25760,25760.0,25760.0,25760,25760,0.0,"void flash::flash_fwd_splitkv_kernel<Flash_fwd_kernel_traits<(int)128, (int)64, (int)128, (int)4, (bool)0, (bool)0, cutlass::bfloat16_t, Flash_kernel_traits<(int)128, (int)64, (int)128, (int)4, cutlass::bfloat16_t>>, (bool)1, (bool)0, (bool)0, (bool)0, (bool)1, (bool)0, (bool)0, (bool)0>(flash::Flash_fwd_params)"
:layer.31.fp.total,PushPop,2042,2042,1,1,19232,19232.0,19232.0,19232,19232,0.0,"void vllm::rotary_embedding_kernel<c10::BFloat16, c10::BFloat16, (bool)1>(const long *, T1 *, T1 *, const T2 *, int, long, long, long, int, int, int, long, bool)"
:layer.31.fp.total,PushPop,2042,2042,1,1,10304,10304.0,10304.0,10304,10304,0.0,"void vllm::reshape_and_cache_flash_kernel<__nv_bfloat16, __nv_bfloat16, (vllm::Fp8KVCacheDataType)0>(const T1 *, const T1 *, T2 *, T2 *, const long *, long, long, long, long, long, int, int, int, const float *, const float *, int)"
:layer.31.ptq.attention,PushPop,2042,2042,31,62,5633600,90864.5,93648.0,65760,132736,20429.4,"void at::native::tinygemm_m16n8k16_chunk_kernel<at::native::ALayout_RM<(at::native::KReductionType)0>, at::native::BLayout_TC_int4<(int)8, (int)64>, at::native::ALayout_RM<(at::native::KReductionType)0>, (int)8, (int)8>(const void *, const void *, const void *, void *, int, int, int, int, int, int)"
:layer.31.ptq.attention,PushPop,2042,2042,31,31,384288,12396.4,11872.0,10624,15264,1624.0,"void flash::flash_fwd_splitkv_kernel<Flash_fwd_kernel_traits<(int)128, (int)64, (int)128, (int)4, (bool)0, (bool)0, cutlass::bfloat16_t, Flash_kernel_traits<(int)128, (int)64, (int)128, (int)4, cutlass::bfloat16_t>>, (bool)0, (bool)0, (bool)0, (bool)0, (bool)1, (bool)0, (bool)0, (bool)0>(flash::Flash_fwd_params)"
:layer.31.ptq.attention,PushPop,2042,2042,31,31,267264,8621.4,8096.0,7424,10912,1265.4,"void vllm::rotary_embedding_kernel<c10::BFloat16, c10::BFloat16, (bool)1>(const long *, T1 *, T1 *, const T2 *, int, long, long, long, int, int, int, long, bool)"
:layer.31.ptq.attention,PushPop,2042,2042,31,31,194880,6286.5,6016.0,5088,7744,812.8,"void vllm::reshape_and_cache_flash_kernel<__nv_bfloat16, __nv_bfloat16, (vllm::Fp8KVCacheDataType)0>(const T1 *, const T1 *, T2 *, T2 *, const long *, long, long, long, long, long, int, int, int, const float *, const float *, int)"
:layer.31.ptq.mlp,PushPop,2042,2042,31,62,22078176,356099.6,356800.0,203840,589184,137880.5,"void at::native::tinygemm_m16n8k16_chunk_kernel<at::native::ALayout_RM<(at::native::KReductionType)0>, at::native::BLayout_TC_int4<(int)8, (int)64>, at::native::ALayout_RM<(at::native::KReductionType)0>, (int)8, (int)8>(const void *, const void *, const void *, void *, int, int, int, int, int, int)"
:layer.31.ptq.mlp,PushPop,2042,2042,31,31,275168,8876.4,8512.0,7488,11136,1308.0,"void vllm::act_and_mul_kernel<c10::BFloat16, __nv_bfloat162, &vllm::silu_kernel<c10::BFloat16>, &vllm::packed_silu_kernel<__nv_bfloat162>, (bool)1, (bool)1, (bool)0, (bool)0>(T1 *, const T1 *, int, float, float, float)"
:layer.31.ptq.total,PushPop,2042,2042,31,124,27711776,223482.1,168288.0,65760,589184,165425.6,"void at::native::tinygemm_m16n8k16_chunk_kernel<at::native::ALayout_RM<(at::native::KReductionType)0>, at::native::BLayout_TC_int4<(int)8, (int)64>, at::native::ALayout_RM<(at::native::KReductionType)0>, (int)8, (int)8>(const void *, const void *, const void *, void *, int, int, int, int, int, int)"
:layer.31.ptq.total,PushPop,2042,2042,31,31,384288,12396.4,11872.0,10624,15264,1624.0,"void flash::flash_fwd_splitkv_kernel<Flash_fwd_kernel_traits<(int)128, (int)64, (int)128, (int)4, (bool)0, (bool)0, cutlass::bfloat16_t, Flash_kernel_traits<(int)128, (int)64, (int)128, (int)4, cutlass::bfloat16_t>>, (bool)0, (bool)0, (bool)0, (bool)0, (bool)1, (bool)0, (bool)0, (bool)0>(flash::Flash_fwd_params)"
:layer.31.ptq.total,PushPop,2042,2042,31,62,375872,6062.5,5760.0,4896,7872,885.9,"std::enable_if<T2>(int)0&&vllm::_typeConvert<T1>::exists, void>::type vllm::fused_add_rms_norm_kernel<c10::BFloat16, (int)8, (bool)1>(T1 *, long, T1 *, const T1 *, float, int, int)"
:layer.31.ptq.total,PushPop,2042,2042,31,31,275168,8876.4,8512.0,7488,11136,1308.0,"void vllm::act_and_mul_kernel<c10::BFloat16, __nv_bfloat162, &vllm::silu_kernel<c10::BFloat16>, &vllm::packed_silu_kernel<__nv_bfloat162>, (bool)1, (bool)1, (bool)0, (bool)0>(T1 *, const T1 *, int, float, float, float)"
:layer.31.ptq.total,PushPop,2042,2042,31,31,267264,8621.4,8096.0,7424,10912,1265.4,"void vllm::rotary_embedding_kernel<c10::BFloat16, c10::BFloat16, (bool)1>(const long *, T1 *, T1 *, const T2 *, int, long, long, long, int, int, int, long, bool)"
:layer.31.ptq.total,PushPop,2042,2042,31,31,194880,6286.5,6016.0,5088,7744,812.8,"void vllm::reshape_and_cache_flash_kernel<__nv_bfloat16, __nv_bfloat16, (vllm::Fp8KVCacheDataType)0>(const T1 *, const T1 *, T2 *, T2 *, const long *, long, long, long, long, long, int, int, int, const float *, const float *, int)"
:layer.32.fp.attention,PushPop,2042,2042,1,2,566304,283152.0,283152.0,245056,321248,53875.9,ampere_bf16_s16816gemm_bf16_128x128_ldg8_f2f_stages_32x5_tn
:layer.32.fp.attention,PushPop,2042,2042,1,1,25824,25824.0,25824.0,25824,25824,0.0,"void flash::flash_fwd_splitkv_kernel<Flash_fwd_kernel_traits<(int)128, (int)64, (int)128, (int)4, (bool)0, (bool)0, cutlass::bfloat16_t, Flash_kernel_traits<(int)128, (int)64, (int)128, (int)4, cutlass::bfloat16_t>>, (bool)1, (bool)0, (bool)0, (bool)0, (bool)1, (bool)0, (bool)0, (bool)0>(flash::Flash_fwd_params)"
:layer.32.fp.attention,PushPop,2042,2042,1,1,18336,18336.0,18336.0,18336,18336,0.0,"void vllm::rotary_embedding_kernel<c10::BFloat16, c10::BFloat16, (bool)1>(const long *, T1 *, T1 *, const T2 *, int, long, long, long, int, int, int, long, bool)"
:layer.32.fp.attention,PushPop,2042,2042,1,1,10176,10176.0,10176.0,10176,10176,0.0,"void vllm::reshape_and_cache_flash_kernel<__nv_bfloat16, __nv_bfloat16, (vllm::Fp8KVCacheDataType)0>(const T1 *, const T1 *, T2 *, T2 *, const long *, long, long, long, long, long, int, int, int, const float *, const float *, int)"
:layer.32.fp.input_norm,PushPop,2042,2042,32,32,218688,6834.0,6288.0,5408,22624,2999.1,"std::enable_if<T2>(int)0&&vllm::_typeConvert<T1>::exists, void>::type vllm::fused_add_rms_norm_kernel<c10::BFloat16, (int)8, (bool)1>(T1 *, long, T1 *, const T1 *, float, int, int)"
:layer.32.fp.mlp,PushPop,2042,2042,1,2,2542304,1271152.0,1271152.0,1149408,1392896,172172.0,ampere_bf16_s16816gemm_bf16_128x128_ldg8_f2f_stages_32x5_tn
:layer.32.fp.mlp,PushPop,2042,2042,1,1,43328,43328.0,43328.0,43328,43328,0.0,"void vllm::act_and_mul_kernel<c10::BFloat16, __nv_bfloat162, &vllm::silu_kernel<c10::BFloat16>, &vllm::packed_silu_kernel<__nv_bfloat162>, (bool)1, (bool)1, (bool)0, (bool)0>(T1 *, const T1 *, int, float, float, float)"
:layer.32.fp.post_attn_norm,PushPop,2042,2042,32,32,196992,6156.0,5568.0,4928,18976,2464.4,"std::enable_if<T2>(int)0&&vllm::_typeConvert<T1>::exists, void>::type vllm::fused_add_rms_norm_kernel<c10::BFloat16, (int)8, (bool)1>(T1 *, long, T1 *, const T1 *, float, int, int)"
:layer.32.fp.total,PushPop,2042,2042,1,4,3108608,777152.0,735328.0,245056,1392896,579853.4,ampere_bf16_s16816gemm_bf16_128x128_ldg8_f2f_stages_32x5_tn
:layer.32.fp.total,PushPop,2042,2042,1,1,43328,43328.0,43328.0,43328,43328,0.0,"void vllm::act_and_mul_kernel<c10::BFloat16, __nv_bfloat162, &vllm::silu_kernel<c10::BFloat16>, &vllm::packed_silu_kernel<__nv_bfloat162>, (bool)1, (bool)1, (bool)0, (bool)0>(T1 *, const T1 *, int, float, float, float)"
:layer.32.fp.total,PushPop,2042,2042,1,2,41600,20800.0,20800.0,18976,22624,2579.5,"std::enable_if<T2>(int)0&&vllm::_typeConvert<T1>::exists, void>::type vllm::fused_add_rms_norm_kernel<c10::BFloat16, (int)8, (bool)1>(T1 *, long, T1 *, const T1 *, float, int, int)"
:layer.32.fp.total,PushPop,2042,2042,1,1,25824,25824.0,25824.0,25824,25824,0.0,"void flash::flash_fwd_splitkv_kernel<Flash_fwd_kernel_traits<(int)128, (int)64, (int)128, (int)4, (bool)0, (bool)0, cutlass::bfloat16_t, Flash_kernel_traits<(int)128, (int)64, (int)128, (int)4, cutlass::bfloat16_t>>, (bool)1, (bool)0, (bool)0, (bool)0, (bool)1, (bool)0, (bool)0, (bool)0>(flash::Flash_fwd_params)"
:layer.32.fp.total,PushPop,2042,2042,1,1,18336,18336.0,18336.0,18336,18336,0.0,"void vllm::rotary_embedding_kernel<c10::BFloat16, c10::BFloat16, (bool)1>(const long *, T1 *, T1 *, const T2 *, int, long, long, long, int, int, int, long, bool)"
:layer.32.fp.total,PushPop,2042,2042,1,1,10176,10176.0,10176.0,10176,10176,0.0,"void vllm::reshape_and_cache_flash_kernel<__nv_bfloat16, __nv_bfloat16, (vllm::Fp8KVCacheDataType)0>(const T1 *, const T1 *, T2 *, T2 *, const long *, long, long, long, long, long, int, int, int, const float *, const float *, int)"
:layer.32.ptq.attention,PushPop,2042,2042,31,62,5730368,92425.3,94656.0,66656,132384,20812.4,"void at::native::tinygemm_m16n8k16_chunk_kernel<at::native::ALayout_RM<(at::native::KReductionType)0>, at::native::BLayout_TC_int4<(int)8, (int)64>, at::native::ALayout_RM<(at::native::KReductionType)0>, (int)8, (int)8>(const void *, const void *, const void *, void *, int, int, int, int, int, int)"
:layer.32.ptq.attention,PushPop,2042,2042,31,31,385216,12426.3,11872.0,10624,15488,1698.8,"void flash::flash_fwd_splitkv_kernel<Flash_fwd_kernel_traits<(int)128, (int)64, (int)128, (int)4, (bool)0, (bool)0, cutlass::bfloat16_t, Flash_kernel_traits<(int)128, (int)64, (int)128, (int)4, cutlass::bfloat16_t>>, (bool)0, (bool)0, (bool)0, (bool)0, (bool)1, (bool)0, (bool)0, (bool)0>(flash::Flash_fwd_params)"
:layer.32.ptq.attention,PushPop,2042,2042,31,31,265056,8550.2,8032.0,6976,11136,1341.4,"void vllm::rotary_embedding_kernel<c10::BFloat16, c10::BFloat16, (bool)1>(const long *, T1 *, T1 *, const T2 *, int, long, long, long, int, int, int, long, bool)"
:layer.32.ptq.attention,PushPop,2042,2042,31,31,194048,6259.6,5984.0,5088,7584,802.2,"void vllm::reshape_and_cache_flash_kernel<__nv_bfloat16, __nv_bfloat16, (vllm::Fp8KVCacheDataType)0>(const T1 *, const T1 *, T2 *, T2 *, const long *, long, long, long, long, long, int, int, int, const float *, const float *, int)"
:layer.32.ptq.mlp,PushPop,2042,2042,31,62,22227200,358503.2,357680.0,206656,591008,137284.4,"void at::native::tinygemm_m16n8k16_chunk_kernel<at::native::ALayout_RM<(at::native::KReductionType)0>, at::native::BLayout_TC_int4<(int)8, (int)64>, at::native::ALayout_RM<(at::native::KReductionType)0>, (int)8, (int)8>(const void *, const void *, const void *, void *, int, int, int, int, int, int)"
:layer.32.ptq.mlp,PushPop,2042,2042,31,31,274976,8870.2,8448.0,7520,11008,1288.8,"void vllm::act_and_mul_kernel<c10::BFloat16, __nv_bfloat162, &vllm::silu_kernel<c10::BFloat16>, &vllm::packed_silu_kernel<__nv_bfloat162>, (bool)1, (bool)1, (bool)0, (bool)0>(T1 *, const T1 *, int, float, float, float)"
:layer.32.ptq.total,PushPop,2042,2042,31,124,27957568,225464.3,169520.0,66656,591008,165544.5,"void at::native::tinygemm_m16n8k16_chunk_kernel<at::native::ALayout_RM<(at::native::KReductionType)0>, at::native::BLayout_TC_int4<(int)8, (int)64>, at::native::ALayout_RM<(at::native::KReductionType)0>, (int)8, (int)8>(const void *, const void *, const void *, void *, int, int, int, int, int, int)"
:layer.32.ptq.total,PushPop,2042,2042,31,31,385216,12426.3,11872.0,10624,15488,1698.8,"void flash::flash_fwd_splitkv_kernel<Flash_fwd_kernel_traits<(int)128, (int)64, (int)128, (int)4, (bool)0, (bool)0, cutlass::bfloat16_t, Flash_kernel_traits<(int)128, (int)64, (int)128, (int)4, cutlass::bfloat16_t>>, (bool)0, (bool)0, (bool)0, (bool)0, (bool)1, (bool)0, (bool)0, (bool)0>(flash::Flash_fwd_params)"
:layer.32.ptq.total,PushPop,2042,2042,31,62,374080,6033.5,5696.0,4928,7648,862.0,"std::enable_if<T2>(int)0&&vllm::_typeConvert<T1>::exists, void>::type vllm::fused_add_rms_norm_kernel<c10::BFloat16, (int)8, (bool)1>(T1 *, long, T1 *, const T1 *, float, int, int)"
:layer.32.ptq.total,PushPop,2042,2042,31,31,274976,8870.2,8448.0,7520,11008,1288.8,"void vllm::act_and_mul_kernel<c10::BFloat16, __nv_bfloat162, &vllm::silu_kernel<c10::BFloat16>, &vllm::packed_silu_kernel<__nv_bfloat162>, (bool)1, (bool)1, (bool)0, (bool)0>(T1 *, const T1 *, int, float, float, float)"
:layer.32.ptq.total,PushPop,2042,2042,31,31,265056,8550.2,8032.0,6976,11136,1341.4,"void vllm::rotary_embedding_kernel<c10::BFloat16, c10::BFloat16, (bool)1>(const long *, T1 *, T1 *, const T2 *, int, long, long, long, int, int, int, long, bool)"
:layer.32.ptq.total,PushPop,2042,2042,31,31,194048,6259.6,5984.0,5088,7584,802.2,"void vllm::reshape_and_cache_flash_kernel<__nv_bfloat16, __nv_bfloat16, (vllm::Fp8KVCacheDataType)0>(const T1 *, const T1 *, T2 *, T2 *, const long *, long, long, long, long, long, int, int, int, const float *, const float *, int)"
:single_request.static_ptq_tail.eager,PushPop,2042,2042,1,3596,799929344,222449.8,168768.0,65536,596192,162605.7,"void at::native::tinygemm_m16n8k16_chunk_kernel<at::native::ALayout_RM<(at::native::KReductionType)0>, at::native::BLayout_TC_int4<(int)8, (int)64>, at::native::ALayout_RM<(at::native::KReductionType)0>, (int)8, (int)8>(const void *, const void *, const void *, void *, int, int, int, int, int, int)"
:single_request.static_ptq_tail.eager,PushPop,2042,2042,1,404,432571648,1070721.9,704128.0,200160,6450240,1502177.1,ampere_bf16_s16816gemm_bf16_64x64_sliced1x2_ldg8_f2f_stages_64x5_tn
:single_request.static_ptq_tail.eager,PushPop,2042,2042,1,128,120938048,944828.5,975088.0,243584,3594656,794475.9,ampere_bf16_s16816gemm_bf16_128x128_ldg8_f2f_stages_32x5_tn
:single_request.static_ptq_tail.eager,PushPop,2042,2042,1,2048,13924384,6799.0,6080.0,4896,54528,3673.4,"std::enable_if<T2>(int)0&&vllm::_typeConvert<T1>::exists, void>::type vllm::fused_add_rms_norm_kernel<c10::BFloat16, (int)8, (bool)1>(T1 *, long, T1 *, const T1 *, float, int, int)"
:single_request.static_ptq_tail.eager,PushPop,2042,2042,1,992,12325280,12424.7,11840.0,10464,17056,1688.6,"void flash::flash_fwd_splitkv_kernel<Flash_fwd_kernel_traits<(int)128, (int)64, (int)128, (int)4, (bool)0, (bool)0, cutlass::bfloat16_t, Flash_kernel_traits<(int)128, (int)64, (int)128, (int)4, cutlass::bfloat16_t>>, (bool)0, (bool)0, (bool)0, (bool)0, (bool)1, (bool)0, (bool)0, (bool)0>(flash::Flash_fwd_params)"
:single_request.static_ptq_tail.eager,PushPop,2042,2042,1,1024,10346048,10103.6,8384.0,7456,104224,8021.1,"void vllm::act_and_mul_kernel<c10::BFloat16, __nv_bfloat162, &vllm::silu_kernel<c10::BFloat16>, &vllm::packed_silu_kernel<__nv_bfloat162>, (bool)1, (bool)1, (bool)0, (bool)0>(T1 *, const T1 *, int, float, float, float)"
:single_request.static_ptq_tail.eager,PushPop,2042,2042,1,1024,9112384,8898.8,8128.0,6464,46720,3227.0,"void vllm::rotary_embedding_kernel<c10::BFloat16, c10::BFloat16, (bool)1>(const long *, T1 *, T1 *, const T2 *, int, long, long, long, int, int, int, long, bool)"
:single_request.static_ptq_tail.eager,PushPop,2042,2042,1,1024,6619072,6463.9,6000.0,5056,24576,1545.7,"void vllm::reshape_and_cache_flash_kernel<__nv_bfloat16, __nv_bfloat16, (vllm::Fp8KVCacheDataType)0>(const T1 *, const T1 *, T2 *, T2 *, const long *, long, long, long, long, long, int, int, int, const float *, const float *, int)"
:single_request.static_ptq_tail.eager,PushPop,2042,2042,1,32,1566176,48943.0,44816.0,40256,64128,9125.2,"void at::native::reduce_kernel<(int)512, (int)1, at::native::ReduceOp<float, at::native::ArgMaxOps<float>, unsigned int, long, (int)4, (int)4>>(T3)"
:single_request.static_ptq_tail.eager,PushPop,2042,2042,1,32,1031168,32224.0,25792.0,25152,72160,14879.4,"void flash::flash_fwd_splitkv_kernel<Flash_fwd_kernel_traits<(int)128, (int)64, (int)128, (int)4, (bool)0, (bool)0, cutlass::bfloat16_t, Flash_kernel_traits<(int)128, (int)64, (int)128, (int)4, cutlass::bfloat16_t>>, (bool)1, (bool)0, (bool)0, (bool)0, (bool)1, (bool)0, (bool)0, (bool)0>(flash::Flash_fwd_params)"
:single_request.static_ptq_tail.eager,PushPop,2042,2042,1,160,633856,3961.6,3856.0,2400,7584,1174.7,"void at::native::unrolled_elementwise_kernel<at::native::direct_copy_kernel_cuda(at::TensorIteratorBase &)::[lambda() (instance 3)]::operator ()() const::[lambda() (instance 4)]::operator ()() const::[lambda(long) (instance 1)], std::array<char *, (unsigned long)2>, (int)4, TrivialOffsetCalculator<(int)1, unsigned int>, TrivialOffsetCalculator<(int)1, unsigned int>, at::native::memory::LoadWithCast<(int)1>, at::native::memory::StoreWithCast<(int)1>>(int, T1, T2, T4, T5, T6, T7)"
:single_request.static_ptq_tail.eager,PushPop,2042,2042,1,32,500864,15652.0,15040.0,13440,18784,1830.8,"void at::native::unrolled_elementwise_kernel<at::native::direct_copy_kernel_cuda(at::TensorIteratorBase &)::[lambda() (instance 3)]::operator ()() const::[lambda() (instance 7)]::operator ()() const::[lambda(float) (instance 1)], std::array<char *, (unsigned long)2>, (int)4, TrivialOffsetCalculator<(int)1, unsigned int>, TrivialOffsetCalculator<(int)1, unsigned int>, at::native::memory::LoadWithCast<(int)1>, at::native::memory::StoreWithCast<(int)1>>(int, T1, T2, T4, T5, T6, T7)"
:single_request.static_ptq_tail.eager,PushPop,2042,2042,1,32,302784,9462.0,9104.0,7776,11392,1158.5,"void at::native::index_elementwise_kernel<(int)128, (int)4, void at::native::gpu_index_kernel<void at::native::index_put_kernel_impl<at::native::OpaqueType<(int)4>>(at::TensorIterator &, c10::ArrayRef<long>, c10::ArrayRef<long>)::[lambda(char *, const char *, long) (instance 1)]>(at::TensorIteratorBase &, c10::ArrayRef<long>, c10::ArrayRef<long>, const T1 &, bool)::[lambda(int) (instance 1)]>(long, T3)"
:single_request.static_ptq_tail.eager,PushPop,2042,2042,1,32,301344,9417.0,8816.0,7904,12160,1495.1,"void at::native::index_elementwise_kernel<(int)128, (int)4, void at::native::gpu_index_kernel<void at::native::index_kernel_impl<at::native::OpaqueType<(int)2>>(at::TensorIteratorBase &, c10::ArrayRef<long>, c10::ArrayRef<long>)::[lambda(char *, const char *, long) (instance 1)]>(at::TensorIteratorBase &, c10::ArrayRef<long>, c10::ArrayRef<long>, const T1 &, bool)::[lambda(int) (instance 1)]>(long, T3)"
:single_request.static_ptq_tail.eager,PushPop,2042,2042,1,32,228608,7144.0,6560.0,5888,11872,1242.8,"void at::native::index_elementwise_kernel<(int)128, (int)4, void at::native::gpu_index_kernel<void at::native::index_kernel_impl<at::native::OpaqueType<(int)4>>(at::TensorIteratorBase &, c10::ArrayRef<long>, c10::ArrayRef<long>)::[lambda(char *, const char *, long) (instance 1)]>(at::TensorIteratorBase &, c10::ArrayRef<long>, c10::ArrayRef<long>, const T1 &, bool)::[lambda(int) (instance 1)]>(long, T3)"
:single_request.static_ptq_tail.eager,PushPop,2042,2042,1,31,193696,6248.3,5952.0,5440,7680,754.2,"void at::native::<unnamed>::indexSelectSmallIndex<c10::BFloat16, long, unsigned int, (int)2, (int)2, (int)-2>(at::cuda::detail::TensorInfo<T1, T3>, at::cuda::detail::TensorInfo<const T1, T3>, at::cuda::detail::TensorInfo<const T2, T3>, int, int, T3, long)"
:single_request.static_ptq_tail.eager,PushPop,2042,2042,1,32,186304,5822.0,5232.0,4544,10304,1110.1,_compute_slot_mapping_kernel
:single_request.static_ptq_tail.eager,PushPop,2042,2042,1,32,167616,5238.0,4464.0,4064,19392,2662.9,"void vllm::rms_norm_kernel<c10::BFloat16, (int)8, (int)2, (bool)1>(T1 *, const T1 *, long, long, long, long, long, const T1 *, float, int, int)"
:single_request.static_ptq_tail.eager,PushPop,2042,2042,1,32,111968,3499.0,3392.0,2944,4416,522.5,"void at::native::unrolled_elementwise_kernel<at::native::direct_copy_kernel_cuda(at::TensorIteratorBase &)::[lambda() (instance 3)]::operator ()() const::[lambda() (instance 3)]::operator ()() const::[lambda(int) (instance 1)], std::array<char *, (unsigned long)2>, (int)4, TrivialOffsetCalculator<(int)1, unsigned int>, TrivialOffsetCalculator<(int)1, unsigned int>, at::native::memory::LoadWithCast<(int)1>, at::native::memory::StoreWithCast<(int)1>>(int, T1, T2, T4, T5, T6, T7)"
:single_request.static_ptq_tail.eager,PushPop,2042,2042,1,32,94752,2961.0,2688.0,2304,5376,610.4,"void at::native::vectorized_elementwise_kernel<(int)2, at::native::CUDAFunctor_add<long>, std::array<char *, (unsigned long)3>>(int, T2, T3)"
:single_request.static_ptq_tail.eager,PushPop,2042,2042,1,32,87936,2748.0,2656.0,2144,4896,635.3,"void at::native::vectorized_elementwise_kernel<(int)4, at::native::CUDAFunctor_add<int>, std::array<char *, (unsigned long)3>>(int, T2, T3)"
:single_request.static_ptq_tail.eager,PushPop,2042,2042,1,32,86272,2696.0,2528.0,2208,6400,755.9,"void at::native::vectorized_elementwise_kernel<(int)4, at::native::FillFunctor<int>, std::array<char *, (unsigned long)1>>(int, T2, T3)"
:single_request.static_ptq_tail.eager,PushPop,2042,2042,1,32,67552,2111.0,1872.0,1600,4064,582.9,"void at::native::unrolled_elementwise_kernel<at::native::CUDAFunctorOnSelf_add<int>, std::array<char *, (unsigned long)2>, (int)4, TrivialOffsetCalculator<(int)1, unsigned int>, TrivialOffsetCalculator<(int)1, unsigned int>, at::native::memory::LoadWithoutCast, at::native::memory::StoreWithoutCast>(int, T1, T2, T4, T5, T6, T7)"
:single_request.static_ptq_tail.eager,PushPop,2042,2042,1,1,14272,14272.0,14272.0,14272,14272,0.0,"void at::native::vectorized_gather_kernel<(int)16, long>(char *, char *, T2 *, int, long, long, long, long, bool)"
