profile,mode,phase,layer,path,component,count,total_ms,mean_ms,median_ms,p90_ms,p99_ms,min_ms,max_ms
full_fp_eager_layer,full_fp,decode,1,fp,attention,31,16.610943734645844,0.5358368946659949,0.5357440114021301,0.5368319749832153,0.5394015908241272,0.5336959958076477,0.5403519868850708
full_fp_eager_layer,full_fp,decode,1,fp,input_norm,31,0.19369599968194962,0.006248258054256439,0.006271999794989824,0.0063680000603199005,0.006512000039219856,0.0060800001956522465,0.006560000125318766
full_fp_eager_layer,full_fp,decode,1,fp,mlp,31,63.08000063896179,2.0348387302890902,2.0352320671081543,2.036832094192505,2.037491273880005,2.0320639610290527,2.0375680923461914
full_fp_eager_layer,full_fp,decode,1,fp,post_attn_norm,31,0.22534399991855025,0.0072691612876951694,0.0072639998979866505,0.007424000184983015,0.0076288000214844946,0.006943999789655209,0.007648000027984381
full_fp_eager_layer,full_fp,decode,1,fp,total,31,80.2564160823822,2.5889166478187806,2.5893759727478027,2.5909440517425537,2.592044711112976,2.584320068359375,2.5923519134521484
full_fp_eager_layer,full_fp,decode,2,fp,attention,31,16.57811188697815,0.5347778028057467,0.5347200036048889,0.5362240076065063,0.5368832051753998,0.5307199954986572,0.5369600057601929
full_fp_eager_layer,full_fp,decode,2,fp,input_norm,31,0.2267839997075498,0.007315612893791929,0.00723200011998415,0.00774399982765317,0.00782080008648336,0.007104000076651573,0.007840000092983246
full_fp_eager_layer,full_fp,decode,2,fp,mlp,31,63.081631660461426,2.0348913438858522,2.0339839458465576,2.0379838943481445,2.0470367908477782,2.030240058898926,2.0488319396972656
full_fp_eager_layer,full_fp,decode,2,fp,post_attn_norm,31,0.21129600051790476,0.006816000016706605,0.006752000190317631,0.007135999854654074,0.007302400143817067,0.006463999859988689,0.007360000163316727
full_fp_eager_layer,full_fp,decode,2,fp,total,31,80.24627137184143,2.588589399091659,2.5882558822631836,2.5914559364318848,2.6018720865249634,2.58188796043396,2.602976083755493
full_fp_eager_layer,full_fp,decode,3,fp,attention,31,16.59664011001587,0.5353754874198667,0.5352960228919983,0.5364800095558167,0.5375839948654175,0.5338879823684692,0.5376319885253906
full_fp_eager_layer,full_fp,decode,3,fp,input_norm,31,0.2448959988541901,0.007899870930780326,0.00774399982765317,0.00825599953532219,0.008601600211113692,0.007615999784320593,0.008736000396311283
full_fp_eager_layer,full_fp,decode,3,fp,mlp,31,63.32576012611389,2.042766455681093,2.042975902557373,2.0451838970184326,2.0481024503707888,2.038559913635254,2.048736095428467
full_fp_eager_layer,full_fp,decode,3,fp,post_attn_norm,31,0.21113600069656968,0.006810838732147409,0.006719999946653843,0.007071999832987785,0.007423999952152371,0.006560000125318766,0.007519999984651804
full_fp_eager_layer,full_fp,decode,3,fp,total,31,80.52716779708862,2.597650574099633,2.5978879928588867,2.600032091140747,2.6040703773498537,2.5920000076293945,2.6053760051727295
full_fp_eager_layer,full_fp,decode,4,fp,attention,31,16.587743937969208,0.5350885141280389,0.5349439978599548,0.5362560153007507,0.5365663886070251,0.5332800149917603,0.536575973033905
full_fp_eager_layer,full_fp,decode,4,fp,input_norm,31,0.22678399924188852,0.007315612878770598,0.00723200011998415,0.007615999784320593,0.007859199866652488,0.0071680000983178616,0.007935999892652035
full_fp_eager_layer,full_fp,decode,4,fp,mlp,31,63.323423862457275,2.0426910923373316,2.042464017868042,2.04585599899292,2.0481855869293213,2.038304090499878,2.048799991607666
full_fp_eager_layer,full_fp,decode,4,fp,post_attn_norm,31,0.22582400031387806,0.007284645171415421,0.00723200011998415,0.007552000228315592,0.00773439989425242,0.006912000011652708,0.00774399982765317
full_fp_eager_layer,full_fp,decode,4,fp,total,31,80.51155209541321,2.5971468417875228,2.5968000888824463,2.6003520488739014,2.6028607845306397,2.592992067337036,2.603071928024292
full_fp_eager_layer,full_fp,decode,5,fp,attention,31,16.647680044174194,0.537021936908845,0.5370240211486816,0.5381760001182556,0.5389920175075531,0.5352640151977539,0.5390400290489197
full_fp_eager_layer,full_fp,decode,5,fp,input_norm,31,0.22771200211718678,0.007345548455393122,0.007296000141650438,0.007712000049650669,0.00782080008648336,0.007104000076651573,0.007840000092983246
full_fp_eager_layer,full_fp,decode,5,fp,mlp,31,63.377920150756836,2.044449037121188,2.0443201065063477,2.0465919971466064,2.0483872652053834,2.038815975189209,2.0486080646514893
full_fp_eager_layer,full_fp,decode,5,fp,post_attn_norm,31,0.21088000014424324,0.006802580649814298,0.006752000190317631,0.007007999811321497,0.007238400122150779,0.006591999903321266,0.007296000141650438
full_fp_eager_layer,full_fp,decode,5,fp,total,31,80.61228775978088,2.6003963793477705,2.60099196434021,2.603071928024292,2.6047135829925536,2.5929598808288574,2.60479998588562
full_fp_eager_layer,full_fp,decode,6,fp,attention,31,16.596671998500824,0.5353765160806717,0.5347840189933777,0.5368319749832153,0.5418208062648773,0.5336959958076477,0.5439040064811707
full_fp_eager_layer,full_fp,decode,6,fp,input_norm,31,0.22943999990820885,0.00740129031961964,0.007327999919652939,0.007712000049650669,0.00786559977568686,0.007040000054985285,0.007903999648988247
full_fp_eager_layer,full_fp,decode,6,fp,mlp,31,63.24995136260986,2.0403210116970922,2.040479898452759,2.0420799255371094,2.0440864324569703,2.0366079807281494,2.04419207572937
full_fp_eager_layer,full_fp,decode,6,fp,post_attn_norm,31,0.21267200075089931,0.0068603871209967525,0.006752000190317631,0.007199999876320362,0.007331200083717704,0.006624000146985054,0.007360000163316727
full_fp_eager_layer,full_fp,decode,6,fp,total,31,80.44060730934143,2.5948583003013366,2.5942399501800537,2.5981760025024414,2.6036223649978636,2.5905280113220215,2.605695962905884
full_fp_eager_layer,full_fp,decode,7,fp,attention,31,16.672704100608826,0.5378291645357686,0.5377920269966125,0.5394560098648071,0.5397792041301728,0.5354880094528198,0.539903998374939
full_fp_eager_layer,full_fp,decode,7,fp,input_norm,31,0.22502399934455752,0.0072588386885341135,0.00723200011998415,0.007455999962985516,0.007727999985218048,0.007071999832987785,0.0077760000713169575
full_fp_eager_layer,full_fp,decode,7,fp,mlp,31,63.40336012840271,2.045269681561378,2.0451200008392334,2.04803204536438,2.0492639541625977,2.041248083114624,2.0496959686279297
full_fp_eager_layer,full_fp,decode,7,fp,post_attn_norm,31,0.20864000264555216,0.0067303226659855536,0.006719999946653843,0.00684799998998642,0.0071680000983178616,0.006560000125318766,0.0071680000983178616
full_fp_eager_layer,full_fp,decode,7,fp,total,31,80.65811109542847,2.6018745514654342,2.601759910583496,2.6042559146881104,2.6063199758529665,2.598975896835327,2.6071360111236572
full_fp_eager_layer,full_fp,decode,8,fp,attention,31,16.638239979743958,0.536717418701418,0.5367040038108826,0.5378559827804565,0.538288003206253,0.5348160266876221,0.5384320020675659
full_fp_eager_layer,full_fp,decode,8,fp,input_norm,31,0.22841599956154823,0.007368258050372524,0.0072639998979866505,0.0077760000713169575,0.007996799983084201,0.006976000033318996,0.008063999935984612
full_fp_eager_layer,full_fp,decode,8,fp,mlp,31,63.435712575912476,2.0463133089004026,2.0451200008392334,2.0471999645233154,2.0715007543563844,2.0415360927581787,2.0815999507904053
full_fp_eager_layer,full_fp,decode,8,fp,post_attn_norm,31,0.20969600044190884,0.006764387111029317,0.006719999946653843,0.007071999832987785,0.007190399942919612,0.006463999859988689,0.007199999876320362
full_fp_eager_layer,full_fp,decode,8,fp,total,31,80.66019225120544,2.6019416855227564,2.6009600162506104,2.6031999588012695,2.627471947669983,2.5972800254821777,2.6373119354248047
full_fp_eager_layer,full_fp,decode,9,fp,attention,31,16.597471952438354,0.5354023210463985,0.5355520248413086,0.5364800095558167,0.5369504213333129,0.5336319804191589,0.537056028842926
full_fp_eager_layer,full_fp,decode,9,fp,input_norm,31,0.22627200046554208,0.007299096789211035,0.00723200011998415,0.007584000006318092,0.0077247998211532835,0.007071999832987785,0.00774399982765317
full_fp_eager_layer,full_fp,decode,9,fp,mlp,31,63.03731107711792,2.033461647648965,2.033440113067627,2.0357120037078857,2.037961554527283,2.0288000106811523,2.0385279655456543
full_fp_eager_layer,full_fp,decode,9,fp,post_attn_norm,31,0.21174400206655264,0.0068304516795662145,0.006783999968320131,0.007135999854654074,0.007286400068551302,0.006560000125318766,0.007296000141650438
full_fp_eager_layer,full_fp,decode,9,fp,total,31,80.22348856925964,2.5878544699761177,2.588128089904785,2.5909440517425537,2.5927200078964234,2.5835840702056885,2.5930559635162354
full_fp_eager_layer,full_fp,decode,10,fp,attention,31,16.56828796863556,0.5344609022140503,0.5342079997062683,0.5360959768295288,0.5378752171993255,0.5321279764175415,0.5382400155067444
full_fp_eager_layer,full_fp,decode,10,fp,input_norm,31,0.22617599880322814,0.007295999961394456,0.00723200011998415,0.007679999805986881,0.008201599726453424,0.007007999811321497,0.008383999578654766
full_fp_eager_layer,full_fp,decode,10,fp,mlp,31,63.037376165390015,2.0334637472706456,2.0326719284057617,2.034463882446289,2.0534656763076784,2.029599905014038,2.0610880851745605
full_fp_eager_layer,full_fp,decode,10,fp,post_attn_norm,31,0.2099840003065765,0.006773677429244403,0.006719999946653843,0.007104000076651573,0.007347200158983469,0.006527999881654978,0.007424000184983015
full_fp_eager_layer,full_fp,decode,10,fp,total,31,80.19065570831299,2.586795345429451,2.5860800743103027,2.5889599323272705,2.6055904388427735,2.58188796043396,2.6121280193328857
full_fp_eager_layer,full_fp,decode,11,fp,attention,31,16.531391978263855,0.5332707089762534,0.5330560207366943,0.5347840189933777,0.5353023827075958,0.5315200090408325,0.5353599786758423
full_fp_eager_layer,full_fp,decode,11,fp,input_norm,31,0.2280319994315505,0.007355870949404855,0.0072639998979866505,0.00774399982765317,0.00786559977568686,0.007104000076651573,0.007903999648988247
full_fp_eager_layer,full_fp,decode,11,fp,mlp,31,63.08623957633972,2.0350399863335396,2.033504009246826,2.035520076751709,2.068278431892395,2.029088020324707,2.081536054611206
full_fp_eager_layer,full_fp,decode,11,fp,post_attn_norm,31,0.21091200085356832,0.006803612930760268,0.006752000190317631,0.007104000076651573,0.007190399942919612,0.006591999903321266,0.007199999876320362
full_fp_eager_layer,full_fp,decode,11,fp,total,31,80.20681548118591,2.587316628425352,2.5860159397125244,2.5880000591278076,2.619667148590088,2.5804800987243652,2.6328959465026855
full_fp_eager_layer,full_fp,decode,12,fp,attention,31,16.588896095752716,0.5351256805081521,0.5349119901657104,0.5362560153007507,0.5367647767066955,0.5337600111961365,0.5368319749832153
full_fp_eager_layer,full_fp,decode,12,fp,input_norm,31,0.22483200067654252,0.007252645183114275,0.007199999876320362,0.007455999962985516,0.007638399954885244,0.007007999811321497,0.007648000027984381
full_fp_eager_layer,full_fp,decode,12,fp,mlp,31,63.165311336517334,2.0375906882747525,2.0367040634155273,2.038559913635254,2.0600672006607055,2.0336639881134033,2.0689280033111572
full_fp_eager_layer,full_fp,decode,12,fp,post_attn_norm,31,0.209888000972569,0.006770580676534484,0.006752000190317631,0.006912000011652708,0.007171199936419725,0.006560000125318766,0.007199999876320362
full_fp_eager_layer,full_fp,decode,12,fp,total,31,80.33743906021118,2.591530292264877,2.5903360843658447,2.5931520462036133,2.6144958972930907,2.5863358974456787,2.623231887817383
full_fp_eager_layer,full_fp,decode,13,fp,attention,31,16.575488030910492,0.5346931622874352,0.5347520112991333,0.5359039902687073,0.5363103866577148,0.5329920053482056,0.5363199710845947
full_fp_eager_layer,full_fp,decode,13,fp,input_norm,31,0.2284480007365346,0.0073692903463398254,0.007296000141650438,0.0077760000713169575,0.007852800190448761,0.007104000076651573,0.007872000336647034
full_fp_eager_layer,full_fp,decode,13,fp,mlp,31,63.12086367607117,2.0361568927764893,2.0350399017333984,2.037087917327881,2.0598527431488036,2.0315840244293213,2.0682239532470703
full_fp_eager_layer,full_fp,decode,13,fp,post_attn_norm,31,0.21177600091323256,0.0068314839004268565,0.006719999946653843,0.0071680000983178616,0.00750079988501966,0.006496000103652477,0.007615999784320593
full_fp_eager_layer,full_fp,decode,13,fp,total,31,80.28601622581482,2.589871491155317,2.5887041091918945,2.5916481018066406,2.613260841369629,2.584671974182129,2.6213440895080566
full_fp_eager_layer,full_fp,decode,14,fp,attention,31,16.5764479637146,0.5347241278617613,0.5344319939613342,0.5361279845237732,0.5364191949367523,0.532256007194519,0.5364480018615723
full_fp_eager_layer,full_fp,decode,14,fp,input_norm,31,0.22703999979421496,0.0073238709611037085,0.0072639998979866505,0.007712000049650669,0.00782080008648336,0.007071999832987785,0.007840000092983246
full_fp_eager_layer,full_fp,decode,14,fp,mlp,31,63.25376081466675,2.0404438972473145,2.03603196144104,2.04038405418396,2.1109824419021606,2.032576084136963,2.1197760105133057
full_fp_eager_layer,full_fp,decode,14,fp,post_attn_norm,31,0.2269439990632236,0.007320774163329794,0.0072639998979866505,0.007584000006318092,0.00773439989425242,0.007071999832987785,0.00774399982765317
full_fp_eager_layer,full_fp,decode,14,fp,total,31,80.43283176422119,2.5946074762651996,2.5900158882141113,2.5958080291748047,2.665446400642395,2.5866239070892334,2.674720048904419
full_fp_eager_layer,full_fp,decode,15,fp,attention,31,16.580096065998077,0.5348418085805832,0.5346879959106445,0.5359039902687073,0.536873596906662,0.5329599976539612,0.5371519923210144
full_fp_eager_layer,full_fp,decode,15,fp,input_norm,31,0.22758399974554777,0.007341419346630573,0.0072639998979866505,0.007679999805986881,0.007855999702587723,0.007104000076651573,0.007903999648988247
full_fp_eager_layer,full_fp,decode,15,fp,mlp,31,63.2291522026062,2.039650071051813,2.0385279655456543,2.041440010070801,2.0672191619873046,2.034719944000244,2.0776638984680176
full_fp_eager_layer,full_fp,decode,15,fp,post_attn_norm,31,0.20864000031724572,0.006730322590878894,0.006719999946653843,0.006912000011652708,0.007190399942919612,0.0063680000603199005,0.007199999876320362
full_fp_eager_layer,full_fp,decode,15,fp,total,31,80.39539217948914,2.593399747725456,2.5924160480499268,2.5960640907287598,2.620464062690735,2.587615966796875,2.630880117416382
full_fp_eager_layer,full_fp,decode,16,fp,attention,31,16.570719957351685,0.5345393534629576,0.5345919728279114,0.5359359979629517,0.536406409740448,0.5324479937553406,0.536512017250061
full_fp_eager_layer,full_fp,decode,16,fp,input_norm,31,0.2262080004438758,0.00729703227238309,0.00723200011998415,0.007584000006318092,0.007702399976551533,0.007104000076651573,0.007712000049650669
full_fp_eager_layer,full_fp,decode,16,fp,mlp,31,63.2365448474884,2.039888543467368,2.0378880500793457,2.0407679080963135,2.069318413734436,2.0353920459747314,2.0733120441436768
full_fp_eager_layer,full_fp,decode,16,fp,post_attn_norm,31,0.20950400177389383,0.006758193605609478,0.006719999946653843,0.006976000033318996,0.0072703999001532795,0.006560000125318766,0.007327999919652939
full_fp_eager_layer,full_fp,decode,16,fp,total,31,80.38985657691956,2.5932211799006306,2.5914559364318848,2.5939838886260986,2.6221504688262938,2.588223934173584,2.625760078430176
full_fp_eager_layer,full_fp,decode,17,fp,attention,31,16.60591995716095,0.5356748373277725,0.5359039902687073,0.537056028842926,0.5375168204307557,0.5325120091438293,0.5375360250473022
full_fp_eager_layer,full_fp,decode,17,fp,input_norm,31,0.22652799915522337,0.007307354811458818,0.00723200011998415,0.00774399982765317,0.00783040001988411,0.007071999832987785,0.007840000092983246
full_fp_eager_layer,full_fp,decode,17,fp,mlp,31,63.25769639015198,2.040570851295225,2.0363519191741943,2.037856101989746,2.1130688428878783,2.0335679054260254,2.122976064682007
full_fp_eager_layer,full_fp,decode,17,fp,post_attn_norm,31,0.22646399959921837,0.007305290309652206,0.00723200011998415,0.007615999784320593,0.007884799782186747,0.007071999832987785,0.007903999648988247
full_fp_eager_layer,full_fp,decode,17,fp,total,31,80.46544027328491,2.595659363654352,2.591423988342285,2.593280076980591,2.669209599494934,2.5878400802612305,2.679327964782715
full_fp_eager_layer,full_fp,decode,18,fp,attention,31,16.58764809370041,0.5350854223774325,0.535103976726532,0.5362560153007507,0.5368543803691864,0.5332480072975159,0.5368639826774597
full_fp_eager_layer,full_fp,decode,18,fp,input_norm,31,0.22636799979954958,0.0073021935419209545,0.0072639998979866505,0.007519999984651804,0.00773439989425242,0.007104000076651573,0.00774399982765317
full_fp_eager_layer,full_fp,decode,18,fp,mlp,31,63.207103967666626,2.0389388376666653,2.03603196144104,2.03987193107605,2.0901920795440674,2.033535957336426,2.1113600730895996
full_fp_eager_layer,full_fp,decode,18,fp,post_attn_norm,31,0.2081600008532405,0.006714838737201306,0.006719999946653843,0.006783999968320131,0.006902399938553572,0.006591999903321266,0.006912000011652708
full_fp_eager_layer,full_fp,decode,18,fp,total,31,80.37737560272217,2.5928185678297475,2.5903360843658447,2.594496011734009,2.6440671920776366,2.5867199897766113,2.664639949798584
full_fp_eager_layer,full_fp,decode,19,fp,attention,31,16.590816020965576,0.5351876135795347,0.5352960228919983,0.5365440249443054,0.5368863880634308,0.5331199765205383,0.5368959903717041
full_fp_eager_layer,full_fp,decode,19,fp,input_norm,31,0.22735999943688512,0.007334193530222101,0.0072639998979866505,0.007712000049650669,0.0077760000713169575,0.007104000076651573,0.0077760000713169575
full_fp_eager_layer,full_fp,decode,19,fp,mlp,31,63.26150465011597,2.0406936983908377,2.040127992630005,2.0421760082244873,2.057462453842163,2.0374081134796143,2.063904047012329
full_fp_eager_layer,full_fp,decode,19,fp,post_attn_norm,31,0.20883200131356716,0.006736516171405392,0.006688000168651342,0.00687999976798892,0.007171199936419725,0.006560000125318766,0.007199999876320362
full_fp_eager_layer,full_fp,decode,19,fp,total,31,80.43712043762207,2.5947458205684537,2.5937600135803223,2.5968000888824463,2.6125248670578003,2.5904319286346436,2.61897611618042
full_fp_eager_layer,full_fp,decode,20,fp,attention,31,16.638624012470245,0.5367298068538788,0.5366399884223938,0.5376319885253906,0.5385983943939209,0.5349760055541992,0.5388479828834534
full_fp_eager_layer,full_fp,decode,20,fp,input_norm,31,0.2281599990092218,0.007359999968039412,0.0072639998979866505,0.007648000027984381,0.007788799842819572,0.007071999832987785,0.007807999849319458
full_fp_eager_layer,full_fp,decode,20,fp,mlp,31,63.23068809509277,2.0396996159707346,2.0381760597229004,2.040287971496582,2.0761856555938722,2.034463882446289,2.0906240940093994
full_fp_eager_layer,full_fp,decode,20,fp,post_attn_norm,31,0.20857599982991815,0.006728258059029618,0.006719999946653843,0.006912000011652708,0.007187199871987104,0.0063680000603199005,0.0072639998979866505
full_fp_eager_layer,full_fp,decode,20,fp,total,31,80.4533109664917,2.5952680956932808,2.5938880443573,2.596895933151245,2.630351948738098,2.5890560150146484,2.6445119380950928
full_fp_eager_layer,full_fp,decode,21,fp,attention,31,16.5906879901886,0.5351834835544709,0.5353919863700867,0.5364800095558167,0.5372128009796142,0.5315520167350769,0.5374720096588135
full_fp_eager_layer,full_fp,decode,21,fp,input_norm,31,0.22566399862989783,0.007279483826770898,0.00723200011998415,0.007584000006318092,0.007756800064817071,0.007071999832987785,0.0077760000713169575
full_fp_eager_layer,full_fp,decode,21,fp,mlp,31,63.10579180717468,2.0356707034572477,2.035583972930908,2.037856101989746,2.039193534851074,2.0314879417419434,2.0397119522094727
full_fp_eager_layer,full_fp,decode,21,fp,post_attn_norm,31,0.20985599933192134,0.00676954836554585,0.006719999946653843,0.006976000033318996,0.007139200018718839,0.006560000125318766,0.0071680000983178616
full_fp_eager_layer,full_fp,decode,21,fp,total,31,80.28128027915955,2.589718718682566,2.589951992034912,2.5925440788269043,2.5936736345291136,2.5852479934692383,2.5938560962677
full_fp_eager_layer,full_fp,decode,22,fp,attention,31,16.552224040031433,0.5339427109687559,0.5339840054512024,0.5346879959106445,0.5353119850158692,0.5319039821624756,0.5353599786758423
full_fp_eager_layer,full_fp,decode,22,fp,input_norm,31,0.2269759993068874,0.007321806429254432,0.0072639998979866505,0.007648000027984381,0.0077760000713169575,0.007071999832987785,0.0077760000713169575
full_fp_eager_layer,full_fp,decode,22,fp,mlp,31,63.073856592178345,2.0346405352315595,2.0347840785980225,2.036992073059082,2.038806343078613,2.0284481048583984,2.0390079021453857
full_fp_eager_layer,full_fp,decode,22,fp,post_attn_norm,31,0.21196800097823143,0.006837677450910691,0.006752000190317631,0.007199999876320362,0.00735040009021759,0.006591999903321266,0.007360000163316727
full_fp_eager_layer,full_fp,decode,22,fp,total,31,80.21411180496216,2.587551993708457,2.5876479148864746,2.5902719497680664,2.5925184011459352,2.5825281143188477,2.5927679538726807
full_fp_eager_layer,full_fp,decode,23,fp,attention,31,16.610015988349915,0.5358069673661263,0.5357440114021301,0.5370879769325256,0.5383328080177308,0.5335360169410706,0.5386880040168762
full_fp_eager_layer,full_fp,decode,23,fp,input_norm,31,0.22534399991855025,0.0072691612876951694,0.00723200011998415,0.007712000049650669,0.00782080008648336,0.006943999789655209,0.007840000092983246
full_fp_eager_layer,full_fp,decode,23,fp,mlp,31,63.23590397834778,2.039867870269283,2.0398080348968506,2.0422720909118652,2.043516826629639,2.035871982574463,2.043776035308838
full_fp_eager_layer,full_fp,decode,23,fp,post_attn_norm,31,0.21004800032824278,0.006775741946072348,0.006719999946653843,0.007135999854654074,0.007190399942919612,0.006496000103652477,0.007199999876320362
full_fp_eager_layer,full_fp,decode,23,fp,total,31,80.43100762367249,2.594548633021693,2.5950400829315186,2.5970559120178223,2.598633599281311,2.588063955307007,2.5992000102996826
full_fp_eager_layer,full_fp,decode,24,fp,attention,31,16.59081596136093,0.5351876116568043,0.5353919863700867,0.5368959903717041,0.5373407959938049,0.5331199765205383,0.5374079942703247
full_fp_eager_layer,full_fp,decode,24,fp,input_norm,31,0.22537599969655275,0.007270193538598476,0.00723200011998415,0.007391999941319227,0.007907199952751399,0.007040000054985285,0.007935999892652035
full_fp_eager_layer,full_fp,decode,24,fp,mlp,31,63.26188826560974,2.040706073084185,2.0354559421539307,2.0380160808563232,2.1145472049713137,2.0329599380493164,2.1146240234375
full_fp_eager_layer,full_fp,decode,24,fp,post_attn_norm,31,0.208576001226902,0.006728258104093613,0.006719999946653843,0.00684799998998642,0.007129600085318088,0.0063680000603199005,0.0071680000983178616
full_fp_eager_layer,full_fp,decode,24,fp,total,31,80.43519997596741,2.594683870192497,2.589632034301758,2.5921919345855713,2.6683744192123413,2.5857601165771484,2.6688640117645264
full_fp_eager_layer,full_fp,decode,25,fp,attention,31,16.588895857334137,0.5351256728172302,0.5352320075035095,0.5362240076065063,0.5365759909152985,0.5328959822654724,0.5366719961166382
full_fp_eager_layer,full_fp,decode,25,fp,input_norm,31,0.2239679996855557,0.007224774183405023,0.00723200011998415,0.007296000141650438,0.007587199844419956,0.007007999811321497,0.007615999784320593
full_fp_eager_layer,full_fp,decode,25,fp,mlp,31,63.03711986541748,2.033455479529596,2.0332159996032715,2.0355520248413086,2.037331199645996,2.030816078186035,2.0377919673919678
full_fp_eager_layer,full_fp,decode,25,fp,post_attn_norm,31,0.20870400127023458,0.006732387137749503,0.006719999946653843,0.006816000211983919,0.007302399910986423,0.006560000125318766,0.007455999962985516
full_fp_eager_layer,full_fp,decode,25,fp,total,31,80.20630407333374,2.5873001313978627,2.58735990524292,2.5891520977020264,2.5905184507369996,2.5846400260925293,2.5906240940093994
full_fp_eager_layer,full_fp,decode,26,fp,attention,31,16.600831925868988,0.5355107072860964,0.5358080267906189,0.5368639826774597,0.5378431975841522,0.5333759784698486,0.5379199981689453
full_fp_eager_layer,full_fp,decode,26,fp,input_norm,31,0.22483200021088123,0.007252645168092943,0.00723200011998415,0.007360000163316727,0.007638399861752986,0.007104000076651573,0.00774399982765317
full_fp_eager_layer,full_fp,decode,26,fp,mlp,31,63.010112285614014,2.0325842672778713,2.0328640937805176,2.0347840785980225,2.0352256059646607,2.028831958770752,2.035264015197754
full_fp_eager_layer,full_fp,decode,26,fp,post_attn_norm,31,0.2080000014975667,0.006709677467663442,0.006719999946653843,0.006783999968320131,0.006816000211983919,0.006560000125318766,0.006816000211983919
full_fp_eager_layer,full_fp,decode,26,fp,total,31,80.1910400390625,2.5868077431955645,2.586944103240967,2.589087963104248,2.590291213989258,2.58134388923645,2.5903680324554443
full_fp_eager_layer,full_fp,decode,27,fp,attention,31,16.54835194349289,0.5338178046288029,0.5337920188903809,0.5350720286369324,0.5353888034820556,0.5318719744682312,0.5354560017585754
full_fp_eager_layer,full_fp,decode,27,fp,input_norm,31,0.22598400013521314,0.007289806455974618,0.00723200011998415,0.007615999784320593,0.007843200257048011,0.007071999832987785,0.007872000336647034
full_fp_eager_layer,full_fp,decode,27,fp,mlp,31,63.01980710029602,2.0328970032353557,2.032576084136963,2.0356481075286865,2.035971188545227,2.0279359817504883,2.0360000133514404
full_fp_eager_layer,full_fp,decode,27,fp,post_attn_norm,31,0.2252159989438951,0.007265032223996616,0.007199999876320362,0.007455999962985516,0.007702399976551533,0.007104000076651573,0.007712000049650669
full_fp_eager_layer,full_fp,decode,27,fp,total,31,80.16841650009155,2.5860779516158567,2.5858240127563477,2.5891520977020264,2.58971529006958,2.5812160968780518,2.589888095855713
full_fp_eager_layer,full_fp,decode,28,fp,attention,31,16.535104036331177,0.5333904527848766,0.5331839919090271,0.5350720286369324,0.5356352210044861,0.5317440032958984,0.5358080267906189
full_fp_eager_layer,full_fp,decode,28,fp,input_norm,31,0.22588799940422177,0.007286709658200702,0.00723200011998415,0.007679999805986881,0.007855999702587723,0.007040000054985285,0.007903999648988247
full_fp_eager_layer,full_fp,decode,28,fp,mlp,31,63.05139183998108,2.033915865805841,2.033600091934204,2.0365118980407715,2.037190318107605,2.031424045562744,2.037247896194458
full_fp_eager_layer,full_fp,decode,28,fp,post_attn_norm,31,0.20841600093990564,0.006723096804513085,0.006719999946653843,0.006783999968320131,0.007087999908253551,0.006591999903321266,0.007135999854654074
full_fp_eager_layer,full_fp,decode,28,fp,total,31,80.16886353492737,2.586092372094431,2.5860800743103027,2.5886080265045166,2.59018874168396,2.582943916320801,2.590303897857666
full_fp_eager_layer,full_fp,decode,29,fp,attention,31,16.586623966693878,0.5350523860223831,0.5350720286369324,0.5362240076065063,0.537145608663559,0.5332159996032715,0.5372800230979919
full_fp_eager_layer,full_fp,decode,29,fp,input_norm,31,0.22476799879223108,0.007250580606201003,0.00723200011998415,0.007327999919652939,0.007737600058317184,0.007104000076651573,0.0077760000713169575
full_fp_eager_layer,full_fp,decode,29,fp,mlp,31,63.05952000617981,2.0341780647154777,2.033951997756958,2.0359039306640625,2.0391231775283813,2.0305280685424805,2.039680004119873
full_fp_eager_layer,full_fp,decode,29,fp,post_attn_norm,31,0.20947200153023005,0.00675716133968484,0.006719999946653843,0.00684799998998642,0.007302400143817067,0.006527999881654978,0.007360000163316727
full_fp_eager_layer,full_fp,decode,29,fp,total,31,80.22870373725891,2.5880227012019,2.5879039764404297,2.5902719497680664,2.5936320304870604,2.5839359760284424,2.594304084777832
full_fp_eager_layer,full_fp,decode,30,fp,attention,31,16.590975880622864,0.535192770342673,0.535103976726532,0.5362560153007507,0.5371007978916168,0.5339840054512024,0.53711998462677
full_fp_eager_layer,full_fp,decode,30,fp,input_norm,31,0.2266880003735423,0.00731251614108201,0.00723200011998415,0.007615999784320593,0.007801600079983473,0.007071999832987785,0.007840000092983246
full_fp_eager_layer,full_fp,decode,30,fp,mlp,31,63.038527727127075,2.033500894423454,2.0334720611572266,2.0354559421539307,2.0364831686019897,2.029536008834839,2.0366079807281494
full_fp_eager_layer,full_fp,decode,30,fp,post_attn_norm,31,0.2091520014218986,0.006746838755545116,0.006719999946653843,0.006943999789655209,0.007139200018718839,0.006527999881654978,0.0071680000983178616
full_fp_eager_layer,full_fp,decode,30,fp,total,31,80.21555209159851,2.587598454567694,2.5873920917510986,2.589600086212158,2.59139199256897,2.5840001106262207,2.5915839672088623
full_fp_eager_layer,full_fp,decode,31,fp,attention,31,16.59801608324051,0.5354198736529197,0.5352960228919983,0.536575973033905,0.5378783822059632,0.5330880284309387,0.5380799770355225
full_fp_eager_layer,full_fp,decode,31,fp,input_norm,31,0.21008000010624528,0.006776774196975654,0.006719999946653843,0.007040000054985285,0.007260799966752529,0.006591999903321266,0.007327999919652939
full_fp_eager_layer,full_fp,decode,31,fp,mlp,31,63.018879652023315,2.0328670855491393,2.032896041870117,2.034111976623535,2.034876823425293,2.030240058898926,2.0349440574645996
full_fp_eager_layer,full_fp,decode,31,fp,post_attn_norm,31,0.2088320003822446,0.0067365161413627285,0.006719999946653843,0.00687999976798892,0.007161599863320589,0.006591999903321266,0.007199999876320362
full_fp_eager_layer,full_fp,decode,31,fp,total,31,80.18524718284607,2.5866208768660024,2.5867838859558105,2.5885438919067383,2.590128040313721,2.58351993560791,2.5901761054992676
full_fp_eager_layer,full_fp,decode,32,fp,attention,31,16.596416115760803,0.5353682617987355,0.5355520248413086,0.5361599922180176,0.536483210325241,0.5329920053482056,0.536512017250061
full_fp_eager_layer,full_fp,decode,32,fp,input_norm,31,0.20899200160056353,0.00674167747098592,0.006752000190317631,0.00684799998998642,0.007020800048485399,0.006591999903321266,0.007040000054985285
full_fp_eager_layer,full_fp,decode,32,fp,mlp,31,63.09660768508911,2.0353744414544876,2.035167932510376,2.038271903991699,2.03908793926239,2.0310399532318115,2.0391359329223633
full_fp_eager_layer,full_fp,decode,32,fp,post_attn_norm,31,0.20902400091290474,0.0067427097068678945,0.006719999946653843,0.00687999976798892,0.007180799869820476,0.006463999859988689,0.007199999876320362
full_fp_eager_layer,full_fp,decode,32,fp,total,31,80.25900793075562,2.5890002558308263,2.5887999534606934,2.5917439460754395,2.593174386024475,2.584223985671997,2.5934720039367676
full_fp_eager_layer,full_fp,prefill,1,fp,attention,1,1.2356480360031128,1.2356480360031128,1.2356480360031128,1.2356480360031128,1.2356480360031128,1.2356480360031128,1.2356480360031128
full_fp_eager_layer,full_fp,prefill,1,fp,input_norm,1,0.21350400149822235,0.21350400149822235,0.21350400149822235,0.21350400149822235,0.21350400149822235,0.21350400149822235,0.21350400149822235
full_fp_eager_layer,full_fp,prefill,1,fp,mlp,1,2.6859519481658936,2.6859519481658936,2.6859519481658936,2.6859519481658936,2.6859519481658936,2.6859519481658936,2.6859519481658936
full_fp_eager_layer,full_fp,prefill,1,fp,post_attn_norm,1,0.019200000911951065,0.019200000911951065,0.019200000911951065,0.019200000911951065,0.019200000911951065,0.019200000911951065,0.019200000911951065
full_fp_eager_layer,full_fp,prefill,1,fp,total,1,4.319488048553467,4.319488048553467,4.319488048553467,4.319488048553467,4.319488048553467,4.319488048553467,4.319488048553467
full_fp_eager_layer,full_fp,prefill,2,fp,attention,1,0.6327040195465088,0.6327040195465088,0.6327040195465088,0.6327040195465088,0.6327040195465088,0.6327040195465088,0.6327040195465088
full_fp_eager_layer,full_fp,prefill,2,fp,input_norm,1,0.023423999547958374,0.023423999547958374,0.023423999547958374,0.023423999547958374,0.023423999547958374,0.023423999547958374,0.023423999547958374
full_fp_eager_layer,full_fp,prefill,2,fp,mlp,1,2.5807039737701416,2.5807039737701416,2.5807039737701416,2.5807039737701416,2.5807039737701416,2.5807039737701416,2.5807039737701416
full_fp_eager_layer,full_fp,prefill,2,fp,post_attn_norm,1,0.01897599920630455,0.01897599920630455,0.01897599920630455,0.01897599920630455,0.01897599920630455,0.01897599920630455,0.01897599920630455
full_fp_eager_layer,full_fp,prefill,2,fp,total,1,3.261280059814453,3.261280059814453,3.261280059814453,3.261280059814453,3.261280059814453,3.261280059814453,3.261280059814453
full_fp_eager_layer,full_fp,prefill,3,fp,attention,1,0.6387839913368225,0.6387839913368225,0.6387839913368225,0.6387839913368225,0.6387839913368225,0.6387839913368225,0.6387839913368225
full_fp_eager_layer,full_fp,prefill,3,fp,input_norm,1,0.02304000034928322,0.02304000034928322,0.02304000034928322,0.02304000034928322,0.02304000034928322,0.02304000034928322,0.02304000034928322
full_fp_eager_layer,full_fp,prefill,3,fp,mlp,1,2.601408004760742,2.601408004760742,2.601408004760742,2.601408004760742,2.601408004760742,2.601408004760742,2.601408004760742
full_fp_eager_layer,full_fp,prefill,3,fp,post_attn_norm,1,0.0197759997099638,0.0197759997099638,0.0197759997099638,0.0197759997099638,0.0197759997099638,0.0197759997099638,0.0197759997099638
full_fp_eager_layer,full_fp,prefill,3,fp,total,1,3.2880959510803223,3.2880959510803223,3.2880959510803223,3.2880959510803223,3.2880959510803223,3.2880959510803223,3.2880959510803223
full_fp_eager_layer,full_fp,prefill,4,fp,attention,1,0.6348479986190796,0.6348479986190796,0.6348479986190796,0.6348479986190796,0.6348479986190796,0.6348479986190796,0.6348479986190796
full_fp_eager_layer,full_fp,prefill,4,fp,input_norm,1,0.023391999304294586,0.023391999304294586,0.023391999304294586,0.023391999304294586,0.023391999304294586,0.023391999304294586,0.023391999304294586
full_fp_eager_layer,full_fp,prefill,4,fp,mlp,1,2.6080000400543213,2.6080000400543213,2.6080000400543213,2.6080000400543213,2.6080000400543213,2.6080000400543213,2.6080000400543213
full_fp_eager_layer,full_fp,prefill,4,fp,post_attn_norm,1,0.02006400004029274,0.02006400004029274,0.02006400004029274,0.02006400004029274,0.02006400004029274,0.02006400004029274,0.02006400004029274
full_fp_eager_layer,full_fp,prefill,4,fp,total,1,3.2917120456695557,3.2917120456695557,3.2917120456695557,3.2917120456695557,3.2917120456695557,3.2917120456695557,3.2917120456695557
full_fp_eager_layer,full_fp,prefill,5,fp,attention,1,0.6344640254974365,0.6344640254974365,0.6344640254974365,0.6344640254974365,0.6344640254974365,0.6344640254974365,0.6344640254974365
full_fp_eager_layer,full_fp,prefill,5,fp,input_norm,1,0.022943999618291855,0.022943999618291855,0.022943999618291855,0.022943999618291855,0.022943999618291855,0.022943999618291855,0.022943999618291855
full_fp_eager_layer,full_fp,prefill,5,fp,mlp,1,2.5959999561309814,2.5959999561309814,2.5959999561309814,2.5959999561309814,2.5959999561309814,2.5959999561309814,2.5959999561309814
full_fp_eager_layer,full_fp,prefill,5,fp,post_attn_norm,1,0.01945599913597107,0.01945599913597107,0.01945599913597107,0.01945599913597107,0.01945599913597107,0.01945599913597107,0.01945599913597107
full_fp_eager_layer,full_fp,prefill,5,fp,total,1,3.2780160903930664,3.2780160903930664,3.2780160903930664,3.2780160903930664,3.2780160903930664,3.2780160903930664,3.2780160903930664
full_fp_eager_layer,full_fp,prefill,6,fp,attention,1,0.6362239718437195,0.6362239718437195,0.6362239718437195,0.6362239718437195,0.6362239718437195,0.6362239718437195,0.6362239718437195
full_fp_eager_layer,full_fp,prefill,6,fp,input_norm,1,0.023104000836610794,0.023104000836610794,0.023104000836610794,0.023104000836610794,0.023104000836610794,0.023104000836610794,0.023104000836610794
full_fp_eager_layer,full_fp,prefill,6,fp,mlp,1,2.587167978286743,2.587167978286743,2.587167978286743,2.587167978286743,2.587167978286743,2.587167978286743,2.587167978286743
full_fp_eager_layer,full_fp,prefill,6,fp,post_attn_norm,1,0.01929599978029728,0.01929599978029728,0.01929599978029728,0.01929599978029728,0.01929599978029728,0.01929599978029728,0.01929599978029728
full_fp_eager_layer,full_fp,prefill,6,fp,total,1,3.270751953125,3.270751953125,3.270751953125,3.270751953125,3.270751953125,3.270751953125,3.270751953125
full_fp_eager_layer,full_fp,prefill,7,fp,attention,1,0.635807991027832,0.635807991027832,0.635807991027832,0.635807991027832,0.635807991027832,0.635807991027832,0.635807991027832
full_fp_eager_layer,full_fp,prefill,7,fp,input_norm,1,0.02319999970495701,0.02319999970495701,0.02319999970495701,0.02319999970495701,0.02319999970495701,0.02319999970495701,0.02319999970495701
full_fp_eager_layer,full_fp,prefill,7,fp,mlp,1,2.5834240913391113,2.5834240913391113,2.5834240913391113,2.5834240913391113,2.5834240913391113,2.5834240913391113,2.5834240913391113
full_fp_eager_layer,full_fp,prefill,7,fp,post_attn_norm,1,0.020160000771284103,0.020160000771284103,0.020160000771284103,0.020160000771284103,0.020160000771284103,0.020160000771284103,0.020160000771284103
full_fp_eager_layer,full_fp,prefill,7,fp,total,1,3.2674241065979004,3.2674241065979004,3.2674241065979004,3.2674241065979004,3.2674241065979004,3.2674241065979004,3.2674241065979004
full_fp_eager_layer,full_fp,prefill,8,fp,attention,1,0.6333119869232178,0.6333119869232178,0.6333119869232178,0.6333119869232178,0.6333119869232178,0.6333119869232178,0.6333119869232178
full_fp_eager_layer,full_fp,prefill,8,fp,input_norm,1,0.022911999374628067,0.022911999374628067,0.022911999374628067,0.022911999374628067,0.022911999374628067,0.022911999374628067,0.022911999374628067
full_fp_eager_layer,full_fp,prefill,8,fp,mlp,1,2.601408004760742,2.601408004760742,2.601408004760742,2.601408004760742,2.601408004760742,2.601408004760742,2.601408004760742
full_fp_eager_layer,full_fp,prefill,8,fp,post_attn_norm,1,0.019392000511288643,0.019392000511288643,0.019392000511288643,0.019392000511288643,0.019392000511288643,0.019392000511288643,0.019392000511288643
full_fp_eager_layer,full_fp,prefill,8,fp,total,1,3.2818241119384766,3.2818241119384766,3.2818241119384766,3.2818241119384766,3.2818241119384766,3.2818241119384766,3.2818241119384766
full_fp_eager_layer,full_fp,prefill,9,fp,attention,1,0.6371840238571167,0.6371840238571167,0.6371840238571167,0.6371840238571167,0.6371840238571167,0.6371840238571167,0.6371840238571167
full_fp_eager_layer,full_fp,prefill,9,fp,input_norm,1,0.022816000506281853,0.022816000506281853,0.022816000506281853,0.022816000506281853,0.022816000506281853,0.022816000506281853,0.022816000506281853
full_fp_eager_layer,full_fp,prefill,9,fp,mlp,1,2.600192070007324,2.600192070007324,2.600192070007324,2.600192070007324,2.600192070007324,2.600192070007324,2.600192070007324
full_fp_eager_layer,full_fp,prefill,9,fp,post_attn_norm,1,0.020160000771284103,0.020160000771284103,0.020160000771284103,0.020160000771284103,0.020160000771284103,0.020160000771284103,0.020160000771284103
full_fp_eager_layer,full_fp,prefill,9,fp,total,1,3.2852799892425537,3.2852799892425537,3.2852799892425537,3.2852799892425537,3.2852799892425537,3.2852799892425537,3.2852799892425537
full_fp_eager_layer,full_fp,prefill,10,fp,attention,1,0.633247971534729,0.633247971534729,0.633247971534729,0.633247971534729,0.633247971534729,0.633247971534729,0.633247971534729
full_fp_eager_layer,full_fp,prefill,10,fp,input_norm,1,0.02304000034928322,0.02304000034928322,0.02304000034928322,0.02304000034928322,0.02304000034928322,0.02304000034928322,0.02304000034928322
full_fp_eager_layer,full_fp,prefill,10,fp,mlp,1,2.5907840728759766,2.5907840728759766,2.5907840728759766,2.5907840728759766,2.5907840728759766,2.5907840728759766,2.5907840728759766
full_fp_eager_layer,full_fp,prefill,10,fp,post_attn_norm,1,0.019680000841617584,0.019680000841617584,0.019680000841617584,0.019680000841617584,0.019680000841617584,0.019680000841617584,0.019680000841617584
full_fp_eager_layer,full_fp,prefill,10,fp,total,1,3.2716479301452637,3.2716479301452637,3.2716479301452637,3.2716479301452637,3.2716479301452637,3.2716479301452637,3.2716479301452637
full_fp_eager_layer,full_fp,prefill,11,fp,attention,1,0.6409919857978821,0.6409919857978821,0.6409919857978821,0.6409919857978821,0.6409919857978821,0.6409919857978821,0.6409919857978821
full_fp_eager_layer,full_fp,prefill,11,fp,input_norm,1,0.02271999977529049,0.02271999977529049,0.02271999977529049,0.02271999977529049,0.02271999977529049,0.02271999977529049,0.02271999977529049
full_fp_eager_layer,full_fp,prefill,11,fp,mlp,1,2.582047939300537,2.582047939300537,2.582047939300537,2.582047939300537,2.582047939300537,2.582047939300537,2.582047939300537
full_fp_eager_layer,full_fp,prefill,11,fp,post_attn_norm,1,0.01974399946630001,0.01974399946630001,0.01974399946630001,0.01974399946630001,0.01974399946630001,0.01974399946630001,0.01974399946630001
full_fp_eager_layer,full_fp,prefill,11,fp,total,1,3.2702720165252686,3.2702720165252686,3.2702720165252686,3.2702720165252686,3.2702720165252686,3.2702720165252686,3.2702720165252686
full_fp_eager_layer,full_fp,prefill,12,fp,attention,1,0.6364480257034302,0.6364480257034302,0.6364480257034302,0.6364480257034302,0.6364480257034302,0.6364480257034302,0.6364480257034302
full_fp_eager_layer,full_fp,prefill,12,fp,input_norm,1,0.02319999970495701,0.02319999970495701,0.02319999970495701,0.02319999970495701,0.02319999970495701,0.02319999970495701,0.02319999970495701
full_fp_eager_layer,full_fp,prefill,12,fp,mlp,1,2.6066880226135254,2.6066880226135254,2.6066880226135254,2.6066880226135254,2.6066880226135254,2.6066880226135254,2.6066880226135254
full_fp_eager_layer,full_fp,prefill,12,fp,post_attn_norm,1,0.019328000023961067,0.019328000023961067,0.019328000023961067,0.019328000023961067,0.019328000023961067,0.019328000023961067,0.019328000023961067
full_fp_eager_layer,full_fp,prefill,12,fp,total,1,3.290463924407959,3.290463924407959,3.290463924407959,3.290463924407959,3.290463924407959,3.290463924407959,3.290463924407959
full_fp_eager_layer,full_fp,prefill,13,fp,attention,1,0.6343680024147034,0.6343680024147034,0.6343680024147034,0.6343680024147034,0.6343680024147034,0.6343680024147034,0.6343680024147034
full_fp_eager_layer,full_fp,prefill,13,fp,input_norm,1,0.023231999948620796,0.023231999948620796,0.023231999948620796,0.023231999948620796,0.023231999948620796,0.023231999948620796,0.023231999948620796
full_fp_eager_layer,full_fp,prefill,13,fp,mlp,1,2.591775894165039,2.591775894165039,2.591775894165039,2.591775894165039,2.591775894165039,2.591775894165039,2.591775894165039
full_fp_eager_layer,full_fp,prefill,13,fp,post_attn_norm,1,0.02006400004029274,0.02006400004029274,0.02006400004029274,0.02006400004029274,0.02006400004029274,0.02006400004029274,0.02006400004029274
full_fp_eager_layer,full_fp,prefill,13,fp,total,1,3.2744319438934326,3.2744319438934326,3.2744319438934326,3.2744319438934326,3.2744319438934326,3.2744319438934326,3.2744319438934326
full_fp_eager_layer,full_fp,prefill,14,fp,attention,1,0.6373440027236938,0.6373440027236938,0.6373440027236938,0.6373440027236938,0.6373440027236938,0.6373440027236938,0.6373440027236938
full_fp_eager_layer,full_fp,prefill,14,fp,input_norm,1,0.023423999547958374,0.023423999547958374,0.023423999547958374,0.023423999547958374,0.023423999547958374,0.023423999547958374,0.023423999547958374
full_fp_eager_layer,full_fp,prefill,14,fp,mlp,1,2.579040050506592,2.579040050506592,2.579040050506592,2.579040050506592,2.579040050506592,2.579040050506592,2.579040050506592
full_fp_eager_layer,full_fp,prefill,14,fp,post_attn_norm,1,0.02070399932563305,0.02070399932563305,0.02070399932563305,0.02070399932563305,0.02070399932563305,0.02070399932563305,0.02070399932563305
full_fp_eager_layer,full_fp,prefill,14,fp,total,1,3.265216112136841,3.265216112136841,3.265216112136841,3.265216112136841,3.265216112136841,3.265216112136841,3.265216112136841
full_fp_eager_layer,full_fp,prefill,15,fp,attention,1,0.6388800144195557,0.6388800144195557,0.6388800144195557,0.6388800144195557,0.6388800144195557,0.6388800144195557,0.6388800144195557
full_fp_eager_layer,full_fp,prefill,15,fp,input_norm,1,0.023104000836610794,0.023104000836610794,0.023104000836610794,0.023104000836610794,0.023104000836610794,0.023104000836610794,0.023104000836610794
full_fp_eager_layer,full_fp,prefill,15,fp,mlp,1,2.6024320125579834,2.6024320125579834,2.6024320125579834,2.6024320125579834,2.6024320125579834,2.6024320125579834,2.6024320125579834
full_fp_eager_layer,full_fp,prefill,15,fp,post_attn_norm,1,0.019872000440955162,0.019872000440955162,0.019872000440955162,0.019872000440955162,0.019872000440955162,0.019872000440955162,0.019872000440955162
full_fp_eager_layer,full_fp,prefill,15,fp,total,1,3.2893760204315186,3.2893760204315186,3.2893760204315186,3.2893760204315186,3.2893760204315186,3.2893760204315186,3.2893760204315186
full_fp_eager_layer,full_fp,prefill,16,fp,attention,1,0.6366080045700073,0.6366080045700073,0.6366080045700073,0.6366080045700073,0.6366080045700073,0.6366080045700073,0.6366080045700073
full_fp_eager_layer,full_fp,prefill,16,fp,input_norm,1,0.02300800010561943,0.02300800010561943,0.02300800010561943,0.02300800010561943,0.02300800010561943,0.02300800010561943,0.02300800010561943
full_fp_eager_layer,full_fp,prefill,16,fp,mlp,1,2.5872960090637207,2.5872960090637207,2.5872960090637207,2.5872960090637207,2.5872960090637207,2.5872960090637207,2.5872960090637207
full_fp_eager_layer,full_fp,prefill,16,fp,post_attn_norm,1,0.019967999309301376,0.019967999309301376,0.019967999309301376,0.019967999309301376,0.019967999309301376,0.019967999309301376,0.019967999309301376
full_fp_eager_layer,full_fp,prefill,16,fp,total,1,3.271359920501709,3.271359920501709,3.271359920501709,3.271359920501709,3.271359920501709,3.271359920501709,3.271359920501709
full_fp_eager_layer,full_fp,prefill,17,fp,attention,1,0.6383039951324463,0.6383039951324463,0.6383039951324463,0.6383039951324463,0.6383039951324463,0.6383039951324463,0.6383039951324463
full_fp_eager_layer,full_fp,prefill,17,fp,input_norm,1,0.023296000435948372,0.023296000435948372,0.023296000435948372,0.023296000435948372,0.023296000435948372,0.023296000435948372,0.023296000435948372
full_fp_eager_layer,full_fp,prefill,17,fp,mlp,1,2.5937280654907227,2.5937280654907227,2.5937280654907227,2.5937280654907227,2.5937280654907227,2.5937280654907227,2.5937280654907227
full_fp_eager_layer,full_fp,prefill,17,fp,post_attn_norm,1,0.02051199972629547,0.02051199972629547,0.02051199972629547,0.02051199972629547,0.02051199972629547,0.02051199972629547,0.02051199972629547
full_fp_eager_layer,full_fp,prefill,17,fp,total,1,3.2806079387664795,3.2806079387664795,3.2806079387664795,3.2806079387664795,3.2806079387664795,3.2806079387664795,3.2806079387664795
full_fp_eager_layer,full_fp,prefill,18,fp,attention,1,0.6334400177001953,0.6334400177001953,0.6334400177001953,0.6334400177001953,0.6334400177001953,0.6334400177001953,0.6334400177001953
full_fp_eager_layer,full_fp,prefill,18,fp,input_norm,1,0.02300800010561943,0.02300800010561943,0.02300800010561943,0.02300800010561943,0.02300800010561943,0.02300800010561943,0.02300800010561943
full_fp_eager_layer,full_fp,prefill,18,fp,mlp,1,2.5999999046325684,2.5999999046325684,2.5999999046325684,2.5999999046325684,2.5999999046325684,2.5999999046325684,2.5999999046325684
full_fp_eager_layer,full_fp,prefill,18,fp,post_attn_norm,1,0.01926399953663349,0.01926399953663349,0.01926399953663349,0.01926399953663349,0.01926399953663349,0.01926399953663349,0.01926399953663349
full_fp_eager_layer,full_fp,prefill,18,fp,total,1,3.28057599067688,3.28057599067688,3.28057599067688,3.28057599067688,3.28057599067688,3.28057599067688,3.28057599067688
full_fp_eager_layer,full_fp,prefill,19,fp,attention,1,0.6368640065193176,0.6368640065193176,0.6368640065193176,0.6368640065193176,0.6368640065193176,0.6368640065193176,0.6368640065193176
full_fp_eager_layer,full_fp,prefill,19,fp,input_norm,1,0.0226879995316267,0.0226879995316267,0.0226879995316267,0.0226879995316267,0.0226879995316267,0.0226879995316267,0.0226879995316267
full_fp_eager_layer,full_fp,prefill,19,fp,mlp,1,2.58953595161438,2.58953595161438,2.58953595161438,2.58953595161438,2.58953595161438,2.58953595161438,2.58953595161438
full_fp_eager_layer,full_fp,prefill,19,fp,post_attn_norm,1,0.020096000283956528,0.020096000283956528,0.020096000283956528,0.020096000283956528,0.020096000283956528,0.020096000283956528,0.020096000283956528
full_fp_eager_layer,full_fp,prefill,19,fp,total,1,3.274303913116455,3.274303913116455,3.274303913116455,3.274303913116455,3.274303913116455,3.274303913116455,3.274303913116455
full_fp_eager_layer,full_fp,prefill,20,fp,attention,1,0.6347519755363464,0.6347519755363464,0.6347519755363464,0.6347519755363464,0.6347519755363464,0.6347519755363464,0.6347519755363464
full_fp_eager_layer,full_fp,prefill,20,fp,input_norm,1,0.02319999970495701,0.02319999970495701,0.02319999970495701,0.02319999970495701,0.02319999970495701,0.02319999970495701,0.02319999970495701
full_fp_eager_layer,full_fp,prefill,20,fp,mlp,1,2.600543975830078,2.600543975830078,2.600543975830078,2.600543975830078,2.600543975830078,2.600543975830078,2.600543975830078
full_fp_eager_layer,full_fp,prefill,20,fp,post_attn_norm,1,0.019360000267624855,0.019360000267624855,0.019360000267624855,0.019360000267624855,0.019360000267624855,0.019360000267624855,0.019360000267624855
full_fp_eager_layer,full_fp,prefill,20,fp,total,1,3.282464027404785,3.282464027404785,3.282464027404785,3.282464027404785,3.282464027404785,3.282464027404785,3.282464027404785
full_fp_eager_layer,full_fp,prefill,21,fp,attention,1,0.6366080045700073,0.6366080045700073,0.6366080045700073,0.6366080045700073,0.6366080045700073,0.6366080045700073,0.6366080045700073
full_fp_eager_layer,full_fp,prefill,21,fp,input_norm,1,0.022463999688625336,0.022463999688625336,0.022463999688625336,0.022463999688625336,0.022463999688625336,0.022463999688625336,0.022463999688625336
full_fp_eager_layer,full_fp,prefill,21,fp,mlp,1,2.598655939102173,2.598655939102173,2.598655939102173,2.598655939102173,2.598655939102173,2.598655939102173,2.598655939102173
full_fp_eager_layer,full_fp,prefill,21,fp,post_attn_norm,1,0.019360000267624855,0.019360000267624855,0.019360000267624855,0.019360000267624855,0.019360000267624855,0.019360000267624855,0.019360000267624855
full_fp_eager_layer,full_fp,prefill,21,fp,total,1,3.281888008117676,3.281888008117676,3.281888008117676,3.281888008117676,3.281888008117676,3.281888008117676,3.281888008117676
full_fp_eager_layer,full_fp,prefill,22,fp,attention,1,0.6406400203704834,0.6406400203704834,0.6406400203704834,0.6406400203704834,0.6406400203704834,0.6406400203704834,0.6406400203704834
full_fp_eager_layer,full_fp,prefill,22,fp,input_norm,1,0.022975999861955643,0.022975999861955643,0.022975999861955643,0.022975999861955643,0.022975999861955643,0.022975999861955643,0.022975999861955643
full_fp_eager_layer,full_fp,prefill,22,fp,mlp,1,2.5987839698791504,2.5987839698791504,2.5987839698791504,2.5987839698791504,2.5987839698791504,2.5987839698791504,2.5987839698791504
full_fp_eager_layer,full_fp,prefill,22,fp,post_attn_norm,1,0.019360000267624855,0.019360000267624855,0.019360000267624855,0.019360000267624855,0.019360000267624855,0.019360000267624855,0.019360000267624855
full_fp_eager_layer,full_fp,prefill,22,fp,total,1,3.286463975906372,3.286463975906372,3.286463975906372,3.286463975906372,3.286463975906372,3.286463975906372,3.286463975906372
full_fp_eager_layer,full_fp,prefill,23,fp,attention,1,0.637440025806427,0.637440025806427,0.637440025806427,0.637440025806427,0.637440025806427,0.637440025806427,0.637440025806427
full_fp_eager_layer,full_fp,prefill,23,fp,input_norm,1,0.02319999970495701,0.02319999970495701,0.02319999970495701,0.02319999970495701,0.02319999970495701,0.02319999970495701,0.02319999970495701
full_fp_eager_layer,full_fp,prefill,23,fp,mlp,1,2.6016321182250977,2.6016321182250977,2.6016321182250977,2.6016321182250977,2.6016321182250977,2.6016321182250977,2.6016321182250977
full_fp_eager_layer,full_fp,prefill,23,fp,post_attn_norm,1,0.01958400011062622,0.01958400011062622,0.01958400011062622,0.01958400011062622,0.01958400011062622,0.01958400011062622,0.01958400011062622
full_fp_eager_layer,full_fp,prefill,23,fp,total,1,3.28656005859375,3.28656005859375,3.28656005859375,3.28656005859375,3.28656005859375,3.28656005859375,3.28656005859375
full_fp_eager_layer,full_fp,prefill,24,fp,attention,1,0.6309120059013367,0.6309120059013367,0.6309120059013367,0.6309120059013367,0.6309120059013367,0.6309120059013367,0.6309120059013367
full_fp_eager_layer,full_fp,prefill,24,fp,input_norm,1,0.023391999304294586,0.023391999304294586,0.023391999304294586,0.023391999304294586,0.023391999304294586,0.023391999304294586,0.023391999304294586
full_fp_eager_layer,full_fp,prefill,24,fp,mlp,1,2.5963521003723145,2.5963521003723145,2.5963521003723145,2.5963521003723145,2.5963521003723145,2.5963521003723145,2.5963521003723145
full_fp_eager_layer,full_fp,prefill,24,fp,post_attn_norm,1,0.01958400011062622,0.01958400011062622,0.01958400011062622,0.01958400011062622,0.01958400011062622,0.01958400011062622,0.01958400011062622
full_fp_eager_layer,full_fp,prefill,24,fp,total,1,3.27510404586792,3.27510404586792,3.27510404586792,3.27510404586792,3.27510404586792,3.27510404586792,3.27510404586792
full_fp_eager_layer,full_fp,prefill,25,fp,attention,1,0.6344959735870361,0.6344959735870361,0.6344959735870361,0.6344959735870361,0.6344959735870361,0.6344959735870361,0.6344959735870361
full_fp_eager_layer,full_fp,prefill,25,fp,input_norm,1,0.022784000262618065,0.022784000262618065,0.022784000262618065,0.022784000262618065,0.022784000262618065,0.022784000262618065,0.022784000262618065
full_fp_eager_layer,full_fp,prefill,25,fp,mlp,1,2.585088014602661,2.585088014602661,2.585088014602661,2.585088014602661,2.585088014602661,2.585088014602661,2.585088014602661
full_fp_eager_layer,full_fp,prefill,25,fp,post_attn_norm,1,0.01942400075495243,0.01942400075495243,0.01942400075495243,0.01942400075495243,0.01942400075495243,0.01942400075495243,0.01942400075495243
full_fp_eager_layer,full_fp,prefill,25,fp,total,1,3.2667839527130127,3.2667839527130127,3.2667839527130127,3.2667839527130127,3.2667839527130127,3.2667839527130127,3.2667839527130127
full_fp_eager_layer,full_fp,prefill,26,fp,attention,1,0.6362559795379639,0.6362559795379639,0.6362559795379639,0.6362559795379639,0.6362559795379639,0.6362559795379639,0.6362559795379639
full_fp_eager_layer,full_fp,prefill,26,fp,input_norm,1,0.023455999791622162,0.023455999791622162,0.023455999791622162,0.023455999791622162,0.023455999791622162,0.023455999791622162,0.023455999791622162
full_fp_eager_layer,full_fp,prefill,26,fp,mlp,1,2.5879359245300293,2.5879359245300293,2.5879359245300293,2.5879359245300293,2.5879359245300293,2.5879359245300293,2.5879359245300293
full_fp_eager_layer,full_fp,prefill,26,fp,post_attn_norm,1,0.019360000267624855,0.019360000267624855,0.019360000267624855,0.019360000267624855,0.019360000267624855,0.019360000267624855,0.019360000267624855
full_fp_eager_layer,full_fp,prefill,26,fp,total,1,3.271615982055664,3.271615982055664,3.271615982055664,3.271615982055664,3.271615982055664,3.271615982055664,3.271615982055664
full_fp_eager_layer,full_fp,prefill,27,fp,attention,1,0.6326720118522644,0.6326720118522644,0.6326720118522644,0.6326720118522644,0.6326720118522644,0.6326720118522644,0.6326720118522644
full_fp_eager_layer,full_fp,prefill,27,fp,input_norm,1,0.022943999618291855,0.022943999618291855,0.022943999618291855,0.022943999618291855,0.022943999618291855,0.022943999618291855,0.022943999618291855
full_fp_eager_layer,full_fp,prefill,27,fp,mlp,1,2.5904641151428223,2.5904641151428223,2.5904641151428223,2.5904641151428223,2.5904641151428223,2.5904641151428223,2.5904641151428223
full_fp_eager_layer,full_fp,prefill,27,fp,post_attn_norm,1,0.020320000126957893,0.020320000126957893,0.020320000126957893,0.020320000126957893,0.020320000126957893,0.020320000126957893,0.020320000126957893
full_fp_eager_layer,full_fp,prefill,27,fp,total,1,3.2707200050354004,3.2707200050354004,3.2707200050354004,3.2707200050354004,3.2707200050354004,3.2707200050354004,3.2707200050354004
full_fp_eager_layer,full_fp,prefill,28,fp,attention,1,0.6322879791259766,0.6322879791259766,0.6322879791259766,0.6322879791259766,0.6322879791259766,0.6322879791259766,0.6322879791259766
full_fp_eager_layer,full_fp,prefill,28,fp,input_norm,1,0.02304000034928322,0.02304000034928322,0.02304000034928322,0.02304000034928322,0.02304000034928322,0.02304000034928322,0.02304000034928322
full_fp_eager_layer,full_fp,prefill,28,fp,mlp,1,2.597343921661377,2.597343921661377,2.597343921661377,2.597343921661377,2.597343921661377,2.597343921661377,2.597343921661377
full_fp_eager_layer,full_fp,prefill,28,fp,post_attn_norm,1,0.01945599913597107,0.01945599913597107,0.01945599913597107,0.01945599913597107,0.01945599913597107,0.01945599913597107,0.01945599913597107
full_fp_eager_layer,full_fp,prefill,28,fp,total,1,3.2767999172210693,3.2767999172210693,3.2767999172210693,3.2767999172210693,3.2767999172210693,3.2767999172210693,3.2767999172210693
full_fp_eager_layer,full_fp,prefill,29,fp,attention,1,0.6347519755363464,0.6347519755363464,0.6347519755363464,0.6347519755363464,0.6347519755363464,0.6347519755363464,0.6347519755363464
full_fp_eager_layer,full_fp,prefill,29,fp,input_norm,1,0.02316799946129322,0.02316799946129322,0.02316799946129322,0.02316799946129322,0.02316799946129322,0.02316799946129322,0.02316799946129322
full_fp_eager_layer,full_fp,prefill,29,fp,mlp,1,2.5942399501800537,2.5942399501800537,2.5942399501800537,2.5942399501800537,2.5942399501800537,2.5942399501800537,2.5942399501800537
full_fp_eager_layer,full_fp,prefill,29,fp,post_attn_norm,1,0.020416000857949257,0.020416000857949257,0.020416000857949257,0.020416000857949257,0.020416000857949257,0.020416000857949257,0.020416000857949257
full_fp_eager_layer,full_fp,prefill,29,fp,total,1,3.277087926864624,3.277087926864624,3.277087926864624,3.277087926864624,3.277087926864624,3.277087926864624,3.277087926864624
full_fp_eager_layer,full_fp,prefill,30,fp,attention,1,0.63372802734375,0.63372802734375,0.63372802734375,0.63372802734375,0.63372802734375,0.63372802734375,0.63372802734375
full_fp_eager_layer,full_fp,prefill,30,fp,input_norm,1,0.02348800003528595,0.02348800003528595,0.02348800003528595,0.02348800003528595,0.02348800003528595,0.02348800003528595,0.02348800003528595
full_fp_eager_layer,full_fp,prefill,30,fp,mlp,1,2.5911359786987305,2.5911359786987305,2.5911359786987305,2.5911359786987305,2.5911359786987305,2.5911359786987305,2.5911359786987305
full_fp_eager_layer,full_fp,prefill,30,fp,post_attn_norm,1,0.01958400011062622,0.01958400011062622,0.01958400011062622,0.01958400011062622,0.01958400011062622,0.01958400011062622,0.01958400011062622
full_fp_eager_layer,full_fp,prefill,30,fp,total,1,3.272736072540283,3.272736072540283,3.272736072540283,3.272736072540283,3.272736072540283,3.272736072540283,3.272736072540283
full_fp_eager_layer,full_fp,prefill,31,fp,attention,1,0.63155198097229,0.63155198097229,0.63155198097229,0.63155198097229,0.63155198097229,0.63155198097229,0.63155198097229
full_fp_eager_layer,full_fp,prefill,31,fp,input_norm,1,0.023360000923275948,0.023360000923275948,0.023360000923275948,0.023360000923275948,0.023360000923275948,0.023360000923275948,0.023360000923275948
full_fp_eager_layer,full_fp,prefill,31,fp,mlp,1,2.588736057281494,2.588736057281494,2.588736057281494,2.588736057281494,2.588736057281494,2.588736057281494,2.588736057281494
full_fp_eager_layer,full_fp,prefill,31,fp,post_attn_norm,1,0.019711999222636223,0.019711999222636223,0.019711999222636223,0.019711999222636223,0.019711999222636223,0.019711999222636223,0.019711999222636223
full_fp_eager_layer,full_fp,prefill,31,fp,total,1,3.2681920528411865,3.2681920528411865,3.2681920528411865,3.2681920528411865,3.2681920528411865,3.2681920528411865,3.2681920528411865
full_fp_eager_layer,full_fp,prefill,32,fp,attention,1,0.6361920237541199,0.6361920237541199,0.6361920237541199,0.6361920237541199,0.6361920237541199,0.6361920237541199,0.6361920237541199
full_fp_eager_layer,full_fp,prefill,32,fp,input_norm,1,0.02304000034928322,0.02304000034928322,0.02304000034928322,0.02304000034928322,0.02304000034928322,0.02304000034928322,0.02304000034928322
full_fp_eager_layer,full_fp,prefill,32,fp,mlp,1,2.5933759212493896,2.5933759212493896,2.5933759212493896,2.5933759212493896,2.5933759212493896,2.5933759212493896,2.5933759212493896
full_fp_eager_layer,full_fp,prefill,32,fp,post_attn_norm,1,0.019807999953627586,0.019807999953627586,0.019807999953627586,0.019807999953627586,0.019807999953627586,0.019807999953627586,0.019807999953627586
full_fp_eager_layer,full_fp,prefill,32,fp,total,1,3.2771520614624023,3.2771520614624023,3.2771520614624023,3.2771520614624023,3.2771520614624023,3.2771520614624023,3.2771520614624023
static_ptq_tail_eager_layer,static_ptq_tail,decode,1,fp,attention,31,17.16889601945877,0.5538353554664119,0.5390719771385193,0.5976960062980652,0.6678335905075072,0.5343999862670898,0.6905279755592346
static_ptq_tail_eager_layer,static_ptq_tail,decode,1,fp,input_norm,31,0.20991999888792634,0.006771612867352462,0.006304000038653612,0.008320000022649765,0.009030399937182665,0.005696000065654516,0.009279999881982803
static_ptq_tail_eager_layer,static_ptq_tail,decode,1,fp,mlp,31,64.68563199043274,2.0866332900139595,2.0403199195861816,2.2389440536499023,2.481900858879089,2.0346879959106445,2.5772480964660645
static_ptq_tail_eager_layer,static_ptq_tail,decode,1,fp,post_attn_norm,31,0.2398079987615347,0.0077357418955333775,0.007327999919652939,0.009472000412642956,0.010265599749982356,0.0066559999249875546,0.010495999827980995
static_ptq_tail_eager_layer,static_ptq_tail,decode,1,fp,total,31,82.44979238510132,2.6596707221000426,2.5967679023742676,2.8580799102783203,3.174662399291992,2.5873279571533203,3.2933759689331055
static_ptq_tail_eager_layer,static_ptq_tail,decode,2,fp,attention,31,17.199680149555206,0.5548283919211356,0.5377600193023682,0.6080319881439209,0.666451209783554,0.5325440168380737,0.6909120082855225
static_ptq_tail_eager_layer,static_ptq_tail,decode,2,fp,input_norm,31,0.25974399875849485,0.008378838669628866,0.00800000037997961,0.010015999898314476,0.010489599965512752,0.007391999941319227,0.010623999871313572
static_ptq_tail_eager_layer,static_ptq_tail,decode,2,fp,mlp,31,64.98403215408325,2.096259101744621,2.039776086807251,2.24783992767334,2.48578565120697,2.0324161052703857,2.585184097290039
static_ptq_tail_eager_layer,static_ptq_tail,decode,2,fp,post_attn_norm,31,0.24131199903786182,0.007784258033479413,0.007360000163316727,0.009247999638319016,0.009951999876648188,0.006688000168651342,0.010143999941647053
static_ptq_tail_eager_layer,static_ptq_tail,decode,2,fp,total,31,82.83900785446167,2.672226059821344,2.5959360599517822,2.8816959857940674,3.177689671516418,2.5881600379943848,3.302432060241699
static_ptq_tail_eager_layer,static_ptq_tail,decode,3,fp,attention,31,17.26668804883957,0.556989937059341,0.5390719771385193,0.6117439866065979,0.6673727810382842,0.5338240265846252,0.6908159852027893
static_ptq_tail_eager_layer,static_ptq_tail,decode,3,fp,input_norm,31,0.27635200042277575,0.008914580658799218,0.008415999822318554,0.010591999627649784,0.01102400030940771,0.007712000049650669,0.011168000288307667
static_ptq_tail_eager_layer,static_ptq_tail,decode,3,fp,mlp,31,65.0435836315155,2.0981801171456613,2.042912006378174,2.250591993331909,2.4742336511611938,2.0347518920898438,2.5671041011810303
static_ptq_tail_eager_layer,static_ptq_tail,decode,3,fp,post_attn_norm,31,0.24137600045651197,0.007786322595371354,0.007327999919652939,0.009568000212311745,0.009779199864715338,0.006624000146985054,0.009855999611318111
static_ptq_tail_eager_layer,static_ptq_tail,decode,3,fp,total,31,82.9836802482605,2.6768929112342095,2.603231906890869,2.8857920169830322,3.1679615736007687,2.5893120765686035,3.284832000732422
static_ptq_tail_eager_layer,static_ptq_tail,decode,4,fp,input_norm,31,0.2600639993324876,0.008389161268789922,0.008063999935984612,0.010015999898314476,0.010371199995279311,0.007327999919652939,0.010495999827980995
static_ptq_tail_eager_layer,static_ptq_tail,decode,4,fp,post_attn_norm,31,0.2585280002094805,0.008339612909983243,0.007935999892652035,0.009952000342309475,0.010364799946546554,0.00723200011998415,0.010528000071644783
static_ptq_tail_eager_layer,static_ptq_tail,decode,4,ptq,attention,31,7.4047359973192215,0.2388624515264265,0.22310400009155273,0.2839359939098358,0.30629440546035763,0.21587200462818146,0.31561601161956787
static_ptq_tail_eager_layer,static_ptq_tail,decode,4,ptq,mlp,31,22.851487815380096,0.7371447682380676,0.681439995765686,0.8787519931793213,0.9628672003746032,0.6657919883728027,0.9982720017433167
static_ptq_tail_eager_layer,static_ptq_tail,decode,4,ptq,total,31,30.926175951957703,0.9976185790954097,0.9243199825286865,1.1869759559631348,1.2954559922218323,0.9018239974975586,1.3407679796218872
static_ptq_tail_eager_layer,static_ptq_tail,decode,5,fp,input_norm,31,0.2459840001538396,0.007934967746898051,0.007455999962985516,0.009503999724984169,0.009715200029313564,0.006976000033318996,0.00979200005531311
static_ptq_tail_eager_layer,static_ptq_tail,decode,5,fp,post_attn_norm,31,0.24252800038084388,0.007823483883253029,0.007296000141650438,0.009472000412642956,0.009795199986547232,0.006496000103652477,0.009920000098645687
static_ptq_tail_eager_layer,static_ptq_tail,decode,5,ptq,attention,31,7.315744042396545,0.23599174330311437,0.2208320051431656,0.27804800868034363,0.30119040012359616,0.213919997215271,0.3104639947414398
static_ptq_tail_eager_layer,static_ptq_tail,decode,5,ptq,mlp,31,22.87088006734848,0.7377703247531768,0.6816959977149963,0.8812159895896912,0.9605696141719817,0.6648960113525391,0.9933440089225769
static_ptq_tail_eager_layer,static_ptq_tail,decode,5,ptq,total,31,30.829695999622345,0.9945063225684627,0.9215360283851624,1.183840036392212,1.2863776445388793,0.8992000222206116,1.3291840553283691
static_ptq_tail_eager_layer,static_ptq_tail,decode,6,fp,input_norm,31,0.244096000213176,0.007874064523005677,0.007455999962985516,0.009440000168979168,0.009907200187444686,0.006335999816656113,0.010080000385642052
static_ptq_tail_eager_layer,static_ptq_tail,decode,6,fp,post_attn_norm,31,0.28611200163140893,0.009229419407464804,0.007040000054985285,0.009535999968647957,0.043513600714504684,0.006335999816656113,0.0578560009598732
static_ptq_tail_eager_layer,static_ptq_tail,decode,6,ptq,attention,31,7.254912003874779,0.23402941947983158,0.21740800142288208,0.2770240008831024,0.2993504077196121,0.21110400557518005,0.30819201469421387
static_ptq_tail_eager_layer,static_ptq_tail,decode,6,ptq,mlp,31,23.18201583623886,0.7478069624593181,0.7034239768981934,0.8808959722518921,0.9626816093921661,0.6710399985313416,0.9961280226707458
static_ptq_tail_eager_layer,static_ptq_tail,decode,6,ptq,total,31,31.179615795612335,1.0057940579229785,0.9463040232658386,1.1819519996643066,1.286851179599762,0.9020799994468689,1.3302719593048096
static_ptq_tail_eager_layer,static_ptq_tail,decode,7,fp,input_norm,31,0.23574399994686246,0.007604645159576208,0.007071999832987785,0.009472000412642956,0.009759999718517065,0.006271999794989824,0.009855999611318111
static_ptq_tail_eager_layer,static_ptq_tail,decode,7,fp,post_attn_norm,31,1.713503997772932,0.055274322508804256,0.03862399980425835,0.10976000130176544,0.11337599903345108,0.006688000168651342,0.11337599903345108
static_ptq_tail_eager_layer,static_ptq_tail,decode,7,ptq,attention,31,9.945663958787918,0.32082786963831994,0.2763519883155823,0.37702399492263794,0.961683177947998,0.2088640034198761,0.9917119741439819
static_ptq_tail_eager_layer,static_ptq_tail,decode,7,ptq,mlp,31,25.372992157936096,0.8184836179979386,0.810912013053894,0.8798080086708069,0.9640320181846618,0.6671040058135986,0.9959040284156799
static_ptq_tail_eager_layer,static_ptq_tail,decode,7,ptq,total,31,38.97606360912323,1.2572923744878461,1.1805440187454224,1.4502719640731812,2.02589111328125,0.8957759737968445,2.070175886154175
static_ptq_tail_eager_layer,static_ptq_tail,decode,8,fp,input_norm,31,0.25136000104248524,0.00810838713040275,0.007584000006318092,0.010048000141978264,0.01057280022650957,0.00687999976798892,0.010784000158309937
static_ptq_tail_eager_layer,static_ptq_tail,decode,8,fp,post_attn_norm,31,2.489407998044044,0.08030348380787238,0.10719999670982361,0.1122559979557991,0.12587199807167052,0.006527999881654978,0.12783999741077423
static_ptq_tail_eager_layer,static_ptq_tail,decode,8,ptq,attention,31,21.942016124725342,0.7078069717653336,0.9107840061187744,0.9641280174255371,0.9950144112110137,0.21331200003623962,0.9966080188751221
static_ptq_tail_eager_layer,static_ptq_tail,decode,8,ptq,mlp,31,26.0446720123291,0.8401507100751323,0.8197119832038879,0.9371200203895569,1.016115176677704,0.6618239879608154,1.019935965538025
static_ptq_tail_eager_layer,static_ptq_tail,decode,8,ptq,total,31,53.52652829885483,1.7266622031888654,1.9703680276870728,2.026047945022583,2.055590510368347,0.8937280178070068,2.058720111846924
static_ptq_tail_eager_layer,static_ptq_tail,decode,9,fp,input_norm,31,0.23763199942186475,0.00766554836844725,0.0071680000983178616,0.009472000412642956,0.009814400132745505,0.006719999946653843,0.009920000098645687
static_ptq_tail_eager_layer,static_ptq_tail,decode,9,fp,post_attn_norm,31,2.7031680000945926,0.08719896774498685,0.10768000036478043,0.11190400272607803,0.1177600011229515,0.006591999903321266,0.11977600306272507
static_ptq_tail_eager_layer,static_ptq_tail,decode,9,ptq,attention,31,23.664895981550217,0.7633837413403296,0.9310399889945984,0.9604160189628601,0.9791935920715332,0.21068799495697021,0.982591986656189
static_ptq_tail_eager_layer,static_ptq_tail,decode,9,ptq,mlp,31,26.221216082572937,0.845845680082998,0.8127040266990662,1.012384057044983,1.0182399868965148,0.6557120084762573,1.0185279846191406
static_ptq_tail_eager_layer,static_ptq_tail,decode,9,ptq,total,31,55.983616054058075,1.8059230985180024,1.9880319833755493,2.0345280170440674,2.0636128425598144,0.8855999708175659,2.0746240615844727
static_ptq_tail_eager_layer,static_ptq_tail,decode,10,fp,input_norm,31,0.23423999920487404,0.00755612900660884,0.007007999811321497,0.00902399979531765,0.009760000184178351,0.006591999903321266,0.010048000141978264
static_ptq_tail_eager_layer,static_ptq_tail,decode,10,fp,post_attn_norm,31,2.9037440130487084,0.09366916171124866,0.1090880036354065,0.11267200112342834,0.11979519948363304,0.00684799998998642,0.12111999839544296
static_ptq_tail_eager_layer,static_ptq_tail,decode,10,ptq,attention,31,24.332639917731285,0.7849238683139125,0.9301120042800903,0.9647039771080017,0.9968415915966033,0.21238400042057037,0.9992319941520691
static_ptq_tail_eager_layer,static_ptq_tail,decode,10,ptq,mlp,31,26.999967992305756,0.870966709429218,0.8268479704856873,1.0245120525360107,1.0280128121376038,0.6679679751396179,1.029088020324707
static_ptq_tail_eager_layer,static_ptq_tail,decode,10,ptq,total,31,57.81558418273926,1.8650188446044922,2.013983964920044,2.039520025253296,2.0760864496231077,0.8988800048828125,2.0874240398406982
static_ptq_tail_eager_layer,static_ptq_tail,decode,11,fp,input_norm,31,0.24643200123682618,0.007949419394736328,0.007552000228315592,0.009568000212311745,0.009696000255644321,0.00684799998998642,0.009696000255644321
static_ptq_tail_eager_layer,static_ptq_tail,decode,11,fp,post_attn_norm,31,3.0751679777167737,0.09919896702312174,0.10864000022411346,0.11148799955844879,0.117654400318861,0.006912000011652708,0.11958400160074234
static_ptq_tail_eager_layer,static_ptq_tail,decode,11,ptq,attention,31,25.261983960866928,0.8149027084150622,0.9101439714431763,0.944383978843689,0.966515189409256,0.20771199464797974,0.9666879773139954
static_ptq_tail_eager_layer,static_ptq_tail,decode,11,ptq,mlp,31,26.640928208827972,0.8593847809299346,0.8158400058746338,1.0099519491195679,1.0273759961128235,0.6608960032463074,1.0321279764175415
static_ptq_tail_eager_layer,static_ptq_tail,decode,11,ptq,total,31,58.5098237991333,1.887413670939784,1.9701119661331177,2.017983913421631,2.060342311859131,0.8877760171890259,2.0689918994903564
static_ptq_tail_eager_layer,static_ptq_tail,decode,12,fp,input_norm,31,0.2305599986575544,0.007437419311534013,0.007104000076651573,0.00863999966531992,0.008985599689185619,0.006432000081986189,0.009119999594986439
static_ptq_tail_eager_layer,static_ptq_tail,decode,12,fp,post_attn_norm,31,3.1079999934881926,0.10025806430607073,0.10924799740314484,0.11158400028944016,0.12144639939069747,0.006976000033318996,0.12323199957609177
static_ptq_tail_eager_layer,static_ptq_tail,decode,12,ptq,attention,31,25.588576018810272,0.825437936090654,0.9240000247955322,0.9621440172195435,0.9936864018440247,0.21065600216388702,1.0036799907684326
static_ptq_tail_eager_layer,static_ptq_tail,decode,12,ptq,mlp,31,26.36031985282898,0.8503328984783541,0.8091520071029663,0.993183970451355,1.0236640214920043,0.648639976978302,1.024672031402588
static_ptq_tail_eager_layer,static_ptq_tail,decode,12,ptq,total,31,58.7117440700531,1.8939272280662292,1.9813120365142822,2.0216639041900635,2.0498560667037964,0.8784319758415222,2.0566720962524414
static_ptq_tail_eager_layer,static_ptq_tail,decode,13,fp,input_norm,31,0.2302720001898706,0.007428129038382922,0.007104000076651573,0.008608000352978706,0.00895679984241724,0.006719999946653843,0.00902399979531765
static_ptq_tail_eager_layer,static_ptq_tail,decode,13,fp,post_attn_norm,31,3.0925760185346007,0.0997605167269226,0.10809600353240967,0.11363200098276138,0.1185279980301857,0.007135999854654074,0.1189119964838028
static_ptq_tail_eager_layer,static_ptq_tail,decode,13,ptq,attention,31,27.3891841173172,0.8835220683005548,0.9380159974098206,1.0542720556259155,1.4893216252326962,0.20822399854660034,1.6682560443878174
static_ptq_tail_eager_layer,static_ptq_tail,decode,13,ptq,mlp,31,26.186784029006958,0.8447349686776439,0.814848005771637,0.9631040096282959,1.0198336243629456,0.6582080125808716,1.0205440521240234
static_ptq_tail_eager_layer,static_ptq_tail,decode,13,ptq,total,31,60.56703960895538,1.9537754712566253,2.0032639503479004,2.142303943634033,2.659411191940307,0.8855360150337219,2.8621439933776855
static_ptq_tail_eager_layer,static_ptq_tail,decode,14,fp,input_norm,31,0.2267520003952086,0.007314580657909955,0.007071999832987785,0.008224000222980976,0.009187200106680393,0.0063680000603199005,0.009216000325977802
static_ptq_tail_eager_layer,static_ptq_tail,decode,14,fp,post_attn_norm,31,3.1295039849355817,0.10095174144953489,0.10911999642848969,0.11910399794578552,0.12499199733138085,0.008224000222980976,0.12566399574279785
static_ptq_tail_eager_layer,static_ptq_tail,decode,14,ptq,attention,31,26.160288020968437,0.8438802587409173,0.9245759844779968,0.9524480104446411,1.0026591897010804,0.20844799280166626,1.013535976409912
static_ptq_tail_eager_layer,static_ptq_tail,decode,14,ptq,mlp,31,26.181631982326508,0.8445687736234357,0.8251199722290039,0.9426239728927612,1.0261888027191162,0.672544002532959,1.0268800258636475
static_ptq_tail_eager_layer,static_ptq_tail,decode,14,ptq,total,31,59.07094395160675,1.9055143210195726,2.0016000270843506,2.05132794380188,2.0707520484924316,0.9006080031394958,2.077280044555664
static_ptq_tail_eager_layer,static_ptq_tail,decode,15,fp,input_norm,31,0.22799999872222543,0.007354838668458884,0.007135999854654074,0.008224000222980976,0.008991999551653862,0.006463999859988689,0.008991999551653862
static_ptq_tail_eager_layer,static_ptq_tail,decode,15,fp,post_attn_norm,31,3.1850879807025194,0.10274477357104901,0.10860799998044968,0.11404799669981003,0.11911039873957634,0.007071999832987785,0.12118399888277054
static_ptq_tail_eager_layer,static_ptq_tail,decode,15,ptq,attention,31,26.39510405063629,0.8514549693753642,0.9285439848899841,0.9511359930038452,0.9560767889022828,0.20924800634384155,0.9567679762840271
static_ptq_tail_eager_layer,static_ptq_tail,decode,15,ptq,mlp,31,25.65945601463318,0.8277243875688122,0.7968959808349609,0.9373440146446228,1.0260512471199035,0.6531519889831543,1.0281920433044434
static_ptq_tail_eager_layer,static_ptq_tail,decode,15,ptq,total,31,58.81462377309799,1.8972459281644514,1.967136025428772,2.010848045349121,2.037718319892883,0.8812159895896912,2.0469439029693604
static_ptq_tail_eager_layer,static_ptq_tail,decode,16,fp,input_norm,31,0.22412799997255206,0.007229935482985551,0.006943999789655209,0.008448000065982342,0.009056000038981438,0.006432000081986189,0.009056000038981438
static_ptq_tail_eager_layer,static_ptq_tail,decode,16,fp,post_attn_norm,31,3.229663997888565,0.10418270960930855,0.10864000022411346,0.12083200365304947,0.12867199629545212,0.006624000146985054,0.13155199587345123
static_ptq_tail_eager_layer,static_ptq_tail,decode,16,ptq,attention,31,26.763583928346634,0.8633414170434398,0.9265279769897461,0.9567360281944275,0.9751583933830261,0.20771199464797974,0.9786239862442017
static_ptq_tail_eager_layer,static_ptq_tail,decode,16,ptq,mlp,31,25.612576067447662,0.8262121312079891,0.8022080063819885,0.9364479780197144,1.0185408115386962,0.6556800007820129,1.0192320346832275
static_ptq_tail_eager_layer,static_ptq_tail,decode,16,ptq,total,31,59.33900785446167,1.9141615436923118,1.9836479425430298,2.040735960006714,2.0475199222564697,0.8832640051841736,2.0488638877868652
static_ptq_tail_eager_layer,static_ptq_tail,decode,17,fp,input_norm,31,0.2233279994688928,0.0072041290151255745,0.006976000033318996,0.008352000266313553,0.009100799728184939,0.006399999838322401,0.009119999594986439
static_ptq_tail_eager_layer,static_ptq_tail,decode,17,fp,post_attn_norm,31,3.16819200059399,0.10219974195464485,0.10838399827480316,0.11151999980211258,0.11717119961977004,0.007007999811321497,0.11840000003576279
static_ptq_tail_eager_layer,static_ptq_tail,decode,17,ptq,attention,31,26.63260793685913,0.859116385059972,0.923520028591156,0.9473599791526794,0.9649600028991699,0.206496000289917,0.9663040041923523
static_ptq_tail_eager_layer,static_ptq_tail,decode,17,ptq,mlp,31,25.396160006523132,0.8192309679523591,0.7913920283317566,0.934112012386322,1.0171520352363586,0.6503360271453857,1.0178240537643433
static_ptq_tail_eager_layer,static_ptq_tail,decode,17,ptq,total,31,58.95516836643219,1.901779624723619,1.9690239429473877,2.0029120445251465,2.0280640363693236,0.8761919736862183,2.0374720096588135
static_ptq_tail_eager_layer,static_ptq_tail,decode,18,fp,input_norm,31,0.22217599907889962,0.007166967712222568,0.006943999789655209,0.008352000266313553,0.009091199655085803,0.006399999838322401,0.009119999594986439
static_ptq_tail_eager_layer,static_ptq_tail,decode,18,fp,post_attn_norm,31,3.1555199893191457,0.1017909673973918,0.10815999656915665,0.11049599945545197,0.11446079909801483,0.006976000033318996,0.11510399729013443
static_ptq_tail_eager_layer,static_ptq_tail,decode,18,ptq,attention,31,26.8415999263525,0.8658580621404033,0.9284480214118958,0.9580159783363342,0.9839103877544403,0.20713600516319275,0.9867519736289978
static_ptq_tail_eager_layer,static_ptq_tail,decode,18,ptq,mlp,31,25.42927986383438,0.8202993504462703,0.7931839823722839,0.9311360120773315,1.0166207551956177,0.6482560038566589,1.01692795753479
static_ptq_tail_eager_layer,static_ptq_tail,decode,18,ptq,total,31,59.29526335000992,1.9127504306454812,1.9746559858322144,2.0112318992614746,2.0941919088363647,0.8762879967689514,2.1235198974609375
static_ptq_tail_eager_layer,static_ptq_tail,decode,19,fp,input_norm,31,0.22975999908521771,0.0074116128737167,0.006912000011652708,0.008448000065982342,0.013388799782842393,0.006175999995321035,0.015231999568641186
static_ptq_tail_eager_layer,static_ptq_tail,decode,19,fp,post_attn_norm,31,3.1297919978387654,0.10096103218834727,0.10684800148010254,0.10966400057077408,0.11547839865088462,0.006816000211983919,0.11721599847078323
static_ptq_tail_eager_layer,static_ptq_tail,decode,19,ptq,attention,31,26.376256078481674,0.8508469702736023,0.9234560132026672,0.9375360012054443,0.9556800127029419,0.20608000457286835,0.9564480185508728
static_ptq_tail_eager_layer,static_ptq_tail,decode,19,ptq,mlp,31,25.524480044841766,0.8233703240271537,0.7952640056610107,0.9361280202865601,1.016591989994049,0.6543999910354614,1.0183680057525635
static_ptq_tail_eager_layer,static_ptq_tail,decode,19,ptq,total,31,58.9576957821846,1.9018611542640194,1.9676799774169922,2.0038399696350098,2.0170143365859987,0.8785920143127441,2.0185599327087402
static_ptq_tail_eager_layer,static_ptq_tail,decode,20,fp,input_norm,31,0.22255999874323606,0.007179354798168906,0.00687999976798892,0.008287999778985977,0.009119999594986439,0.006335999816656113,0.009119999594986439
static_ptq_tail_eager_layer,static_ptq_tail,decode,20,fp,post_attn_norm,31,3.2052799756638706,0.10339612824722164,0.10844799876213074,0.11407999694347382,0.12513599619269372,0.006752000190317631,0.12547199428081512
static_ptq_tail_eager_layer,static_ptq_tail,decode,20,ptq,attention,31,27.551232114434242,0.8887494230462659,0.9178239703178406,1.0543040037155151,1.1265088438987731,0.20694400370121002,1.1293120384216309
static_ptq_tail_eager_layer,static_ptq_tail,decode,20,ptq,mlp,31,25.640384078025818,0.8271091638072845,0.8075199723243713,0.94377601146698,1.0227871775627135,0.6543359756469727,1.0242559909820557
static_ptq_tail_eager_layer,static_ptq_tail,decode,20,ptq,total,31,60.431231677532196,1.949394570242974,1.972864031791687,2.1136960983276367,2.412816047668457,0.8801599740982056,2.4912960529327393
static_ptq_tail_eager_layer,static_ptq_tail,decode,21,fp,input_norm,31,0.2565759988501668,0.00827664512419893,0.007615999784320593,0.009216000325977802,0.017868799250572914,0.00687999976798892,0.02067199908196926
static_ptq_tail_eager_layer,static_ptq_tail,decode,21,fp,post_attn_norm,31,3.1487679919227958,0.1015731610297676,0.10707200318574905,0.11055999994277954,0.12081600055098533,0.006719999946653843,0.12163200229406357
static_ptq_tail_eager_layer,static_ptq_tail,decode,21,ptq,attention,31,26.42832000553608,0.8525264517914865,0.9197760224342346,0.9485440254211426,0.9645280122756958,0.20921599864959717,0.9676480293273926
static_ptq_tail_eager_layer,static_ptq_tail,decode,21,ptq,mlp,31,25.51577603816986,0.8230895496183827,0.7947199940681458,0.9323199987411499,1.0189599633216857,0.6502400040626526,1.0191999673843384
static_ptq_tail_eager_layer,static_ptq_tail,decode,21,ptq,total,31,58.93571239709854,1.9011520128096304,1.9692480564117432,1.9942400455474854,2.0373792171478273,0.8798720240592957,2.0427839756011963
static_ptq_tail_eager_layer,static_ptq_tail,decode,22,fp,input_norm,31,0.22438399959355593,0.0072381935352759975,0.007007999811321497,0.008383999578654766,0.009158400166779757,0.006335999816656113,0.009216000325977802
static_ptq_tail_eager_layer,static_ptq_tail,decode,22,fp,post_attn_norm,31,3.2153599839657545,0.10372128980534692,0.10822399705648422,0.11628799885511398,0.1250880017876625,0.00687999976798892,0.12748800218105316
static_ptq_tail_eager_layer,static_ptq_tail,decode,22,ptq,attention,31,26.37491202354431,0.8508036136627197,0.9113919734954834,0.9514560103416443,0.9737440049648285,0.2088319957256317,0.9827200174331665
static_ptq_tail_eager_layer,static_ptq_tail,decode,22,ptq,mlp,31,25.559327840805054,0.8244944464775824,0.7967680096626282,0.9342079758644104,1.010857594013214,0.651423990726471,1.0121920108795166
static_ptq_tail_eager_layer,static_ptq_tail,decode,22,ptq,total,31,58.882368087768555,1.8994312286376953,1.9633280038833618,2.0051519870758057,2.0545888423919676,0.879040002822876,2.070784091949463
static_ptq_tail_eager_layer,static_ptq_tail,decode,23,fp,input_norm,31,0.22313599986955523,0.007197935479663072,0.00687999976798892,0.008383999578654766,0.008995199762284755,0.006560000125318766,0.009119999594986439
static_ptq_tail_eager_layer,static_ptq_tail,decode,23,fp,post_attn_norm,31,3.1595199983567,0.10191999994699032,0.10764800012111664,0.11059200018644333,0.1194848008453846,0.006943999789655209,0.11955200135707855
static_ptq_tail_eager_layer,static_ptq_tail,decode,23,ptq,attention,31,26.561343863606453,0.8568175439873049,0.9259840250015259,0.9727039933204651,0.9871903955936432,0.2078399956226349,0.9902719855308533
static_ptq_tail_eager_layer,static_ptq_tail,decode,23,ptq,mlp,31,25.772352159023285,0.8313661986781705,0.8018239736557007,0.9416319727897644,1.013308835029602,0.6593279838562012,1.014240026473999
static_ptq_tail_eager_layer,static_ptq_tail,decode,23,ptq,total,31,59.43817627429962,1.917360524977407,1.9746880531311035,2.028736114501953,2.0633727312088013,0.8855040073394775,2.065023899078369
static_ptq_tail_eager_layer,static_ptq_tail,decode,24,fp,input_norm,31,0.2495999988168478,0.008051612865059607,0.00774399982765317,0.009503999724984169,0.010009600035846233,0.006976000033318996,0.010143999941647053
static_ptq_tail_eager_layer,static_ptq_tail,decode,24,fp,post_attn_norm,31,3.1761599886231124,0.10245677382655201,0.10822399705648422,0.11177600175142288,0.11938880011439323,0.006624000146985054,0.11955200135707855
static_ptq_tail_eager_layer,static_ptq_tail,decode,24,ptq,attention,31,26.413823932409286,0.8520588365293318,0.9186239838600159,0.9550719857215881,0.9806591868400574,0.2069759964942932,0.9847679734230042
static_ptq_tail_eager_layer,static_ptq_tail,decode,24,ptq,mlp,31,25.926112055778503,0.8363261953476937,0.8055359721183777,0.9383999705314636,1.021939218044281,0.6596159934997559,1.0224000215530396
static_ptq_tail_eager_layer,static_ptq_tail,decode,24,ptq,total,31,59.29244810342789,1.9126596162396092,1.978592038154602,2.0399999618530273,2.0443968057632445,0.88755202293396,2.0445120334625244
static_ptq_tail_eager_layer,static_ptq_tail,decode,25,fp,input_norm,31,0.2255360004492104,0.007275354853200335,0.00684799998998642,0.009056000038981438,0.00921919969841838,0.006399999838322401,0.009247999638319016
static_ptq_tail_eager_layer,static_ptq_tail,decode,25,fp,post_attn_norm,31,3.1422719950787723,0.10136361274447653,0.10732799768447876,0.1098560020327568,0.12129920125007629,0.006591999903321266,0.1255040019750595
static_ptq_tail_eager_layer,static_ptq_tail,decode,25,ptq,attention,31,26.25273595750332,0.8468624502420425,0.9145600199699402,0.9416000247001648,0.9579455852508545,0.206496000289917,0.9585599899291992
static_ptq_tail_eager_layer,static_ptq_tail,decode,25,ptq,mlp,31,25.8092799782753,0.8325574186540419,0.8065599799156189,0.9352959990501404,1.0160671949386597,0.6581439971923828,1.0173439979553223
static_ptq_tail_eager_layer,static_ptq_tail,decode,25,ptq,total,31,58.92256027460098,1.90072775079358,1.9723520278930664,2.0076160430908203,2.021664047241211,0.8841279745101929,2.023776054382324
static_ptq_tail_eager_layer,static_ptq_tail,decode,26,fp,input_norm,31,0.2239999989978969,0.007225806419286997,0.006912000011652708,0.008576000109314919,0.00912319989874959,0.006432000081986189,0.009151999838650227
static_ptq_tail_eager_layer,static_ptq_tail,decode,26,fp,post_attn_norm,31,3.1382080260664225,0.1012325169698846,0.10742399841547012,0.11273600161075592,0.1194688007235527,0.007135999854654074,0.11958400160074234
static_ptq_tail_eager_layer,static_ptq_tail,decode,26,ptq,attention,31,26.14515207707882,0.8433920024864136,0.9069759845733643,0.9529280066490173,0.9738239943981171,0.20787200331687927,0.9749760031700134
static_ptq_tail_eager_layer,static_ptq_tail,decode,26,ptq,mlp,31,25.734751999378204,0.8301532903025227,0.7964800000190735,0.9508799910545349,1.0204000115394591,0.6526719927787781,1.0237120389938354
static_ptq_tail_eager_layer,static_ptq_tail,decode,26,ptq,total,31,58.68188762664795,1.8929641169886435,1.96288001537323,1.9881919622421265,2.0337791204452516,0.8798720240592957,2.0454719066619873
static_ptq_tail_eager_layer,static_ptq_tail,decode,27,fp,input_norm,31,0.22729599801823497,0.00733212896833016,0.007007999811321497,0.0081599997356534,0.00914239976555109,0.006399999838322401,0.009151999838650227
static_ptq_tail_eager_layer,static_ptq_tail,decode,27,fp,post_attn_norm,31,3.135872003622353,0.10115716140717268,0.10688000172376633,0.10886400192975998,0.11779839992523193,0.00800000037997961,0.11823999881744385
static_ptq_tail_eager_layer,static_ptq_tail,decode,27,ptq,attention,31,27.502560079097748,0.8871793573902499,0.9301120042800903,0.979423999786377,1.4827615618705745,0.21011200547218323,1.679263949394226
static_ptq_tail_eager_layer,static_ptq_tail,decode,27,ptq,mlp,31,25.727135956287384,0.8299076114931414,0.795744001865387,0.940671980381012,1.0202080011367798,0.6523200273513794,1.0213119983673096
static_ptq_tail_eager_layer,static_ptq_tail,decode,27,ptq,total,31,60.1344318985939,1.9398203838256098,1.984544038772583,2.047071933746338,2.6300863504409784,0.883072018623352,2.86409592628479
static_ptq_tail_eager_layer,static_ptq_tail,decode,28,fp,input_norm,31,0.22595199942588806,0.007288774175028647,0.006912000011652708,0.00854399986565113,0.009014399722218513,0.006527999881654978,0.00902399979531765
static_ptq_tail_eager_layer,static_ptq_tail,decode,28,fp,post_attn_norm,31,3.1497279931791127,0.10160412881222944,0.1072319969534874,0.11129599809646606,0.1195615991950035,0.006624000146985054,0.12223999947309494
static_ptq_tail_eager_layer,static_ptq_tail,decode,28,ptq,attention,31,26.20991988480091,0.845481286606481,0.9186879992485046,0.944703996181488,0.951196801662445,0.20713600516319275,0.9514560103416443
static_ptq_tail_eager_layer,static_ptq_tail,decode,28,ptq,mlp,31,26.01993614435196,0.8393527788500632,0.8106560111045837,0.9515519738197327,1.0287232041358947,0.6584640145301819,1.0319679975509644
static_ptq_tail_eager_layer,static_ptq_tail,decode,28,ptq,total,31,59.148960053920746,1.9080309694813145,1.9680960178375244,2.0083839893341064,2.1074753046035766,0.8846399784088135,2.1256000995635986
static_ptq_tail_eager_layer,static_ptq_tail,decode,29,fp,input_norm,31,0.22678399924188852,0.007315612878770598,0.007040000054985285,0.008511999621987343,0.009100799728184939,0.0063680000603199005,0.009119999594986439
static_ptq_tail_eager_layer,static_ptq_tail,decode,29,fp,post_attn_norm,31,3.1485440037213266,0.10156593560391376,0.10777600109577179,0.1103999987244606,0.11824959889054298,0.006912000011652708,0.12111999839544296
static_ptq_tail_eager_layer,static_ptq_tail,decode,29,ptq,attention,31,26.098175913095474,0.8418766423579185,0.9114559888839722,0.9515519738197327,0.964185607433319,0.21119999885559082,0.9643200039863586
static_ptq_tail_eager_layer,static_ptq_tail,decode,29,ptq,mlp,31,25.916896104812622,0.8360289066068588,0.8025919795036316,0.9346240162849426,1.020198440551758,0.6576640009880066,1.0212160348892212
static_ptq_tail_eager_layer,static_ptq_tail,decode,29,ptq,total,31,58.91923201084137,1.9006203874464958,1.9718400239944458,2.0077760219573975,2.022230386734009,0.888159990310669,2.0225279331207275
static_ptq_tail_eager_layer,static_ptq_tail,decode,30,fp,input_norm,31,0.22780800005421042,0.007348645163039046,0.007007999811321497,0.008608000352978706,0.009068800136446953,0.006399999838322401,0.009088000282645226
static_ptq_tail_eager_layer,static_ptq_tail,decode,30,fp,post_attn_norm,31,3.1805439833551645,0.10259819301145692,0.10784000158309937,0.11590400338172913,0.12416639849543572,0.006719999946653843,0.12489599734544754
static_ptq_tail_eager_layer,static_ptq_tail,decode,30,ptq,attention,31,25.798048123717308,0.8321951007650744,0.9018239974975586,0.9368000030517578,0.9650368094444275,0.2069759964942932,0.9705280065536499
static_ptq_tail_eager_layer,static_ptq_tail,decode,30,ptq,mlp,31,25.83465611934662,0.833376003849891,0.8022720217704773,0.9430080056190491,1.016972827911377,0.6507520079612732,1.0184320211410522
static_ptq_tail_eager_layer,static_ptq_tail,decode,30,ptq,total,31,58.43404829502106,1.884969299839389,1.9497920274734497,1.982848048210144,2.0417408466339113,0.875872015953064,2.056544065475464
static_ptq_tail_eager_layer,static_ptq_tail,decode,31,fp,input_norm,31,0.2224639980122447,0.00717625800039499,0.006783999968320131,0.008511999621987343,0.008918399829417467,0.006304000038653612,0.00902399979531765
static_ptq_tail_eager_layer,static_ptq_tail,decode,31,fp,post_attn_norm,31,3.119807990733534,0.10063896744301723,0.1064319983124733,0.11030399799346924,0.11832960024476051,0.006271999794989824,0.1204800009727478
static_ptq_tail_eager_layer,static_ptq_tail,decode,31,ptq,attention,31,26.064896047115326,0.8408030982940428,0.9137600064277649,0.948415994644165,0.9839679896831512,0.21055999398231506,0.9917439818382263
static_ptq_tail_eager_layer,static_ptq_tail,decode,31,ptq,mlp,31,26.09545600414276,0.8417889033594439,0.810912013053894,0.9371839761734009,1.0230592131614684,0.6600000262260437,1.0256320238113403
static_ptq_tail_eager_layer,static_ptq_tail,decode,31,ptq,total,31,59.13664001226425,1.9076335487827178,1.9763840436935425,2.0134079456329346,2.0662688255310058,0.89055997133255,2.0794880390167236
static_ptq_tail_eager_layer,static_ptq_tail,decode,32,fp,input_norm,31,0.2239999994635582,0.007225806434308329,0.00687999976798892,0.008448000065982342,0.009212799929082393,0.006304000038653612,0.009279999881982803
static_ptq_tail_eager_layer,static_ptq_tail,decode,32,fp,post_attn_norm,31,3.2636479875072837,0.10527896733894464,0.10739199817180634,0.11564800143241882,0.11753279790282249,0.006976000033318996,0.11817599833011627
static_ptq_tail_eager_layer,static_ptq_tail,decode,32,ptq,attention,31,26.148704156279564,0.8435065856864375,0.884223997592926,0.9514240026473999,0.9969120383262634,0.21174399554729462,1.001952052116394
static_ptq_tail_eager_layer,static_ptq_tail,decode,32,ptq,mlp,31,26.460287928581238,0.8535576751155238,0.8193280100822449,0.945792019367218,1.0331807494163514,0.6702399849891663,1.0354559421539307
static_ptq_tail_eager_layer,static_ptq_tail,decode,32,ptq,total,31,59.57241600751877,1.9216908389522183,1.9547840356826782,1.9938240051269531,2.0672704219818114,0.9003840088844299,2.0727040767669678
static_ptq_tail_eager_layer,static_ptq_tail,prefill,1,fp,attention,1,1.1827199459075928,1.1827199459075928,1.1827199459075928,1.1827199459075928,1.1827199459075928,1.1827199459075928,1.1827199459075928
static_ptq_tail_eager_layer,static_ptq_tail,prefill,1,fp,input_norm,1,0.20291200280189514,0.20291200280189514,0.20291200280189514,0.20291200280189514,0.20291200280189514,0.20291200280189514,0.20291200280189514
static_ptq_tail_eager_layer,static_ptq_tail,prefill,1,fp,mlp,1,2.7019519805908203,2.7019519805908203,2.7019519805908203,2.7019519805908203,2.7019519805908203,2.7019519805908203,2.7019519805908203
static_ptq_tail_eager_layer,static_ptq_tail,prefill,1,fp,post_attn_norm,1,0.01881599985063076,0.01881599985063076,0.01881599985063076,0.01881599985063076,0.01881599985063076,0.01881599985063076,0.01881599985063076
static_ptq_tail_eager_layer,static_ptq_tail,prefill,1,fp,total,1,4.282879829406738,4.282879829406738,4.282879829406738,4.282879829406738,4.282879829406738,4.282879829406738,4.282879829406738
static_ptq_tail_eager_layer,static_ptq_tail,prefill,2,fp,attention,1,0.6408320069313049,0.6408320069313049,0.6408320069313049,0.6408320069313049,0.6408320069313049,0.6408320069313049,0.6408320069313049
static_ptq_tail_eager_layer,static_ptq_tail,prefill,2,fp,input_norm,1,0.02316799946129322,0.02316799946129322,0.02316799946129322,0.02316799946129322,0.02316799946129322,0.02316799946129322,0.02316799946129322
static_ptq_tail_eager_layer,static_ptq_tail,prefill,2,fp,mlp,1,2.5857279300689697,2.5857279300689697,2.5857279300689697,2.5857279300689697,2.5857279300689697,2.5857279300689697,2.5857279300689697
static_ptq_tail_eager_layer,static_ptq_tail,prefill,2,fp,post_attn_norm,1,0.01942400075495243,0.01942400075495243,0.01942400075495243,0.01942400075495243,0.01942400075495243,0.01942400075495243,0.01942400075495243
static_ptq_tail_eager_layer,static_ptq_tail,prefill,2,fp,total,1,3.2738559246063232,3.2738559246063232,3.2738559246063232,3.2738559246063232,3.2738559246063232,3.2738559246063232,3.2738559246063232
static_ptq_tail_eager_layer,static_ptq_tail,prefill,3,fp,attention,1,0.6400960087776184,0.6400960087776184,0.6400960087776184,0.6400960087776184,0.6400960087776184,0.6400960087776184,0.6400960087776184
static_ptq_tail_eager_layer,static_ptq_tail,prefill,3,fp,input_norm,1,0.023104000836610794,0.023104000836610794,0.023104000836610794,0.023104000836610794,0.023104000836610794,0.023104000836610794,0.023104000836610794
static_ptq_tail_eager_layer,static_ptq_tail,prefill,3,fp,mlp,1,2.5880000591278076,2.5880000591278076,2.5880000591278076,2.5880000591278076,2.5880000591278076,2.5880000591278076,2.5880000591278076
static_ptq_tail_eager_layer,static_ptq_tail,prefill,3,fp,post_attn_norm,1,0.019519999623298645,0.019519999623298645,0.019519999623298645,0.019519999623298645,0.019519999623298645,0.019519999623298645,0.019519999623298645
static_ptq_tail_eager_layer,static_ptq_tail,prefill,3,fp,total,1,3.2758400440216064,3.2758400440216064,3.2758400440216064,3.2758400440216064,3.2758400440216064,3.2758400440216064,3.2758400440216064
static_ptq_tail_eager_layer,static_ptq_tail,prefill,4,fp,attention,1,0.6364480257034302,0.6364480257034302,0.6364480257034302,0.6364480257034302,0.6364480257034302,0.6364480257034302,0.6364480257034302
static_ptq_tail_eager_layer,static_ptq_tail,prefill,4,fp,input_norm,1,0.02300800010561943,0.02300800010561943,0.02300800010561943,0.02300800010561943,0.02300800010561943,0.02300800010561943,0.02300800010561943
static_ptq_tail_eager_layer,static_ptq_tail,prefill,4,fp,mlp,1,2.5901761054992676,2.5901761054992676,2.5901761054992676,2.5901761054992676,2.5901761054992676,2.5901761054992676,2.5901761054992676
static_ptq_tail_eager_layer,static_ptq_tail,prefill,4,fp,post_attn_norm,1,0.01990400068461895,0.01990400068461895,0.01990400068461895,0.01990400068461895,0.01990400068461895,0.01990400068461895,0.01990400068461895
static_ptq_tail_eager_layer,static_ptq_tail,prefill,4,fp,total,1,3.2747199535369873,3.2747199535369873,3.2747199535369873,3.2747199535369873,3.2747199535369873,3.2747199535369873,3.2747199535369873
static_ptq_tail_eager_layer,static_ptq_tail,prefill,5,fp,attention,1,0.6378560066223145,0.6378560066223145,0.6378560066223145,0.6378560066223145,0.6378560066223145,0.6378560066223145,0.6378560066223145
static_ptq_tail_eager_layer,static_ptq_tail,prefill,5,fp,input_norm,1,0.022431999444961548,0.022431999444961548,0.022431999444961548,0.022431999444961548,0.022431999444961548,0.022431999444961548,0.022431999444961548
static_ptq_tail_eager_layer,static_ptq_tail,prefill,5,fp,mlp,1,2.595776081085205,2.595776081085205,2.595776081085205,2.595776081085205,2.595776081085205,2.595776081085205,2.595776081085205
static_ptq_tail_eager_layer,static_ptq_tail,prefill,5,fp,post_attn_norm,1,0.01945599913597107,0.01945599913597107,0.01945599913597107,0.01945599913597107,0.01945599913597107,0.01945599913597107,0.01945599913597107
static_ptq_tail_eager_layer,static_ptq_tail,prefill,5,fp,total,1,3.2804160118103027,3.2804160118103027,3.2804160118103027,3.2804160118103027,3.2804160118103027,3.2804160118103027,3.2804160118103027
static_ptq_tail_eager_layer,static_ptq_tail,prefill,6,fp,attention,1,0.6371200084686279,0.6371200084686279,0.6371200084686279,0.6371200084686279,0.6371200084686279,0.6371200084686279,0.6371200084686279
static_ptq_tail_eager_layer,static_ptq_tail,prefill,6,fp,input_norm,1,0.02332800067961216,0.02332800067961216,0.02332800067961216,0.02332800067961216,0.02332800067961216,0.02332800067961216,0.02332800067961216
static_ptq_tail_eager_layer,static_ptq_tail,prefill,6,fp,mlp,1,2.603584051132202,2.603584051132202,2.603584051132202,2.603584051132202,2.603584051132202,2.603584051132202,2.603584051132202
static_ptq_tail_eager_layer,static_ptq_tail,prefill,6,fp,post_attn_norm,1,0.01942400075495243,0.01942400075495243,0.01942400075495243,0.01942400075495243,0.01942400075495243,0.01942400075495243,0.01942400075495243
static_ptq_tail_eager_layer,static_ptq_tail,prefill,6,fp,total,1,3.2879040241241455,3.2879040241241455,3.2879040241241455,3.2879040241241455,3.2879040241241455,3.2879040241241455,3.2879040241241455
static_ptq_tail_eager_layer,static_ptq_tail,prefill,7,fp,attention,1,0.6351360082626343,0.6351360082626343,0.6351360082626343,0.6351360082626343,0.6351360082626343,0.6351360082626343,0.6351360082626343
static_ptq_tail_eager_layer,static_ptq_tail,prefill,7,fp,input_norm,1,0.022975999861955643,0.022975999861955643,0.022975999861955643,0.022975999861955643,0.022975999861955643,0.022975999861955643,0.022975999861955643
static_ptq_tail_eager_layer,static_ptq_tail,prefill,7,fp,mlp,1,2.591264009475708,2.591264009475708,2.591264009475708,2.591264009475708,2.591264009475708,2.591264009475708,2.591264009475708
static_ptq_tail_eager_layer,static_ptq_tail,prefill,7,fp,post_attn_norm,1,0.01958400011062622,0.01958400011062622,0.01958400011062622,0.01958400011062622,0.01958400011062622,0.01958400011062622,0.01958400011062622
static_ptq_tail_eager_layer,static_ptq_tail,prefill,7,fp,total,1,3.273695945739746,3.273695945739746,3.273695945739746,3.273695945739746,3.273695945739746,3.273695945739746,3.273695945739746
static_ptq_tail_eager_layer,static_ptq_tail,prefill,8,fp,attention,1,0.6409599781036377,0.6409599781036377,0.6409599781036377,0.6409599781036377,0.6409599781036377,0.6409599781036377,0.6409599781036377
static_ptq_tail_eager_layer,static_ptq_tail,prefill,8,fp,input_norm,1,0.02304000034928322,0.02304000034928322,0.02304000034928322,0.02304000034928322,0.02304000034928322,0.02304000034928322,0.02304000034928322
static_ptq_tail_eager_layer,static_ptq_tail,prefill,8,fp,mlp,1,2.595263957977295,2.595263957977295,2.595263957977295,2.595263957977295,2.595263957977295,2.595263957977295,2.595263957977295
static_ptq_tail_eager_layer,static_ptq_tail,prefill,8,fp,post_attn_norm,1,0.019039999693632126,0.019039999693632126,0.019039999693632126,0.019039999693632126,0.019039999693632126,0.019039999693632126,0.019039999693632126
static_ptq_tail_eager_layer,static_ptq_tail,prefill,8,fp,total,1,3.283071994781494,3.283071994781494,3.283071994781494,3.283071994781494,3.283071994781494,3.283071994781494,3.283071994781494
static_ptq_tail_eager_layer,static_ptq_tail,prefill,9,fp,attention,1,0.6388159990310669,0.6388159990310669,0.6388159990310669,0.6388159990310669,0.6388159990310669,0.6388159990310669,0.6388159990310669
static_ptq_tail_eager_layer,static_ptq_tail,prefill,9,fp,input_norm,1,0.022624000906944275,0.022624000906944275,0.022624000906944275,0.022624000906944275,0.022624000906944275,0.022624000906944275,0.022624000906944275
static_ptq_tail_eager_layer,static_ptq_tail,prefill,9,fp,mlp,1,2.591200113296509,2.591200113296509,2.591200113296509,2.591200113296509,2.591200113296509,2.591200113296509,2.591200113296509
static_ptq_tail_eager_layer,static_ptq_tail,prefill,9,fp,post_attn_norm,1,0.019360000267624855,0.019360000267624855,0.019360000267624855,0.019360000267624855,0.019360000267624855,0.019360000267624855,0.019360000267624855
static_ptq_tail_eager_layer,static_ptq_tail,prefill,9,fp,total,1,3.2765119075775146,3.2765119075775146,3.2765119075775146,3.2765119075775146,3.2765119075775146,3.2765119075775146,3.2765119075775146
static_ptq_tail_eager_layer,static_ptq_tail,prefill,10,fp,attention,1,0.6369280219078064,0.6369280219078064,0.6369280219078064,0.6369280219078064,0.6369280219078064,0.6369280219078064,0.6369280219078064
static_ptq_tail_eager_layer,static_ptq_tail,prefill,10,fp,input_norm,1,0.022784000262618065,0.022784000262618065,0.022784000262618065,0.022784000262618065,0.022784000262618065,0.022784000262618065,0.022784000262618065
static_ptq_tail_eager_layer,static_ptq_tail,prefill,10,fp,mlp,1,2.5800960063934326,2.5800960063934326,2.5800960063934326,2.5800960063934326,2.5800960063934326,2.5800960063934326,2.5800960063934326
static_ptq_tail_eager_layer,static_ptq_tail,prefill,10,fp,post_attn_norm,1,0.019680000841617584,0.019680000841617584,0.019680000841617584,0.019680000841617584,0.019680000841617584,0.019680000841617584,0.019680000841617584
static_ptq_tail_eager_layer,static_ptq_tail,prefill,10,fp,total,1,3.2640318870544434,3.2640318870544434,3.2640318870544434,3.2640318870544434,3.2640318870544434,3.2640318870544434,3.2640318870544434
static_ptq_tail_eager_layer,static_ptq_tail,prefill,11,fp,attention,1,0.6375679969787598,0.6375679969787598,0.6375679969787598,0.6375679969787598,0.6375679969787598,0.6375679969787598,0.6375679969787598
static_ptq_tail_eager_layer,static_ptq_tail,prefill,11,fp,input_norm,1,0.02223999984562397,0.02223999984562397,0.02223999984562397,0.02223999984562397,0.02223999984562397,0.02223999984562397,0.02223999984562397
static_ptq_tail_eager_layer,static_ptq_tail,prefill,11,fp,mlp,1,2.588671922683716,2.588671922683716,2.588671922683716,2.588671922683716,2.588671922683716,2.588671922683716,2.588671922683716
static_ptq_tail_eager_layer,static_ptq_tail,prefill,11,fp,post_attn_norm,1,0.01942400075495243,0.01942400075495243,0.01942400075495243,0.01942400075495243,0.01942400075495243,0.01942400075495243,0.01942400075495243
static_ptq_tail_eager_layer,static_ptq_tail,prefill,11,fp,total,1,3.2727038860321045,3.2727038860321045,3.2727038860321045,3.2727038860321045,3.2727038860321045,3.2727038860321045,3.2727038860321045
static_ptq_tail_eager_layer,static_ptq_tail,prefill,12,fp,attention,1,0.6404479742050171,0.6404479742050171,0.6404479742050171,0.6404479742050171,0.6404479742050171,0.6404479742050171,0.6404479742050171
static_ptq_tail_eager_layer,static_ptq_tail,prefill,12,fp,input_norm,1,0.022943999618291855,0.022943999618291855,0.022943999618291855,0.022943999618291855,0.022943999618291855,0.022943999618291855,0.022943999618291855
static_ptq_tail_eager_layer,static_ptq_tail,prefill,12,fp,mlp,1,2.608544111251831,2.608544111251831,2.608544111251831,2.608544111251831,2.608544111251831,2.608544111251831,2.608544111251831
static_ptq_tail_eager_layer,static_ptq_tail,prefill,12,fp,post_attn_norm,1,0.02038400061428547,0.02038400061428547,0.02038400061428547,0.02038400061428547,0.02038400061428547,0.02038400061428547,0.02038400061428547
static_ptq_tail_eager_layer,static_ptq_tail,prefill,12,fp,total,1,3.296895980834961,3.296895980834961,3.296895980834961,3.296895980834961,3.296895980834961,3.296895980834961,3.296895980834961
static_ptq_tail_eager_layer,static_ptq_tail,prefill,13,fp,attention,1,0.6338880062103271,0.6338880062103271,0.6338880062103271,0.6338880062103271,0.6338880062103271,0.6338880062103271,0.6338880062103271
static_ptq_tail_eager_layer,static_ptq_tail,prefill,13,fp,input_norm,1,0.022816000506281853,0.022816000506281853,0.022816000506281853,0.022816000506281853,0.022816000506281853,0.022816000506281853,0.022816000506281853
static_ptq_tail_eager_layer,static_ptq_tail,prefill,13,fp,mlp,1,2.6451520919799805,2.6451520919799805,2.6451520919799805,2.6451520919799805,2.6451520919799805,2.6451520919799805,2.6451520919799805
static_ptq_tail_eager_layer,static_ptq_tail,prefill,13,fp,post_attn_norm,1,0.019519999623298645,0.019519999623298645,0.019519999623298645,0.019519999623298645,0.019519999623298645,0.019519999623298645,0.019519999623298645
static_ptq_tail_eager_layer,static_ptq_tail,prefill,13,fp,total,1,3.3259201049804688,3.3259201049804688,3.3259201049804688,3.3259201049804688,3.3259201049804688,3.3259201049804688,3.3259201049804688
static_ptq_tail_eager_layer,static_ptq_tail,prefill,14,fp,attention,1,0.6464639902114868,0.6464639902114868,0.6464639902114868,0.6464639902114868,0.6464639902114868,0.6464639902114868,0.6464639902114868
static_ptq_tail_eager_layer,static_ptq_tail,prefill,14,fp,input_norm,1,0.02319999970495701,0.02319999970495701,0.02319999970495701,0.02319999970495701,0.02319999970495701,0.02319999970495701,0.02319999970495701
static_ptq_tail_eager_layer,static_ptq_tail,prefill,14,fp,mlp,1,2.6407039165496826,2.6407039165496826,2.6407039165496826,2.6407039165496826,2.6407039165496826,2.6407039165496826,2.6407039165496826
static_ptq_tail_eager_layer,static_ptq_tail,prefill,14,fp,post_attn_norm,1,0.019551999866962433,0.019551999866962433,0.019551999866962433,0.019551999866962433,0.019551999866962433,0.019551999866962433,0.019551999866962433
static_ptq_tail_eager_layer,static_ptq_tail,prefill,14,fp,total,1,3.3341760635375977,3.3341760635375977,3.3341760635375977,3.3341760635375977,3.3341760635375977,3.3341760635375977,3.3341760635375977
static_ptq_tail_eager_layer,static_ptq_tail,prefill,15,fp,attention,1,0.637503981590271,0.637503981590271,0.637503981590271,0.637503981590271,0.637503981590271,0.637503981590271,0.637503981590271
static_ptq_tail_eager_layer,static_ptq_tail,prefill,15,fp,input_norm,1,0.022207999601960182,0.022207999601960182,0.022207999601960182,0.022207999601960182,0.022207999601960182,0.022207999601960182,0.022207999601960182
static_ptq_tail_eager_layer,static_ptq_tail,prefill,15,fp,mlp,1,2.5922560691833496,2.5922560691833496,2.5922560691833496,2.5922560691833496,2.5922560691833496,2.5922560691833496,2.5922560691833496
static_ptq_tail_eager_layer,static_ptq_tail,prefill,15,fp,post_attn_norm,1,0.01974399946630001,0.01974399946630001,0.01974399946630001,0.01974399946630001,0.01974399946630001,0.01974399946630001,0.01974399946630001
static_ptq_tail_eager_layer,static_ptq_tail,prefill,15,fp,total,1,3.2760961055755615,3.2760961055755615,3.2760961055755615,3.2760961055755615,3.2760961055755615,3.2760961055755615,3.2760961055755615
static_ptq_tail_eager_layer,static_ptq_tail,prefill,16,fp,attention,1,0.6392959952354431,0.6392959952354431,0.6392959952354431,0.6392959952354431,0.6392959952354431,0.6392959952354431,0.6392959952354431
static_ptq_tail_eager_layer,static_ptq_tail,prefill,16,fp,input_norm,1,0.02319999970495701,0.02319999970495701,0.02319999970495701,0.02319999970495701,0.02319999970495701,0.02319999970495701,0.02319999970495701
static_ptq_tail_eager_layer,static_ptq_tail,prefill,16,fp,mlp,1,2.5899839401245117,2.5899839401245117,2.5899839401245117,2.5899839401245117,2.5899839401245117,2.5899839401245117,2.5899839401245117
static_ptq_tail_eager_layer,static_ptq_tail,prefill,16,fp,post_attn_norm,1,0.01894400082528591,0.01894400082528591,0.01894400082528591,0.01894400082528591,0.01894400082528591,0.01894400082528591,0.01894400082528591
static_ptq_tail_eager_layer,static_ptq_tail,prefill,16,fp,total,1,3.2761600017547607,3.2761600017547607,3.2761600017547607,3.2761600017547607,3.2761600017547607,3.2761600017547607,3.2761600017547607
static_ptq_tail_eager_layer,static_ptq_tail,prefill,17,fp,attention,1,0.6388800144195557,0.6388800144195557,0.6388800144195557,0.6388800144195557,0.6388800144195557,0.6388800144195557,0.6388800144195557
static_ptq_tail_eager_layer,static_ptq_tail,prefill,17,fp,input_norm,1,0.022975999861955643,0.022975999861955643,0.022975999861955643,0.022975999861955643,0.022975999861955643,0.022975999861955643,0.022975999861955643
static_ptq_tail_eager_layer,static_ptq_tail,prefill,17,fp,mlp,1,2.587455987930298,2.587455987930298,2.587455987930298,2.587455987930298,2.587455987930298,2.587455987930298,2.587455987930298
static_ptq_tail_eager_layer,static_ptq_tail,prefill,17,fp,post_attn_norm,1,0.019999999552965164,0.019999999552965164,0.019999999552965164,0.019999999552965164,0.019999999552965164,0.019999999552965164,0.019999999552965164
static_ptq_tail_eager_layer,static_ptq_tail,prefill,17,fp,total,1,3.273952007293701,3.273952007293701,3.273952007293701,3.273952007293701,3.273952007293701,3.273952007293701,3.273952007293701
static_ptq_tail_eager_layer,static_ptq_tail,prefill,18,fp,attention,1,0.635487973690033,0.635487973690033,0.635487973690033,0.635487973690033,0.635487973690033,0.635487973690033,0.635487973690033
static_ptq_tail_eager_layer,static_ptq_tail,prefill,18,fp,input_norm,1,0.022495999932289124,0.022495999932289124,0.022495999932289124,0.022495999932289124,0.022495999932289124,0.022495999932289124,0.022495999932289124
static_ptq_tail_eager_layer,static_ptq_tail,prefill,18,fp,mlp,1,2.591007947921753,2.591007947921753,2.591007947921753,2.591007947921753,2.591007947921753,2.591007947921753,2.591007947921753
static_ptq_tail_eager_layer,static_ptq_tail,prefill,18,fp,post_attn_norm,1,0.019071999937295914,0.019071999937295914,0.019071999937295914,0.019071999937295914,0.019071999937295914,0.019071999937295914,0.019071999937295914
static_ptq_tail_eager_layer,static_ptq_tail,prefill,18,fp,total,1,3.2726399898529053,3.2726399898529053,3.2726399898529053,3.2726399898529053,3.2726399898529053,3.2726399898529053,3.2726399898529053
static_ptq_tail_eager_layer,static_ptq_tail,prefill,19,fp,attention,1,0.6353920102119446,0.6353920102119446,0.6353920102119446,0.6353920102119446,0.6353920102119446,0.6353920102119446,0.6353920102119446
static_ptq_tail_eager_layer,static_ptq_tail,prefill,19,fp,input_norm,1,0.022304000332951546,0.022304000332951546,0.022304000332951546,0.022304000332951546,0.022304000332951546,0.022304000332951546,0.022304000332951546
static_ptq_tail_eager_layer,static_ptq_tail,prefill,19,fp,mlp,1,2.5937600135803223,2.5937600135803223,2.5937600135803223,2.5937600135803223,2.5937600135803223,2.5937600135803223,2.5937600135803223
static_ptq_tail_eager_layer,static_ptq_tail,prefill,19,fp,post_attn_norm,1,0.019648000597953796,0.019648000597953796,0.019648000597953796,0.019648000597953796,0.019648000597953796,0.019648000597953796,0.019648000597953796
static_ptq_tail_eager_layer,static_ptq_tail,prefill,19,fp,total,1,3.2756481170654297,3.2756481170654297,3.2756481170654297,3.2756481170654297,3.2756481170654297,3.2756481170654297,3.2756481170654297
static_ptq_tail_eager_layer,static_ptq_tail,prefill,20,fp,attention,1,0.6369919776916504,0.6369919776916504,0.6369919776916504,0.6369919776916504,0.6369919776916504,0.6369919776916504,0.6369919776916504
static_ptq_tail_eager_layer,static_ptq_tail,prefill,20,fp,input_norm,1,0.022911999374628067,0.022911999374628067,0.022911999374628067,0.022911999374628067,0.022911999374628067,0.022911999374628067,0.022911999374628067
static_ptq_tail_eager_layer,static_ptq_tail,prefill,20,fp,mlp,1,2.5883519649505615,2.5883519649505615,2.5883519649505615,2.5883519649505615,2.5883519649505615,2.5883519649505615,2.5883519649505615
static_ptq_tail_eager_layer,static_ptq_tail,prefill,20,fp,post_attn_norm,1,0.01945599913597107,0.01945599913597107,0.01945599913597107,0.01945599913597107,0.01945599913597107,0.01945599913597107,0.01945599913597107
static_ptq_tail_eager_layer,static_ptq_tail,prefill,20,fp,total,1,3.27238392829895,3.27238392829895,3.27238392829895,3.27238392829895,3.27238392829895,3.27238392829895,3.27238392829895
static_ptq_tail_eager_layer,static_ptq_tail,prefill,21,fp,attention,1,0.6325759887695312,0.6325759887695312,0.6325759887695312,0.6325759887695312,0.6325759887695312,0.6325759887695312,0.6325759887695312
static_ptq_tail_eager_layer,static_ptq_tail,prefill,21,fp,input_norm,1,0.022943999618291855,0.022943999618291855,0.022943999618291855,0.022943999618291855,0.022943999618291855,0.022943999618291855,0.022943999618291855
static_ptq_tail_eager_layer,static_ptq_tail,prefill,21,fp,mlp,1,2.5916481018066406,2.5916481018066406,2.5916481018066406,2.5916481018066406,2.5916481018066406,2.5916481018066406,2.5916481018066406
static_ptq_tail_eager_layer,static_ptq_tail,prefill,21,fp,post_attn_norm,1,0.019711999222636223,0.019711999222636223,0.019711999222636223,0.019711999222636223,0.019711999222636223,0.019711999222636223,0.019711999222636223
static_ptq_tail_eager_layer,static_ptq_tail,prefill,21,fp,total,1,3.271519899368286,3.271519899368286,3.271519899368286,3.271519899368286,3.271519899368286,3.271519899368286,3.271519899368286
static_ptq_tail_eager_layer,static_ptq_tail,prefill,22,fp,attention,1,0.6384320259094238,0.6384320259094238,0.6384320259094238,0.6384320259094238,0.6384320259094238,0.6384320259094238,0.6384320259094238
static_ptq_tail_eager_layer,static_ptq_tail,prefill,22,fp,input_norm,1,0.023360000923275948,0.023360000923275948,0.023360000923275948,0.023360000923275948,0.023360000923275948,0.023360000923275948,0.023360000923275948
static_ptq_tail_eager_layer,static_ptq_tail,prefill,22,fp,mlp,1,2.5922560691833496,2.5922560691833496,2.5922560691833496,2.5922560691833496,2.5922560691833496,2.5922560691833496,2.5922560691833496
static_ptq_tail_eager_layer,static_ptq_tail,prefill,22,fp,post_attn_norm,1,0.01990400068461895,0.01990400068461895,0.01990400068461895,0.01990400068461895,0.01990400068461895,0.01990400068461895,0.01990400068461895
static_ptq_tail_eager_layer,static_ptq_tail,prefill,22,fp,total,1,3.278656005859375,3.278656005859375,3.278656005859375,3.278656005859375,3.278656005859375,3.278656005859375,3.278656005859375
static_ptq_tail_eager_layer,static_ptq_tail,prefill,23,fp,attention,1,0.6361280083656311,0.6361280083656311,0.6361280083656311,0.6361280083656311,0.6361280083656311,0.6361280083656311,0.6361280083656311
static_ptq_tail_eager_layer,static_ptq_tail,prefill,23,fp,input_norm,1,0.022911999374628067,0.022911999374628067,0.022911999374628067,0.022911999374628067,0.022911999374628067,0.022911999374628067,0.022911999374628067
static_ptq_tail_eager_layer,static_ptq_tail,prefill,23,fp,mlp,1,2.5956480503082275,2.5956480503082275,2.5956480503082275,2.5956480503082275,2.5956480503082275,2.5956480503082275,2.5956480503082275
static_ptq_tail_eager_layer,static_ptq_tail,prefill,23,fp,post_attn_norm,1,0.019648000597953796,0.019648000597953796,0.019648000597953796,0.019648000597953796,0.019648000597953796,0.019648000597953796,0.019648000597953796
static_ptq_tail_eager_layer,static_ptq_tail,prefill,23,fp,total,1,3.2788479328155518,3.2788479328155518,3.2788479328155518,3.2788479328155518,3.2788479328155518,3.2788479328155518,3.2788479328155518
static_ptq_tail_eager_layer,static_ptq_tail,prefill,24,fp,attention,1,0.6362879872322083,0.6362879872322083,0.6362879872322083,0.6362879872322083,0.6362879872322083,0.6362879872322083,0.6362879872322083
static_ptq_tail_eager_layer,static_ptq_tail,prefill,24,fp,input_norm,1,0.02348800003528595,0.02348800003528595,0.02348800003528595,0.02348800003528595,0.02348800003528595,0.02348800003528595,0.02348800003528595
static_ptq_tail_eager_layer,static_ptq_tail,prefill,24,fp,mlp,1,2.579871892929077,2.579871892929077,2.579871892929077,2.579871892929077,2.579871892929077,2.579871892929077,2.579871892929077
static_ptq_tail_eager_layer,static_ptq_tail,prefill,24,fp,post_attn_norm,1,0.01897599920630455,0.01897599920630455,0.01897599920630455,0.01897599920630455,0.01897599920630455,0.01897599920630455,0.01897599920630455
static_ptq_tail_eager_layer,static_ptq_tail,prefill,24,fp,total,1,3.2632319927215576,3.2632319927215576,3.2632319927215576,3.2632319927215576,3.2632319927215576,3.2632319927215576,3.2632319927215576
static_ptq_tail_eager_layer,static_ptq_tail,prefill,25,fp,attention,1,0.6333760023117065,0.6333760023117065,0.6333760023117065,0.6333760023117065,0.6333760023117065,0.6333760023117065,0.6333760023117065
static_ptq_tail_eager_layer,static_ptq_tail,prefill,25,fp,input_norm,1,0.02284800074994564,0.02284800074994564,0.02284800074994564,0.02284800074994564,0.02284800074994564,0.02284800074994564,0.02284800074994564
static_ptq_tail_eager_layer,static_ptq_tail,prefill,25,fp,mlp,1,2.582240104675293,2.582240104675293,2.582240104675293,2.582240104675293,2.582240104675293,2.582240104675293,2.582240104675293
static_ptq_tail_eager_layer,static_ptq_tail,prefill,25,fp,post_attn_norm,1,0.019551999866962433,0.019551999866962433,0.019551999866962433,0.019551999866962433,0.019551999866962433,0.019551999866962433,0.019551999866962433
static_ptq_tail_eager_layer,static_ptq_tail,prefill,25,fp,total,1,3.2625598907470703,3.2625598907470703,3.2625598907470703,3.2625598907470703,3.2625598907470703,3.2625598907470703,3.2625598907470703
static_ptq_tail_eager_layer,static_ptq_tail,prefill,26,fp,attention,1,0.6319680213928223,0.6319680213928223,0.6319680213928223,0.6319680213928223,0.6319680213928223,0.6319680213928223,0.6319680213928223
static_ptq_tail_eager_layer,static_ptq_tail,prefill,26,fp,input_norm,1,0.02287999913096428,0.02287999913096428,0.02287999913096428,0.02287999913096428,0.02287999913096428,0.02287999913096428,0.02287999913096428
static_ptq_tail_eager_layer,static_ptq_tail,prefill,26,fp,mlp,1,2.5887999534606934,2.5887999534606934,2.5887999534606934,2.5887999534606934,2.5887999534606934,2.5887999534606934,2.5887999534606934
static_ptq_tail_eager_layer,static_ptq_tail,prefill,26,fp,post_attn_norm,1,0.018912000581622124,0.018912000581622124,0.018912000581622124,0.018912000581622124,0.018912000581622124,0.018912000581622124,0.018912000581622124
static_ptq_tail_eager_layer,static_ptq_tail,prefill,26,fp,total,1,3.2671360969543457,3.2671360969543457,3.2671360969543457,3.2671360969543457,3.2671360969543457,3.2671360969543457,3.2671360969543457
static_ptq_tail_eager_layer,static_ptq_tail,prefill,27,fp,attention,1,0.6364160180091858,0.6364160180091858,0.6364160180091858,0.6364160180091858,0.6364160180091858,0.6364160180091858,0.6364160180091858
static_ptq_tail_eager_layer,static_ptq_tail,prefill,27,fp,input_norm,1,0.02223999984562397,0.02223999984562397,0.02223999984562397,0.02223999984562397,0.02223999984562397,0.02223999984562397,0.02223999984562397
static_ptq_tail_eager_layer,static_ptq_tail,prefill,27,fp,mlp,1,2.597759962081909,2.597759962081909,2.597759962081909,2.597759962081909,2.597759962081909,2.597759962081909,2.597759962081909
static_ptq_tail_eager_layer,static_ptq_tail,prefill,27,fp,post_attn_norm,1,0.020031999796628952,0.020031999796628952,0.020031999796628952,0.020031999796628952,0.020031999796628952,0.020031999796628952,0.020031999796628952
static_ptq_tail_eager_layer,static_ptq_tail,prefill,27,fp,total,1,3.280992031097412,3.280992031097412,3.280992031097412,3.280992031097412,3.280992031097412,3.280992031097412,3.280992031097412
static_ptq_tail_eager_layer,static_ptq_tail,prefill,28,fp,attention,1,0.6342080235481262,0.6342080235481262,0.6342080235481262,0.6342080235481262,0.6342080235481262,0.6342080235481262,0.6342080235481262
static_ptq_tail_eager_layer,static_ptq_tail,prefill,28,fp,input_norm,1,0.02316799946129322,0.02316799946129322,0.02316799946129322,0.02316799946129322,0.02316799946129322,0.02316799946129322,0.02316799946129322
static_ptq_tail_eager_layer,static_ptq_tail,prefill,28,fp,mlp,1,2.5881919860839844,2.5881919860839844,2.5881919860839844,2.5881919860839844,2.5881919860839844,2.5881919860839844,2.5881919860839844
static_ptq_tail_eager_layer,static_ptq_tail,prefill,28,fp,post_attn_norm,1,0.01881599985063076,0.01881599985063076,0.01881599985063076,0.01881599985063076,0.01881599985063076,0.01881599985063076,0.01881599985063076
static_ptq_tail_eager_layer,static_ptq_tail,prefill,28,fp,total,1,3.269279956817627,3.269279956817627,3.269279956817627,3.269279956817627,3.269279956817627,3.269279956817627,3.269279956817627
static_ptq_tail_eager_layer,static_ptq_tail,prefill,29,fp,attention,1,0.636896014213562,0.636896014213562,0.636896014213562,0.636896014213562,0.636896014213562,0.636896014213562,0.636896014213562
static_ptq_tail_eager_layer,static_ptq_tail,prefill,29,fp,input_norm,1,0.022816000506281853,0.022816000506281853,0.022816000506281853,0.022816000506281853,0.022816000506281853,0.022816000506281853,0.022816000506281853
static_ptq_tail_eager_layer,static_ptq_tail,prefill,29,fp,mlp,1,2.5946879386901855,2.5946879386901855,2.5946879386901855,2.5946879386901855,2.5946879386901855,2.5946879386901855,2.5946879386901855
static_ptq_tail_eager_layer,static_ptq_tail,prefill,29,fp,post_attn_norm,1,0.019360000267624855,0.019360000267624855,0.019360000267624855,0.019360000267624855,0.019360000267624855,0.019360000267624855,0.019360000267624855
static_ptq_tail_eager_layer,static_ptq_tail,prefill,29,fp,total,1,3.278143882751465,3.278143882751465,3.278143882751465,3.278143882751465,3.278143882751465,3.278143882751465,3.278143882751465
static_ptq_tail_eager_layer,static_ptq_tail,prefill,30,fp,attention,1,0.6338559985160828,0.6338559985160828,0.6338559985160828,0.6338559985160828,0.6338559985160828,0.6338559985160828,0.6338559985160828
static_ptq_tail_eager_layer,static_ptq_tail,prefill,30,fp,input_norm,1,0.02271999977529049,0.02271999977529049,0.02271999977529049,0.02271999977529049,0.02271999977529049,0.02271999977529049,0.02271999977529049
static_ptq_tail_eager_layer,static_ptq_tail,prefill,30,fp,mlp,1,2.6027519702911377,2.6027519702911377,2.6027519702911377,2.6027519702911377,2.6027519702911377,2.6027519702911377,2.6027519702911377
static_ptq_tail_eager_layer,static_ptq_tail,prefill,30,fp,post_attn_norm,1,0.019071999937295914,0.019071999937295914,0.019071999937295914,0.019071999937295914,0.019071999937295914,0.019071999937295914,0.019071999937295914
static_ptq_tail_eager_layer,static_ptq_tail,prefill,30,fp,total,1,3.2831039428710938,3.2831039428710938,3.2831039428710938,3.2831039428710938,3.2831039428710938,3.2831039428710938,3.2831039428710938
static_ptq_tail_eager_layer,static_ptq_tail,prefill,31,fp,attention,1,0.6338880062103271,0.6338880062103271,0.6338880062103271,0.6338880062103271,0.6338880062103271,0.6338880062103271,0.6338880062103271
static_ptq_tail_eager_layer,static_ptq_tail,prefill,31,fp,input_norm,1,0.02287999913096428,0.02287999913096428,0.02287999913096428,0.02287999913096428,0.02287999913096428,0.02287999913096428,0.02287999913096428
static_ptq_tail_eager_layer,static_ptq_tail,prefill,31,fp,mlp,1,2.5817599296569824,2.5817599296569824,2.5817599296569824,2.5817599296569824,2.5817599296569824,2.5817599296569824,2.5817599296569824
static_ptq_tail_eager_layer,static_ptq_tail,prefill,31,fp,post_attn_norm,1,0.019648000597953796,0.019648000597953796,0.019648000597953796,0.019648000597953796,0.019648000597953796,0.019648000597953796,0.019648000597953796
static_ptq_tail_eager_layer,static_ptq_tail,prefill,31,fp,total,1,3.2628800868988037,3.2628800868988037,3.2628800868988037,3.2628800868988037,3.2628800868988037,3.2628800868988037,3.2628800868988037
static_ptq_tail_eager_layer,static_ptq_tail,prefill,32,fp,attention,1,0.633247971534729,0.633247971534729,0.633247971534729,0.633247971534729,0.633247971534729,0.633247971534729,0.633247971534729
static_ptq_tail_eager_layer,static_ptq_tail,prefill,32,fp,input_norm,1,0.02287999913096428,0.02287999913096428,0.02287999913096428,0.02287999913096428,0.02287999913096428,0.02287999913096428,0.02287999913096428
static_ptq_tail_eager_layer,static_ptq_tail,prefill,32,fp,mlp,1,2.5919039249420166,2.5919039249420166,2.5919039249420166,2.5919039249420166,2.5919039249420166,2.5919039249420166,2.5919039249420166
static_ptq_tail_eager_layer,static_ptq_tail,prefill,32,fp,post_attn_norm,1,0.01894400082528591,0.01894400082528591,0.01894400082528591,0.01894400082528591,0.01894400082528591,0.01894400082528591,0.01894400082528591
static_ptq_tail_eager_layer,static_ptq_tail,prefill,32,fp,total,1,3.2715840339660645,3.2715840339660645,3.2715840339660645,3.2715840339660645,3.2715840339660645,3.2715840339660645,3.2715840339660645
