profile,mode,execution_mode,detail,event_type,phase,stage,count,total_ms,mean_ms,median_ms,p90_ms,p99_ms,min_ms,max_ms
full_fp_cudagraph,full_fp,cudagraph,runtime,cpu,decode,cpu.engine.process_aborts,31,0.261128,0.008423483870967741,0.007585,0.012478,0.0163244,0.005599,0.01667
full_fp_cudagraph,full_fp,cudagraph,runtime,cpu,decode,cpu.executor.sample_and_sync,31,24.287872,0.7834797419354839,0.766524,0.860012,0.9383050999999999,0.723024,0.943421
full_fp_cudagraph,full_fp,cudagraph,runtime,cpu,decode,cpu.executor.submit_model,31,85.704167,2.7646505483870967,2.600843,3.284584,4.195439899999999,2.437082,4.5071
full_fp_cudagraph,full_fp,cudagraph,runtime,cpu,decode,cpu.output.process_and_detokenize,31,2.038365,0.06575370967741935,0.062847,0.076627,0.13520779999999993,0.04876,0.159683
full_fp_cudagraph,full_fp,cudagraph,runtime,cpu,decode,cpu.output.wait_gpu_to_cpu,31,2587.413186,83.46494148387097,84.038131,84.325921,84.61623829999999,70.977681,84.73379
full_fp_cudagraph,full_fp,cudagraph,runtime,cpu,decode,cpu.runner.select_execution_shape,31,1.5444309999999999,0.049820354838709675,0.048728,0.064661,0.066817,0.037497,0.06733
full_fp_cudagraph,full_fp,cudagraph,runtime,cpu,decode,cpu.runner.update_states,31,1.342401,0.04330325806451613,0.042009,0.053153,0.07788729999999998,0.032026,0.087121
full_fp_cudagraph,full_fp,cudagraph,runtime,cpu,decode,cpu.scheduler.grammar_mask,31,0.101366,0.0032698709677419354,0.003232,0.003712,0.0039296,0.002624,0.003968
full_fp_cudagraph,full_fp,cudagraph,runtime,cpu,decode,cpu.scheduler.update_output,31,1.49473,0.04821709677419355,0.044376,0.067668,0.07913219999999999,0.032347,0.081522
full_fp_cudagraph,full_fp,cudagraph,runtime,cpu,decode,gpu.compute_logits,31,7.985656,0.2576018064516129,0.252213,0.29918,0.3128231,0.216037,0.315338
full_fp_cudagraph,full_fp,cudagraph,runtime,cpu,decode,gpu.model_forward,31,4.336803,0.13989687096774195,0.13844,0.160228,0.1654785,0.120555,0.166371
full_fp_cudagraph,full_fp,cudagraph,runtime,cpu,decode,gpu.sample_postprocess,31,1.708416,0.055110193548387094,0.054487,0.05935,0.0609792,0.0512,0.061056
full_fp_cudagraph,full_fp,cudagraph,runtime,cpu,decode,gpu.sampler,31,12.494836,0.4030592258064516,0.400091,0.434933,0.4701237,0.37284,0.47691
full_fp_cudagraph,full_fp,cudagraph,runtime,cpu,decode,runtime.prepare_attn_metadata,31,7.2467,0.23376451612903226,0.226361,0.258323,0.2871601,0.212891,0.295693
full_fp_cudagraph,full_fp,cudagraph,runtime,cpu,decode,runtime.prepare_inputs,31,48.110365,1.5519472580645162,1.451253,1.80372,2.742037299999999,1.319836,3.074407
full_fp_cudagraph,full_fp,cudagraph,runtime,cpu,decode,runtime.preprocess_model_inputs,31,0.915049,0.029517709677419356,0.028448,0.033274,0.0368605,0.02544,0.037273
full_fp_cudagraph,full_fp,cudagraph,runtime,cpu,decode,runtime.slot_mappings,31,1.54034,0.04968838709677419,0.04844,0.054785,0.058406,0.045848,0.058838
full_fp_cudagraph,full_fp,cudagraph,runtime,cpu,drain,cpu.engine.process_aborts,1,0.011134,0.011134,0.011134,0.011134,0.011134,0.011134,0.011134
full_fp_cudagraph,full_fp,cudagraph,runtime,cpu,drain,cpu.executor.submit_model,1,0.504745,0.504745,0.504745,0.504745,0.504745,0.504745,0.504745
full_fp_cudagraph,full_fp,cudagraph,runtime,cpu,drain,cpu.output.process_and_detokenize,1,0.082834,0.082834,0.082834,0.082834,0.082834,0.082834,0.082834
full_fp_cudagraph,full_fp,cudagraph,runtime,cpu,drain,cpu.output.wait_gpu_to_cpu,1,86.904991,86.904991,86.904991,86.904991,86.904991,86.904991,86.904991
full_fp_cudagraph,full_fp,cudagraph,runtime,cpu,drain,cpu.runner.update_states,1,0.366784,0.366784,0.366784,0.366784,0.366784,0.366784,0.366784
full_fp_cudagraph,full_fp,cudagraph,runtime,cpu,drain,cpu.scheduler.update_output,1,0.13812,0.13812,0.13812,0.13812,0.13812,0.13812,0.13812
full_fp_cudagraph,full_fp,cudagraph,runtime,cpu,prefill,cpu.engine.process_aborts,1,0.00944,0.00944,0.00944,0.00944,0.00944,0.00944,0.00944
full_fp_cudagraph,full_fp,cudagraph,runtime,cpu,prefill,cpu.executor.sample_and_sync,1,0.937525,0.937525,0.937525,0.937525,0.937525,0.937525,0.937525
full_fp_cudagraph,full_fp,cudagraph,runtime,cpu,prefill,cpu.executor.submit_model,1,38.752467,38.752467,38.752467,38.752467,38.752467,38.752467,38.752467
full_fp_cudagraph,full_fp,cudagraph,runtime,cpu,prefill,cpu.output.process_and_detokenize,1,0.008032,0.008032,0.008032,0.008032,0.008032,0.008032,0.008032
full_fp_cudagraph,full_fp,cudagraph,runtime,cpu,prefill,cpu.runner.select_execution_shape,1,0.039393,0.039393,0.039393,0.039393,0.039393,0.039393,0.039393
full_fp_cudagraph,full_fp,cudagraph,runtime,cpu,prefill,cpu.runner.update_states,1,0.573229,0.573229,0.573229,0.573229,0.573229,0.573229,0.573229
full_fp_cudagraph,full_fp,cudagraph,runtime,cpu,prefill,cpu.scheduler.grammar_mask,1,0.004224,0.004224,0.004224,0.004224,0.004224,0.004224,0.004224
full_fp_cudagraph,full_fp,cudagraph,runtime,cpu,prefill,cpu.scheduler.update_output,1,0.017985,0.017985,0.017985,0.017985,0.017985,0.017985,0.017985
full_fp_cudagraph,full_fp,cudagraph,runtime,cpu,prefill,gpu.compute_logits,1,0.225957,0.225957,0.225957,0.225957,0.225957,0.225957,0.225957
full_fp_cudagraph,full_fp,cudagraph,runtime,cpu,prefill,gpu.model_forward,1,35.458088,35.458088,35.458088,35.458088,35.458088,35.458088,35.458088
full_fp_cudagraph,full_fp,cudagraph,runtime,cpu,prefill,gpu.sample_postprocess,1,0.053985,0.053985,0.053985,0.053985,0.053985,0.053985,0.053985
full_fp_cudagraph,full_fp,cudagraph,runtime,cpu,prefill,gpu.sampler,1,0.433226,0.433226,0.433226,0.433226,0.433226,0.433226,0.433226
full_fp_cudagraph,full_fp,cudagraph,runtime,cpu,prefill,runtime.prepare_attn_metadata,1,0.268326,0.268326,0.268326,0.268326,0.268326,0.268326,0.268326
full_fp_cudagraph,full_fp,cudagraph,runtime,cpu,prefill,runtime.prepare_inputs,1,1.541763,1.541763,1.541763,1.541763,1.541763,1.541763,1.541763
full_fp_cudagraph,full_fp,cudagraph,runtime,cpu,prefill,runtime.preprocess_model_inputs,1,0.031745,0.031745,0.031745,0.031745,0.031745,0.031745,0.031745
full_fp_cudagraph,full_fp,cudagraph,runtime,cpu,prefill,runtime.slot_mappings,1,0.051713,0.051713,0.051713,0.051713,0.051713,0.051713,0.051713
full_fp_cudagraph,full_fp,cudagraph,runtime,cpu,request,cpu.request.engine_preprocess,1,0.043329,0.043329,0.043329,0.043329,0.043329,0.043329,0.043329
full_fp_cudagraph,full_fp,cudagraph,runtime,cpu,request,cpu.request.input_processing,1,0.831283,0.831283,0.831283,0.831283,0.831283,0.831283,0.831283
full_fp_cudagraph,full_fp,cudagraph,runtime,cpu,unknown,cpu.scheduler.schedule,33,3.319382,0.10058733333333333,0.096927,0.1259236,0.144499,0.064693,0.148675
full_fp_cudagraph,full_fp,cudagraph,runtime,gpu,decode,gpu.compute_logits,31,182.21283340454102,5.877833335630355,5.879807949066162,5.883520126342773,5.887801742553711,5.860799789428711,5.888512134552002
full_fp_cudagraph,full_fp,cudagraph,runtime,gpu,decode,gpu.model_forward,31,2535.5874557495117,81.79314373385522,81.77804565429688,81.79612731933594,82.08392181396485,81.72579193115234,82.16310119628906
full_fp_cudagraph,full_fp,cudagraph,runtime,gpu,decode,gpu.sample_postprocess,31,0.024128000484779477,0.0007783225962832089,0.0007680000271648169,0.0007999999797903001,0.0008960000122897327,0.0007360000163316727,0.0008960000122897327
full_fp_cudagraph,full_fp,cudagraph,runtime,gpu,decode,gpu.sampler,31,2.55433601886034,0.08239793609226903,0.08240000158548355,0.08287999778985977,0.08319040015339851,0.0814720019698143,0.08320000022649765
full_fp_cudagraph,full_fp,cudagraph,runtime,gpu,decode,runtime.prepare_inputs,31,2.0669760070741177,0.06667664538948767,0.06585600227117538,0.07462400197982788,0.07494399696588516,0.05491200089454651,0.07494399696588516
full_fp_cudagraph,full_fp,cudagraph,runtime,gpu,prefill,gpu.compute_logits,1,5.889440059661865,5.889440059661865,5.889440059661865,5.889440059661865,5.889440059661865,5.889440059661865,5.889440059661865
full_fp_cudagraph,full_fp,cudagraph,runtime,gpu,prefill,gpu.model_forward,1,105.71110534667969,105.71110534667969,105.71110534667969,105.71110534667969,105.71110534667969,105.71110534667969,105.71110534667969
full_fp_cudagraph,full_fp,cudagraph,runtime,gpu,prefill,gpu.sample_postprocess,1,0.0007360000163316727,0.0007360000163316727,0.0007360000163316727,0.0007360000163316727,0.0007360000163316727,0.0007360000163316727,0.0007360000163316727
full_fp_cudagraph,full_fp,cudagraph,runtime,gpu,prefill,gpu.sampler,1,0.08284799754619598,0.08284799754619598,0.08284799754619598,0.08284799754619598,0.08284799754619598,0.08284799754619598,0.08284799754619598
full_fp_cudagraph,full_fp,cudagraph,runtime,gpu,prefill,runtime.prepare_inputs,1,1.4618240594863892,1.4618240594863892,1.4618240594863892,1.4618240594863892,1.4618240594863892,1.4618240594863892,1.4618240594863892
static_ptq_tail_cudagraph,static_ptq_tail,cudagraph,runtime,cpu,decode,cpu.engine.process_aborts,31,0.261173,0.008424935483870967,0.008415,0.009407,0.012268099999999999,0.006528,0.012767
static_ptq_tail_cudagraph,static_ptq_tail,cudagraph,runtime,cpu,decode,cpu.executor.sample_and_sync,31,25.409558999999998,0.8196631935483871,0.807427,0.848738,1.0484934999999997,0.761637,1.129495
static_ptq_tail_cudagraph,static_ptq_tail,cudagraph,runtime,cpu,decode,cpu.executor.submit_model,31,88.745217,2.862748935483871,2.761726,3.289738,4.131026499999999,2.538886,4.440193
static_ptq_tail_cudagraph,static_ptq_tail,cudagraph,runtime,cpu,decode,cpu.output.process_and_detokenize,31,2.101207,0.06778087096774194,0.064669,0.074078,0.15015129999999993,0.054686,0.180793
static_ptq_tail_cudagraph,static_ptq_tail,cudagraph,runtime,cpu,decode,cpu.output.wait_gpu_to_cpu,31,1089.225339,35.13630125806451,34.065919,34.367029,59.325655499999975,32.329116,70.012185
static_ptq_tail_cudagraph,static_ptq_tail,cudagraph,runtime,cpu,decode,cpu.runner.select_execution_shape,31,1.551558,0.05005025806451613,0.048382,0.06211,0.0744229,0.040382,0.077533
static_ptq_tail_cudagraph,static_ptq_tail,cudagraph,runtime,cpu,decode,cpu.runner.update_states,31,1.432461,0.04620841935483871,0.043358,0.058974,0.08588139999999997,0.035614,0.096796
static_ptq_tail_cudagraph,static_ptq_tail,cudagraph,runtime,cpu,decode,cpu.scheduler.grammar_mask,31,0.100159,0.003230935483870968,0.003168,0.00368,0.004128,0.002624,0.004128
static_ptq_tail_cudagraph,static_ptq_tail,cudagraph,runtime,cpu,decode,cpu.scheduler.update_output,31,1.5523,0.050074193548387096,0.048766,0.059518,0.0785804,0.037407,0.08147
static_ptq_tail_cudagraph,static_ptq_tail,cudagraph,runtime,cpu,decode,gpu.compute_logits,31,8.184153,0.26400493548387094,0.260663,0.296213,0.3020882,0.235447,0.303125
static_ptq_tail_cudagraph,static_ptq_tail,cudagraph,runtime,cpu,decode,gpu.model_forward,31,4.632539,0.14943674193548387,0.144091,0.161403,0.21045979999999997,0.130619,0.226616
static_ptq_tail_cudagraph,static_ptq_tail,cudagraph,runtime,cpu,decode,gpu.sample_postprocess,31,1.743586,0.056244709677419354,0.054814,0.063902,0.06587609999999999,0.052414,0.06627
static_ptq_tail_cudagraph,static_ptq_tail,cudagraph,runtime,cpu,decode,gpu.sampler,31,13.215271,0.42629906451612903,0.417009,0.431185,0.6622418999999998,0.389394,0.754437
static_ptq_tail_cudagraph,static_ptq_tail,cudagraph,runtime,cpu,decode,runtime.prepare_attn_metadata,31,7.532978,0.24299929032258064,0.237688,0.254007,0.3921233999999999,0.208729,0.443184
static_ptq_tail_cudagraph,static_ptq_tail,cudagraph,runtime,cpu,decode,runtime.prepare_inputs,31,49.78625,1.606008064516129,1.539304,1.777153,2.773974799999999,1.405934,3.14312
static_ptq_tail_cudagraph,static_ptq_tail,cudagraph,runtime,cpu,decode,runtime.preprocess_model_inputs,31,1.01273,0.032668709677419354,0.03011,0.032543,0.08298929999999996,0.026879,0.097533
static_ptq_tail_cudagraph,static_ptq_tail,cudagraph,runtime,cpu,decode,runtime.slot_mappings,31,1.559465,0.05030532258064516,0.049918,0.052382,0.05629239999999999,0.046526,0.057406
static_ptq_tail_cudagraph,static_ptq_tail,cudagraph,runtime,cpu,drain,cpu.engine.process_aborts,1,0.006592,0.006592,0.006592,0.006592,0.006592,0.006592,0.006592
static_ptq_tail_cudagraph,static_ptq_tail,cudagraph,runtime,cpu,drain,cpu.executor.submit_model,1,0.398161,0.398161,0.398161,0.398161,0.398161,0.398161,0.398161
static_ptq_tail_cudagraph,static_ptq_tail,cudagraph,runtime,cpu,drain,cpu.output.process_and_detokenize,1,0.067901,0.067901,0.067901,0.067901,0.067901,0.067901,0.067901
static_ptq_tail_cudagraph,static_ptq_tail,cudagraph,runtime,cpu,drain,cpu.output.wait_gpu_to_cpu,1,37.35633,37.35633,37.35633,37.35633,37.35633,37.35633,37.35633
static_ptq_tail_cudagraph,static_ptq_tail,cudagraph,runtime,cpu,drain,cpu.runner.update_states,1,0.29071,0.29071,0.29071,0.29071,0.29071,0.29071,0.29071
static_ptq_tail_cudagraph,static_ptq_tail,cudagraph,runtime,cpu,drain,cpu.scheduler.update_output,1,0.095516,0.095516,0.095516,0.095516,0.095516,0.095516,0.095516
static_ptq_tail_cudagraph,static_ptq_tail,cudagraph,runtime,cpu,prefill,cpu.engine.process_aborts,1,0.008959,0.008959,0.008959,0.008959,0.008959,0.008959,0.008959
static_ptq_tail_cudagraph,static_ptq_tail,cudagraph,runtime,cpu,prefill,cpu.executor.sample_and_sync,1,0.859745,0.859745,0.859745,0.859745,0.859745,0.859745,0.859745
static_ptq_tail_cudagraph,static_ptq_tail,cudagraph,runtime,cpu,prefill,cpu.executor.submit_model,1,38.229609,38.229609,38.229609,38.229609,38.229609,38.229609,38.229609
static_ptq_tail_cudagraph,static_ptq_tail,cudagraph,runtime,cpu,prefill,cpu.output.process_and_detokenize,1,0.007103,0.007103,0.007103,0.007103,0.007103,0.007103,0.007103
static_ptq_tail_cudagraph,static_ptq_tail,cudagraph,runtime,cpu,prefill,cpu.runner.select_execution_shape,1,0.032319,0.032319,0.032319,0.032319,0.032319,0.032319,0.032319
static_ptq_tail_cudagraph,static_ptq_tail,cudagraph,runtime,cpu,prefill,cpu.runner.update_states,1,0.43096,0.43096,0.43096,0.43096,0.43096,0.43096,0.43096
static_ptq_tail_cudagraph,static_ptq_tail,cudagraph,runtime,cpu,prefill,cpu.scheduler.grammar_mask,1,0.004128,0.004128,0.004128,0.004128,0.004128,0.004128,0.004128
static_ptq_tail_cudagraph,static_ptq_tail,cudagraph,runtime,cpu,prefill,cpu.scheduler.update_output,1,0.015392,0.015392,0.015392,0.015392,0.015392,0.015392,0.015392
static_ptq_tail_cudagraph,static_ptq_tail,cudagraph,runtime,cpu,prefill,gpu.compute_logits,1,0.214553,0.214553,0.214553,0.214553,0.214553,0.214553,0.214553
static_ptq_tail_cudagraph,static_ptq_tail,cudagraph,runtime,cpu,prefill,gpu.model_forward,1,35.388399,35.388399,35.388399,35.388399,35.388399,35.388399,35.388399
static_ptq_tail_cudagraph,static_ptq_tail,cudagraph,runtime,cpu,prefill,gpu.sample_postprocess,1,0.05395,0.05395,0.05395,0.05395,0.05395,0.05395,0.05395
static_ptq_tail_cudagraph,static_ptq_tail,cudagraph,runtime,cpu,prefill,gpu.sampler,1,0.414929,0.414929,0.414929,0.414929,0.414929,0.414929,0.414929
static_ptq_tail_cudagraph,static_ptq_tail,cudagraph,runtime,cpu,prefill,runtime.prepare_attn_metadata,1,0.22188,0.22188,0.22188,0.22188,0.22188,0.22188,0.22188
static_ptq_tail_cudagraph,static_ptq_tail,cudagraph,runtime,cpu,prefill,runtime.prepare_inputs,1,1.423661,1.423661,1.423661,1.423661,1.423661,1.423661,1.423661
static_ptq_tail_cudagraph,static_ptq_tail,cudagraph,runtime,cpu,prefill,runtime.preprocess_model_inputs,1,0.030111,0.030111,0.030111,0.030111,0.030111,0.030111,0.030111
static_ptq_tail_cudagraph,static_ptq_tail,cudagraph,runtime,cpu,prefill,runtime.slot_mappings,1,0.049022,0.049022,0.049022,0.049022,0.049022,0.049022,0.049022
static_ptq_tail_cudagraph,static_ptq_tail,cudagraph,runtime,cpu,request,cpu.request.engine_preprocess,1,0.036479,0.036479,0.036479,0.036479,0.036479,0.036479,0.036479
static_ptq_tail_cudagraph,static_ptq_tail,cudagraph,runtime,cpu,request,cpu.request.input_processing,1,0.815011,0.815011,0.815011,0.815011,0.815011,0.815011,0.815011
static_ptq_tail_cudagraph,static_ptq_tail,cudagraph,runtime,cpu,unknown,cpu.scheduler.schedule,33,3.2990530000000002,0.09997130303030304,0.096829,0.1205912,0.14364844,0.043359,0.150427
static_ptq_tail_cudagraph,static_ptq_tail,cudagraph,runtime,gpu,decode,gpu.compute_logits,31,180.72368049621582,5.82979614503922,5.829279899597168,5.835072040557861,5.837164831161499,5.822336196899414,5.837471961975098
static_ptq_tail_cudagraph,static_ptq_tail,cudagraph,runtime,gpu,decode,gpu.model_forward,31,993.1523857116699,32.037173732634514,32.03654479980469,32.05059051513672,32.05773696899414,32.019168853759766,32.05897521972656
static_ptq_tail_cudagraph,static_ptq_tail,cudagraph,runtime,gpu,decode,gpu.sample_postprocess,31,0.028479999746195972,0.0009187096692321281,0.0008319999906234443,0.001088000019080937,0.0012383999535813927,0.0007999999797903001,0.001247999956831336
static_ptq_tail_cudagraph,static_ptq_tail,cudagraph,runtime,gpu,decode,gpu.sampler,31,2.5671999976038933,0.08281290314851268,0.08287999778985977,0.08355200290679932,0.08364800363779068,0.081727996468544,0.08364800363779068
static_ptq_tail_cudagraph,static_ptq_tail,cudagraph,runtime,gpu,decode,runtime.prepare_inputs,31,2.143647998571396,0.06914993543778697,0.07411199808120728,0.0748480036854744,0.07519039884209633,0.05491200089454651,0.07519999891519547
static_ptq_tail_cudagraph,static_ptq_tail,cudagraph,runtime,gpu,prefill,gpu.compute_logits,1,5.827104091644287,5.827104091644287,5.827104091644287,5.827104091644287,5.827104091644287,5.827104091644287,5.827104091644287
static_ptq_tail_cudagraph,static_ptq_tail,cudagraph,runtime,gpu,prefill,gpu.model_forward,1,105.58502197265625,105.58502197265625,105.58502197265625,105.58502197265625,105.58502197265625,105.58502197265625,105.58502197265625
static_ptq_tail_cudagraph,static_ptq_tail,cudagraph,runtime,gpu,prefill,gpu.sample_postprocess,1,0.0008319999906234443,0.0008319999906234443,0.0008319999906234443,0.0008319999906234443,0.0008319999906234443,0.0008319999906234443,0.0008319999906234443
static_ptq_tail_cudagraph,static_ptq_tail,cudagraph,runtime,gpu,prefill,gpu.sampler,1,0.0825280025601387,0.0825280025601387,0.0825280025601387,0.0825280025601387,0.0825280025601387,0.0825280025601387,0.0825280025601387
static_ptq_tail_cudagraph,static_ptq_tail,cudagraph,runtime,gpu,prefill,runtime.prepare_inputs,1,1.3358080387115479,1.3358080387115479,1.3358080387115479,1.3358080387115479,1.3358080387115479,1.3358080387115479,1.3358080387115479
full_fp_eager_layer,full_fp,eager,layer,cpu,decode,cpu.engine.process_aborts,31,0.350838,0.011317354838709678,0.010911,0.013504,0.014367,0.009279,0.014463
full_fp_eager_layer,full_fp,eager,layer,cpu,decode,cpu.executor.sample_and_sync,31,29.094979,0.9385477096774194,0.944073,0.965641,1.0138984999999998,0.88337,1.021127
full_fp_eager_layer,full_fp,eager,layer,cpu,decode,cpu.executor.submit_model,31,1701.078471,54.87349906451613,54.781847,55.370634,56.4962197,53.832428,56.812456
full_fp_eager_layer,full_fp,eager,layer,cpu,decode,cpu.output.process_and_detokenize,31,2.8455310000000003,0.09179132258064517,0.088958,0.098974,0.14258539999999997,0.08195,0.160604
full_fp_eager_layer,full_fp,eager,layer,cpu,decode,cpu.output.wait_gpu_to_cpu,31,983.223963,31.716902032258066,32.775563,33.16544,33.284754899999996,4.977384,33.322779
full_fp_eager_layer,full_fp,eager,layer,cpu,decode,cpu.runner.select_execution_shape,31,1.419038,0.04577541935483871,0.045951,0.048799,0.0560598,0.034079,0.056127
full_fp_eager_layer,full_fp,eager,layer,cpu,decode,cpu.runner.update_states,31,1.819766,0.05870212903225806,0.05619,0.067647,0.0864239,0.049023,0.089342
full_fp_eager_layer,full_fp,eager,layer,cpu,decode,cpu.scheduler.grammar_mask,31,0.14169400000000001,0.004570774193548387,0.004512,0.005184,0.005952,0.003808,0.006144
full_fp_eager_layer,full_fp,eager,layer,cpu,decode,cpu.scheduler.update_output,31,2.296494,0.07408045161290322,0.072862,0.079998,0.10154289999999999,0.064927,0.107197
full_fp_eager_layer,full_fp,eager,layer,cpu,decode,gpu.compute_logits,31,6.287305,0.20281629032258064,0.201499,0.205595,0.22479429999999997,0.195835,0.22921
full_fp_eager_layer,full_fp,eager,layer,cpu,decode,gpu.layer.01.fp.attention,31,31.901662,1.029085870967742,1.016456,1.083942,1.1600136,0.953801,1.164708
full_fp_eager_layer,full_fp,eager,layer,cpu,decode,gpu.layer.01.fp.input_norm,31,8.126045,0.2621304838709677,0.24377,0.360855,0.36921339999999997,0.204603,0.370135
full_fp_eager_layer,full_fp,eager,layer,cpu,decode,gpu.layer.01.fp.mlp,31,11.382863,0.3671891290322581,0.36652,0.376919,0.3987043,0.348951,0.400087
full_fp_eager_layer,full_fp,eager,layer,cpu,decode,gpu.layer.01.fp.post_attn_norm,31,4.832906,0.1559001935483871,0.154076,0.16342,0.18121199999999998,0.143133,0.18678
full_fp_eager_layer,full_fp,eager,layer,cpu,decode,gpu.layer.01.fp.total,31,62.147079,2.004744483870968,1.989936,2.163884,2.1967725999999996,1.825556,2.201707
full_fp_eager_layer,full_fp,eager,layer,cpu,decode,gpu.layer.02.fp.attention,31,25.698068,0.828969935483871,0.822092,0.865803,0.8847149999999999,0.788813,0.888555
full_fp_eager_layer,full_fp,eager,layer,cpu,decode,gpu.layer.02.fp.input_norm,31,4.299607,0.138697,0.135868,0.150972,0.1685147,0.130749,0.1751
full_fp_eager_layer,full_fp,eager,layer,cpu,decode,gpu.layer.02.fp.mlp,31,10.772127,0.34748796774193547,0.34508,0.35644,0.3726153,0.334008,0.375927
full_fp_eager_layer,full_fp,eager,layer,cpu,decode,gpu.layer.02.fp.post_attn_norm,31,4.484179,0.14465093548387098,0.141821,0.156764,0.1624511,0.135484,0.164093
full_fp_eager_layer,full_fp,eager,layer,cpu,decode,gpu.layer.02.fp.total,31,50.099368,1.6161086451612903,1.601562,1.677112,1.7192831,1.555002,1.731638
full_fp_eager_layer,full_fp,eager,layer,cpu,decode,gpu.layer.03.fp.attention,31,25.255425,0.814691129032258,0.810284,0.841932,0.8585742,0.787277,0.859563
full_fp_eager_layer,full_fp,eager,layer,cpu,decode,gpu.layer.03.fp.input_norm,31,4.179548,0.13482412903225807,0.133277,0.143805,0.14748719999999998,0.128509,0.1479
full_fp_eager_layer,full_fp,eager,layer,cpu,decode,gpu.layer.03.fp.mlp,31,10.614241,0.34239487096774196,0.340216,0.352791,0.3570189,0.326968,0.357048
full_fp_eager_layer,full_fp,eager,layer,cpu,decode,gpu.layer.03.fp.post_attn_norm,31,4.423793,0.142703,0.141661,0.149564,0.1550104,0.136348,0.155164
full_fp_eager_layer,full_fp,eager,layer,cpu,decode,gpu.layer.03.fp.total,31,49.249857,1.5887050645161291,1.58841,1.625337,1.6533168,1.529595,1.656792
full_fp_eager_layer,full_fp,eager,layer,cpu,decode,gpu.layer.04.fp.attention,31,25.113254,0.8101049677419355,0.805452,0.836332,0.8702606,0.782957,0.875723
full_fp_eager_layer,full_fp,eager,layer,cpu,decode,gpu.layer.04.fp.input_norm,31,4.161272,0.13423458064516128,0.133085,0.1415,0.1479039,0.129084,0.148029
full_fp_eager_layer,full_fp,eager,layer,cpu,decode,gpu.layer.04.fp.mlp,31,10.576036,0.3411624516129032,0.340152,0.348952,0.36065369999999997,0.33004,0.362679
full_fp_eager_layer,full_fp,eager,layer,cpu,decode,gpu.layer.04.fp.post_attn_norm,31,4.484792,0.14467070967741935,0.143325,0.151037,0.1568344,0.138076,0.157084
full_fp_eager_layer,full_fp,eager,layer,cpu,decode,gpu.layer.04.fp.total,31,49.147584,1.585405935483871,1.577402,1.615641,1.6810796,1.539163,1.706327
full_fp_eager_layer,full_fp,eager,layer,cpu,decode,gpu.layer.05.fp.attention,31,25.032902,0.8075129677419355,0.801069,0.836523,0.8553176,0.771789,0.857516
full_fp_eager_layer,full_fp,eager,layer,cpu,decode,gpu.layer.05.fp.input_norm,31,4.188794,0.13512238709677418,0.132893,0.14598,0.1492888,0.126749,0.150076
full_fp_eager_layer,full_fp,eager,layer,cpu,decode,gpu.layer.05.fp.mlp,31,10.639808,0.34321961290322583,0.338648,0.362935,0.3712678,0.330296,0.374359
full_fp_eager_layer,full_fp,eager,layer,cpu,decode,gpu.layer.05.fp.post_attn_norm,31,4.491252,0.14487909677419356,0.141245,0.159068,0.1749048,0.135261,0.179868
full_fp_eager_layer,full_fp,eager,layer,cpu,decode,gpu.layer.05.fp.total,31,49.184961,1.5866116451612904,1.581786,1.636985,1.6780073,1.524667,1.682903
full_fp_eager_layer,full_fp,eager,layer,cpu,decode,gpu.layer.06.fp.attention,31,26.755198,0.8630709032258065,0.802284,0.962633,1.5616525999999995,0.773006,1.810037
full_fp_eager_layer,full_fp,eager,layer,cpu,decode,gpu.layer.06.fp.input_norm,31,4.211226,0.135846,0.133853,0.146716,0.1524216,0.128413,0.153948
full_fp_eager_layer,full_fp,eager,layer,cpu,decode,gpu.layer.06.fp.mlp,31,10.96255,0.35363064516129034,0.339415,0.355863,0.6268646999999998,0.327512,0.732558
full_fp_eager_layer,full_fp,eager,layer,cpu,decode,gpu.layer.06.fp.post_attn_norm,31,4.497202,0.1450710322580645,0.143868,0.153532,0.1664632,0.134877,0.167164
full_fp_eager_layer,full_fp,eager,layer,cpu,decode,gpu.layer.06.fp.total,31,51.197135,1.6515204838709678,1.584346,1.75407,2.4377586999999994,1.510396,2.648224
full_fp_eager_layer,full_fp,eager,layer,cpu,decode,gpu.layer.07.fp.attention,31,24.963081,0.8052606774193548,0.803309,0.831404,0.8660526000000001,0.772269,0.867627
full_fp_eager_layer,full_fp,eager,layer,cpu,decode,gpu.layer.07.fp.input_norm,31,4.193083,0.13526074193548387,0.132508,0.145053,0.1552888,0.127197,0.157468
full_fp_eager_layer,full_fp,eager,layer,cpu,decode,gpu.layer.07.fp.mlp,31,10.61274,0.3423464516129032,0.33964,0.355639,0.35725209999999996,0.329368,0.357463
full_fp_eager_layer,full_fp,eager,layer,cpu,decode,gpu.layer.07.fp.post_attn_norm,31,4.434358,0.1430438064516129,0.141309,0.149501,0.159724,0.1359,0.160252
full_fp_eager_layer,full_fp,eager,layer,cpu,decode,gpu.layer.07.fp.total,31,48.965254,1.5795243225806452,1.579802,1.619673,1.6521584,1.523547,1.656056
full_fp_eager_layer,full_fp,eager,layer,cpu,decode,gpu.layer.08.fp.attention,31,25.111685,0.8100543548387097,0.807373,0.831052,0.8788494,0.779502,0.881067
full_fp_eager_layer,full_fp,eager,layer,cpu,decode,gpu.layer.08.fp.input_norm,31,4.177016,0.1347424516129032,0.132317,0.142493,0.1499032,0.128445,0.151708
full_fp_eager_layer,full_fp,eager,layer,cpu,decode,gpu.layer.08.fp.mlp,31,10.627393,0.3428191290322581,0.340728,0.354808,0.3669069,0.32908,0.370872
full_fp_eager_layer,full_fp,eager,layer,cpu,decode,gpu.layer.08.fp.post_attn_norm,31,4.444469,0.14336996774193547,0.141148,0.150972,0.1614363,0.135645,0.161724
full_fp_eager_layer,full_fp,eager,layer,cpu,decode,gpu.layer.08.fp.total,31,49.120032,1.5845171612903226,1.57561,1.625241,1.6730505,1.534907,1.675863
full_fp_eager_layer,full_fp,eager,layer,cpu,decode,gpu.layer.09.fp.attention,31,25.008227,0.806717,0.806316,0.827724,0.8676657,0.772621,0.873579
full_fp_eager_layer,full_fp,eager,layer,cpu,decode,gpu.layer.09.fp.input_norm,31,4.130879,0.13325416129032258,0.132029,0.139548,0.1477624,0.127997,0.148636
full_fp_eager_layer,full_fp,eager,layer,cpu,decode,gpu.layer.09.fp.mlp,31,10.530531,0.3396945483870968,0.33932,0.346487,0.35743769999999997,0.330168,0.358647
full_fp_eager_layer,full_fp,eager,layer,cpu,decode,gpu.layer.09.fp.post_attn_norm,31,4.481523,0.14456525806451612,0.143228,0.153917,0.1579739,0.137309,0.158396
full_fp_eager_layer,full_fp,eager,layer,cpu,decode,gpu.layer.09.fp.total,31,48.897513,1.577339129032258,1.574906,1.608729,1.6391319,1.521564,1.643481
full_fp_eager_layer,full_fp,eager,layer,cpu,decode,gpu.layer.10.fp.attention,31,25.168133,0.8118752580645161,0.808141,0.840812,0.847196,0.77803,0.847436
full_fp_eager_layer,full_fp,eager,layer,cpu,decode,gpu.layer.10.fp.input_norm,31,4.214557,0.13595345161290323,0.134525,0.147836,0.1528571,0.127261,0.153692
full_fp_eager_layer,full_fp,eager,layer,cpu,decode,gpu.layer.10.fp.mlp,31,10.55565,0.3405048387096774,0.338136,0.353815,0.3627593,0.320825,0.363959
full_fp_eager_layer,full_fp,eager,layer,cpu,decode,gpu.layer.10.fp.post_attn_norm,31,4.45954,0.14385612903225806,0.141469,0.15862,0.1625016,0.134653,0.163452
full_fp_eager_layer,full_fp,eager,layer,cpu,decode,gpu.layer.10.fp.total,31,49.183585,1.586567258064516,1.59113,1.625753,1.6491635,1.530139,1.65404
full_fp_eager_layer,full_fp,eager,layer,cpu,decode,gpu.layer.11.fp.attention,31,24.706188,0.7969738064516129,0.793965,0.814604,0.8398680000000001,0.766894,0.84462
full_fp_eager_layer,full_fp,eager,layer,cpu,decode,gpu.layer.11.fp.input_norm,31,4.117022,0.13280716129032258,0.132349,0.135548,0.1450971,0.128509,0.145212
full_fp_eager_layer,full_fp,eager,layer,cpu,decode,gpu.layer.11.fp.mlp,31,10.509635,0.3390204838709677,0.337464,0.348312,0.3583529,0.328216,0.359927
full_fp_eager_layer,full_fp,eager,layer,cpu,decode,gpu.layer.11.fp.post_attn_norm,31,4.383253,0.14139525806451614,0.140861,0.144476,0.15406319999999998,0.135773,0.154908
full_fp_eager_layer,full_fp,eager,layer,cpu,decode,gpu.layer.11.fp.total,31,48.434258,1.5623954193548386,1.564347,1.594682,1.6041789,1.518812,1.606617
full_fp_eager_layer,full_fp,eager,layer,cpu,decode,gpu.layer.12.fp.attention,31,24.782920999999998,0.7994490645161291,0.796077,0.828044,0.8613905,0.769997,0.870923
full_fp_eager_layer,full_fp,eager,layer,cpu,decode,gpu.layer.12.fp.input_norm,31,4.158078,0.1341315483870968,0.131965,0.146365,0.1506171,0.128445,0.150972
full_fp_eager_layer,full_fp,eager,layer,cpu,decode,gpu.layer.12.fp.mlp,31,10.534979,0.3398380322580645,0.336216,0.349432,0.3726566,0.329336,0.375479
full_fp_eager_layer,full_fp,eager,layer,cpu,decode,gpu.layer.12.fp.post_attn_norm,31,4.482899,0.14460964516129032,0.140924,0.15382,0.1767185,0.135293,0.184955
full_fp_eager_layer,full_fp,eager,layer,cpu,decode,gpu.layer.12.fp.total,31,48.617105,1.5682937096774194,1.56601,1.603962,1.6466739,1.531803,1.658712
full_fp_eager_layer,full_fp,eager,layer,cpu,decode,gpu.layer.13.fp.attention,31,26.675293,0.8604933225806451,0.815597,0.940618,1.5252269999999994,0.773646,1.769109
full_fp_eager_layer,full_fp,eager,layer,cpu,decode,gpu.layer.13.fp.input_norm,31,4.206557,0.1356953870967742,0.132797,0.143485,0.16979149999999998,0.128669,0.177308
full_fp_eager_layer,full_fp,eager,layer,cpu,decode,gpu.layer.13.fp.mlp,31,10.599364,0.34191496774193547,0.342103,0.352216,0.3659401,0.325081,0.369079
full_fp_eager_layer,full_fp,eager,layer,cpu,decode,gpu.layer.13.fp.post_attn_norm,31,4.445238,0.14339477419354837,0.141821,0.153276,0.1649016,0.135388,0.166332
full_fp_eager_layer,full_fp,eager,layer,cpu,decode,gpu.layer.13.fp.total,31,50.639263,1.633524612903226,1.586682,1.716311,2.3393512999999997,1.519708,2.595425
full_fp_eager_layer,full_fp,eager,layer,cpu,decode,gpu.layer.14.fp.attention,31,25.133955,0.8107727419354839,0.812012,0.83534,0.8730768999999999,0.769517,0.884875
full_fp_eager_layer,full_fp,eager,layer,cpu,decode,gpu.layer.14.fp.input_norm,31,4.166652,0.13440812903225807,0.132348,0.142716,0.1525432,0.128157,0.15526
full_fp_eager_layer,full_fp,eager,layer,cpu,decode,gpu.layer.14.fp.mlp,31,10.479875,0.3380604838709677,0.336344,0.351,0.3619312,0.325432,0.364024
full_fp_eager_layer,full_fp,eager,layer,cpu,decode,gpu.layer.14.fp.post_attn_norm,31,4.472244,0.14426593548387098,0.142845,0.152572,0.1649368,0.132445,0.165724
full_fp_eager_layer,full_fp,eager,layer,cpu,decode,gpu.layer.14.fp.total,31,48.98727,1.5802345161290323,1.57225,1.631193,1.6866217,1.519612,1.707511
full_fp_eager_layer,full_fp,eager,layer,cpu,decode,gpu.layer.15.fp.attention,31,24.755401,0.7985613225806452,0.793357,0.82222,0.873665,0.76379,0.888842
full_fp_eager_layer,full_fp,eager,layer,cpu,decode,gpu.layer.15.fp.input_norm,31,4.148922,0.1338361935483871,0.131869,0.142268,0.1493656,0.128829,0.150652
full_fp_eager_layer,full_fp,eager,layer,cpu,decode,gpu.layer.15.fp.mlp,31,10.563201,0.3407484193548387,0.341879,0.351223,0.3549165,0.32764,0.355032
full_fp_eager_layer,full_fp,eager,layer,cpu,decode,gpu.layer.15.fp.post_attn_norm,31,4.38409,0.14142225806451614,0.140284,0.146365,0.15847630000000001,0.133053,0.159868
full_fp_eager_layer,full_fp,eager,layer,cpu,decode,gpu.layer.15.fp.total,31,48.584046,1.5672272903225806,1.568539,1.596921,1.664126,1.519035,1.686551
full_fp_eager_layer,full_fp,eager,layer,cpu,decode,gpu.layer.16.fp.attention,31,24.543247,0.7917176451612903,0.788557,0.808173,0.830012,0.772366,0.833132
full_fp_eager_layer,full_fp,eager,layer,cpu,decode,gpu.layer.16.fp.input_norm,31,4.157561,0.13411487096774194,0.132381,0.144924,0.14839059999999998,0.127965,0.149053
full_fp_eager_layer,full_fp,eager,layer,cpu,decode,gpu.layer.16.fp.mlp,31,10.481317,0.338107,0.335992,0.352344,0.3614793,0.324216,0.362679
full_fp_eager_layer,full_fp,eager,layer,cpu,decode,gpu.layer.16.fp.post_attn_norm,31,4.370681,0.14098970967741936,0.139261,0.145469,0.1576344,0.135229,0.158556
full_fp_eager_layer,full_fp,eager,layer,cpu,decode,gpu.layer.16.fp.total,31,48.255319,1.5566231935483872,1.551419,1.58697,1.6098525,1.520603,1.610265
full_fp_eager_layer,full_fp,eager,layer,cpu,decode,gpu.layer.17.fp.attention,31,24.699918,0.7967715483870967,0.794829,0.820748,0.8382005,0.770222,0.83822
full_fp_eager_layer,full_fp,eager,layer,cpu,decode,gpu.layer.17.fp.input_norm,31,4.191162,0.1351987741935484,0.132541,0.145532,0.1511256,0.127005,0.152028
full_fp_eager_layer,full_fp,eager,layer,cpu,decode,gpu.layer.17.fp.mlp,31,10.526054,0.33955012903225806,0.336344,0.356888,0.3662822,0.326009,0.368087
full_fp_eager_layer,full_fp,eager,layer,cpu,decode,gpu.layer.17.fp.post_attn_norm,31,4.405751,0.142121,0.140957,0.150973,0.16002829999999998,0.133821,0.162044
full_fp_eager_layer,full_fp,eager,layer,cpu,decode,gpu.layer.17.fp.total,31,48.476373,1.5637539677419354,1.562843,1.604154,1.6353274,1.515964,1.638361
full_fp_eager_layer,full_fp,eager,layer,cpu,decode,gpu.layer.18.fp.attention,31,24.81489,0.8004803225806452,0.798828,0.831916,0.8602033,0.755854,0.866635
full_fp_eager_layer,full_fp,eager,layer,cpu,decode,gpu.layer.18.fp.input_norm,31,4.155934,0.1340623870967742,0.131613,0.141532,0.1555359,0.126909,0.157725
full_fp_eager_layer,full_fp,eager,layer,cpu,decode,gpu.layer.18.fp.mlp,31,10.584164,0.34142464516129034,0.338968,0.359447,0.36733849999999996,0.327384,0.370295
full_fp_eager_layer,full_fp,eager,layer,cpu,decode,gpu.layer.18.fp.post_attn_norm,31,4.400722,0.14195877419354838,0.140284,0.149693,0.15902,0.133533,0.161372
full_fp_eager_layer,full_fp,eager,layer,cpu,decode,gpu.layer.18.fp.total,31,48.704682,1.5711187741935484,1.567546,1.622456,1.6561267000000002,1.492156,1.656856
full_fp_eager_layer,full_fp,eager,layer,cpu,decode,gpu.layer.19.fp.attention,31,24.897611,0.8031487419354839,0.801197,0.835308,0.854699,0.76987,0.855083
full_fp_eager_layer,full_fp,eager,layer,cpu,decode,gpu.layer.19.fp.input_norm,31,4.106206,0.13245825806451614,0.131645,0.135101,0.13832629999999999,0.127709,0.138365
full_fp_eager_layer,full_fp,eager,layer,cpu,decode,gpu.layer.19.fp.mlp,31,10.415368,0.3359796129032258,0.333944,0.345528,0.3592301,0.325432,0.35996
full_fp_eager_layer,full_fp,eager,layer,cpu,decode,gpu.layer.19.fp.post_attn_norm,31,4.408471,0.14220874193548386,0.141469,0.149916,0.1571746,0.134653,0.158461
full_fp_eager_layer,full_fp,eager,layer,cpu,decode,gpu.layer.19.fp.total,31,48.551184,1.5661672258064516,1.563002,1.604474,1.6576976,1.505468,1.665272
full_fp_eager_layer,full_fp,eager,layer,cpu,decode,gpu.layer.20.fp.attention,31,26.164713,0.844023,0.804173,0.933066,1.1538376999999997,0.759469,1.248194
full_fp_eager_layer,full_fp,eager,layer,cpu,decode,gpu.layer.20.fp.input_norm,31,4.0775689999999996,0.13153448387096775,0.131101,0.134973,0.14354260000000002,0.123101,0.144157
full_fp_eager_layer,full_fp,eager,layer,cpu,decode,gpu.layer.20.fp.mlp,31,10.517795,0.33928370967741933,0.337112,0.352439,0.3541677,0.323672,0.354168
full_fp_eager_layer,full_fp,eager,layer,cpu,decode,gpu.layer.20.fp.post_attn_norm,31,4.419572,0.14256683870967743,0.140444,0.14982,0.16038989999999997,0.136509,0.163068
full_fp_eager_layer,full_fp,eager,layer,cpu,decode,gpu.layer.20.fp.total,31,49.924465,1.610466612903226,1.587226,1.695415,1.9376781999999997,1.506076,2.035183
full_fp_eager_layer,full_fp,eager,layer,cpu,decode,gpu.layer.21.fp.attention,31,24.707372,0.7970119999999999,0.793293,0.828076,0.835132,0.760494,0.836236
full_fp_eager_layer,full_fp,eager,layer,cpu,decode,gpu.layer.21.fp.input_norm,31,4.176092,0.13471264516129033,0.131516,0.146141,0.1596251,0.126333,0.161852
full_fp_eager_layer,full_fp,eager,layer,cpu,decode,gpu.layer.21.fp.mlp,31,10.401413,0.3355294516129032,0.3342,0.348472,0.35447100000000004,0.324888,0.356343
full_fp_eager_layer,full_fp,eager,layer,cpu,decode,gpu.layer.21.fp.post_attn_norm,31,4.38674,0.14150774193548388,0.140221,0.149436,0.1575608,0.133501,0.158204
full_fp_eager_layer,full_fp,eager,layer,cpu,decode,gpu.layer.21.fp.total,31,48.347891,1.5596093870967742,1.55753,1.587449,1.6269619,1.498908,1.630744
full_fp_eager_layer,full_fp,eager,layer,cpu,decode,gpu.layer.22.fp.attention,31,24.473874,0.7894798064516129,0.786733,0.813132,0.8333784,0.759982,0.839532
full_fp_eager_layer,full_fp,eager,layer,cpu,decode,gpu.layer.22.fp.input_norm,31,4.1732759999999995,0.1346218064516129,0.131037,0.147804,0.16257519999999998,0.127325,0.166396
full_fp_eager_layer,full_fp,eager,layer,cpu,decode,gpu.layer.22.fp.mlp,31,10.423745,0.3362498387096774,0.334264,0.346999,0.3571334,0.326264,0.359255
full_fp_eager_layer,full_fp,eager,layer,cpu,decode,gpu.layer.22.fp.post_attn_norm,31,4.427636,0.14282696774193548,0.140445,0.152732,0.1686904,0.135037,0.171484
full_fp_eager_layer,full_fp,eager,layer,cpu,decode,gpu.layer.22.fp.total,31,48.154742,1.5533787741935485,1.544378,1.596921,1.608569,1.495516,1.610585
full_fp_eager_layer,full_fp,eager,layer,cpu,decode,gpu.layer.23.fp.attention,31,24.636748,0.7947338064516128,0.795821,0.821196,0.8297592,0.762222,0.831084
full_fp_eager_layer,full_fp,eager,layer,cpu,decode,gpu.layer.23.fp.input_norm,31,4.099741,0.13224970967741936,0.131005,0.137821,0.1462328,0.125437,0.146588
full_fp_eager_layer,full_fp,eager,layer,cpu,decode,gpu.layer.23.fp.mlp,31,10.425636,0.33631083870967743,0.334552,0.352087,0.3555113,0.323192,0.355703
full_fp_eager_layer,full_fp,eager,layer,cpu,decode,gpu.layer.23.fp.post_attn_norm,31,4.498484,0.14511238709677418,0.140765,0.149308,0.21384739999999997,0.133597,0.231578
full_fp_eager_layer,full_fp,eager,layer,cpu,decode,gpu.layer.23.fp.total,31,48.390129,1.5609719032258065,1.55993,1.599994,1.648559,1.50774,1.668824
full_fp_eager_layer,full_fp,eager,layer,cpu,decode,gpu.layer.24.fp.attention,31,24.69742,0.7966909677419355,0.793101,0.833676,0.8447441,0.760718,0.848939
full_fp_eager_layer,full_fp,eager,layer,cpu,decode,gpu.layer.24.fp.input_norm,31,4.119771,0.13289583870967742,0.131005,0.142301,0.1515675,0.126301,0.154524
full_fp_eager_layer,full_fp,eager,layer,cpu,decode,gpu.layer.24.fp.mlp,31,10.425063,0.3362923548387097,0.33628,0.345432,0.3504304,0.323352,0.351448
full_fp_eager_layer,full_fp,eager,layer,cpu,decode,gpu.layer.24.fp.post_attn_norm,31,4.422135,0.14264951612903226,0.142109,0.151037,0.1537247,0.133277,0.154205
full_fp_eager_layer,full_fp,eager,layer,cpu,decode,gpu.layer.24.fp.total,31,48.406324,1.5614943225806452,1.557562,1.597242,1.6482003,1.499452,1.656792
full_fp_eager_layer,full_fp,eager,layer,cpu,decode,gpu.layer.25.fp.attention,31,24.75662,0.7986006451612904,0.802733,0.822092,0.8564686,0.757166,0.861931
full_fp_eager_layer,full_fp,eager,layer,cpu,decode,gpu.layer.25.fp.input_norm,31,4.096641,0.13214970967741935,0.131197,0.141725,0.1477115,0.125213,0.149276
full_fp_eager_layer,full_fp,eager,layer,cpu,decode,gpu.layer.25.fp.mlp,31,10.538083,0.33993816129032256,0.338263,0.350648,0.3732969,0.32828,0.380919
full_fp_eager_layer,full_fp,eager,layer,cpu,decode,gpu.layer.25.fp.post_attn_norm,31,4.370488,0.14098348387096774,0.140412,0.143645,0.1589912,0.133629,0.162236
full_fp_eager_layer,full_fp,eager,layer,cpu,decode,gpu.layer.25.fp.total,31,48.488561,1.5641471290322582,1.563642,1.59449,1.6348186,1.513691,1.641433
full_fp_eager_layer,full_fp,eager,layer,cpu,decode,gpu.layer.26.fp.attention,31,24.535634,0.7914720645161291,0.783661,0.829164,0.8548855999999999,0.74939,0.86174
full_fp_eager_layer,full_fp,eager,layer,cpu,decode,gpu.layer.26.fp.input_norm,31,4.134557,0.1333728064516129,0.131133,0.145308,0.1483938,0.126589,0.148509
full_fp_eager_layer,full_fp,eager,layer,cpu,decode,gpu.layer.26.fp.mlp,31,10.373894,0.33464174193548385,0.332696,0.339032,0.36058619999999997,0.324728,0.366135
full_fp_eager_layer,full_fp,eager,layer,cpu,decode,gpu.layer.26.fp.post_attn_norm,31,4.371,0.14100000000000001,0.139037,0.146493,0.15417519999999998,0.134685,0.15574
full_fp_eager_layer,full_fp,eager,layer,cpu,decode,gpu.layer.26.fp.total,31,48.100505,1.551629193548387,1.542714,1.592986,1.6238202,1.494044,1.630905
full_fp_eager_layer,full_fp,eager,layer,cpu,decode,gpu.layer.27.fp.attention,31,25.69391,0.8288358064516129,0.798701,0.843628,1.4054664999999993,0.763502,1.6414
full_fp_eager_layer,full_fp,eager,layer,cpu,decode,gpu.layer.27.fp.input_norm,31,4.077501,0.13153229032258065,0.130493,0.136381,0.1434331,0.127613,0.14518
full_fp_eager_layer,full_fp,eager,layer,cpu,decode,gpu.layer.27.fp.mlp,31,10.424197,0.3362644193548387,0.33276,0.345623,0.3653673,0.324536,0.369975
full_fp_eager_layer,full_fp,eager,layer,cpu,decode,gpu.layer.27.fp.post_attn_norm,31,4.387185,0.14152209677419356,0.139069,0.15446,0.157836,0.135325,0.158844
full_fp_eager_layer,full_fp,eager,layer,cpu,decode,gpu.layer.27.fp.total,31,49.277664,1.589602064516129,1.560699,1.59817,2.2104109999999992,1.499516,2.466821
full_fp_eager_layer,full_fp,eager,layer,cpu,decode,gpu.layer.28.fp.attention,31,24.542801,0.7917032580645161,0.787053,0.825324,0.8379797,0.74971,0.838988
full_fp_eager_layer,full_fp,eager,layer,cpu,decode,gpu.layer.28.fp.input_norm,31,4.104609,0.13240674193548388,0.130941,0.139709,0.1472539,0.125853,0.149692
full_fp_eager_layer,full_fp,eager,layer,cpu,decode,gpu.layer.28.fp.mlp,31,10.334278,0.3333638064516129,0.333176,0.344408,0.34774849999999996,0.316408,0.34796
full_fp_eager_layer,full_fp,eager,layer,cpu,decode,gpu.layer.28.fp.post_attn_norm,31,4.342423,0.14007816129032258,0.138013,0.14598,0.15881839999999997,0.133437,0.161372
full_fp_eager_layer,full_fp,eager,layer,cpu,decode,gpu.layer.28.fp.total,31,48.058173,1.5502636451612903,1.547579,1.597178,1.6175197000000001,1.501052,1.619161
full_fp_eager_layer,full_fp,eager,layer,cpu,decode,gpu.layer.29.fp.attention,31,24.385201,0.7866193870967741,0.777293,0.82078,0.8358133,0.758318,0.835948
full_fp_eager_layer,full_fp,eager,layer,cpu,decode,gpu.layer.29.fp.input_norm,31,4.112508,0.1326615483870968,0.129949,0.140284,0.1543963,0.124733,0.158332
full_fp_eager_layer,full_fp,eager,layer,cpu,decode,gpu.layer.29.fp.mlp,31,10.465253,0.3375888064516129,0.33276,0.351416,0.3790598,0.324441,0.380567
full_fp_eager_layer,full_fp,eager,layer,cpu,decode,gpu.layer.29.fp.post_attn_norm,31,4.347191,0.14023196774193547,0.139485,0.146173,0.1563455,0.132509,0.159389
full_fp_eager_layer,full_fp,eager,layer,cpu,decode,gpu.layer.29.fp.total,31,47.964639,1.5472464193548388,1.541531,1.589306,1.5994909,1.505084,1.600345
full_fp_eager_layer,full_fp,eager,layer,cpu,decode,gpu.layer.30.fp.attention,31,24.522482,0.7910478064516129,0.797741,0.812045,0.8226935999999999,0.75755,0.823116
full_fp_eager_layer,full_fp,eager,layer,cpu,decode,gpu.layer.30.fp.input_norm,31,4.084959,0.13177287096774193,0.131037,0.140253,0.1419106,0.123901,0.142429
full_fp_eager_layer,full_fp,eager,layer,cpu,decode,gpu.layer.30.fp.mlp,31,10.368517,0.33446829032258063,0.332984,0.347,0.361559,0.320697,0.366551
full_fp_eager_layer,full_fp,eager,layer,cpu,decode,gpu.layer.30.fp.post_attn_norm,31,4.354682,0.1404736129032258,0.139261,0.148797,0.1519074,0.130333,0.152637
full_fp_eager_layer,full_fp,eager,layer,cpu,decode,gpu.layer.30.fp.total,31,47.98166,1.5477954838709678,1.537883,1.583929,1.5998465,1.493052,1.602362
full_fp_eager_layer,full_fp,eager,layer,cpu,decode,gpu.layer.31.fp.attention,31,24.524627,0.791117,0.792205,0.812141,0.8370776,0.757614,0.837452
full_fp_eager_layer,full_fp,eager,layer,cpu,decode,gpu.layer.31.fp.input_norm,31,4.097274,0.13217012903225805,0.130717,0.140989,0.1457979,0.125629,0.146268
full_fp_eager_layer,full_fp,eager,layer,cpu,decode,gpu.layer.31.fp.mlp,31,10.380263,0.3348471935483871,0.334584,0.343384,0.3587465,0.322808,0.360887
full_fp_eager_layer,full_fp,eager,layer,cpu,decode,gpu.layer.31.fp.post_attn_norm,31,4.521557,0.14585667741935485,0.140828,0.148253,0.24586589999999992,0.133917,0.283161
full_fp_eager_layer,full_fp,eager,layer,cpu,decode,gpu.layer.31.fp.total,31,48.231092000000004,1.5558416774193549,1.552443,1.612921,1.6601355999999998,1.502556,1.673239
full_fp_eager_layer,full_fp,eager,layer,cpu,decode,gpu.layer.32.fp.attention,31,24.35714,0.7857141935483871,0.784941,0.809165,0.8254872,0.75067,0.831468
full_fp_eager_layer,full_fp,eager,layer,cpu,decode,gpu.layer.32.fp.input_norm,31,4.132768,0.13331509677419354,0.131325,0.142365,0.151421,0.126973,0.153533
full_fp_eager_layer,full_fp,eager,layer,cpu,decode,gpu.layer.32.fp.mlp,31,10.447971,0.33703132258064517,0.335064,0.349623,0.3686697,0.3246,0.375927
full_fp_eager_layer,full_fp,eager,layer,cpu,decode,gpu.layer.32.fp.post_attn_norm,31,4.36738,0.1408832258064516,0.139101,0.146204,0.1586043,0.133757,0.159228
full_fp_eager_layer,full_fp,eager,layer,cpu,decode,gpu.layer.32.fp.total,31,47.970048,1.5474209032258064,1.546715,1.580538,1.5940445,1.503995,1.595321
full_fp_eager_layer,full_fp,eager,layer,cpu,decode,gpu.model_forward,31,1610.4856790000001,51.951150935483874,51.867614,52.397744,53.3502828,51.23406,53.563062
full_fp_eager_layer,full_fp,eager,layer,cpu,decode,gpu.sample_postprocess,31,1.679673,0.054183,0.051775,0.060606,0.08827349999999998,0.049791,0.097854
full_fp_eager_layer,full_fp,eager,layer,cpu,decode,gpu.sampler,31,13.834577,0.44627667741935484,0.441653,0.466549,0.4856911,0.422293,0.486901
full_fp_eager_layer,full_fp,eager,layer,cpu,decode,runtime.prepare_attn_metadata,31,8.388886,0.27060922580645164,0.270874,0.285753,0.290089,0.249849,0.290329
full_fp_eager_layer,full_fp,eager,layer,cpu,decode,runtime.prepare_inputs,31,52.005338,1.6775915483870967,1.667064,1.768501,1.9135503999999999,1.466076,1.923601
full_fp_eager_layer,full_fp,eager,layer,cpu,decode,runtime.preprocess_model_inputs,31,0.948907,0.03060990322580645,0.030335,0.032831,0.0332121,0.027776,0.033279
full_fp_eager_layer,full_fp,eager,layer,cpu,decode,runtime.slot_mappings,31,1.635475,0.05275725806451613,0.052799,0.054655,0.058814,0.04947,0.058814
full_fp_eager_layer,full_fp,eager,layer,cpu,drain,cpu.engine.process_aborts,1,0.008992,0.008992,0.008992,0.008992,0.008992,0.008992,0.008992
full_fp_eager_layer,full_fp,eager,layer,cpu,drain,cpu.executor.submit_model,1,0.546067,0.546067,0.546067,0.546067,0.546067,0.546067,0.546067
full_fp_eager_layer,full_fp,eager,layer,cpu,drain,cpu.output.process_and_detokenize,1,0.087838,0.087838,0.087838,0.087838,0.087838,0.087838,0.087838
full_fp_eager_layer,full_fp,eager,layer,cpu,drain,cpu.output.wait_gpu_to_cpu,1,88.014011,88.014011,88.014011,88.014011,88.014011,88.014011,88.014011
full_fp_eager_layer,full_fp,eager,layer,cpu,drain,cpu.runner.update_states,1,0.394007,0.394007,0.394007,0.394007,0.394007,0.394007,0.394007
full_fp_eager_layer,full_fp,eager,layer,cpu,drain,cpu.scheduler.update_output,1,0.14582,0.14582,0.14582,0.14582,0.14582,0.14582,0.14582
full_fp_eager_layer,full_fp,eager,layer,cpu,prefill,cpu.engine.process_aborts,1,0.009952,0.009952,0.009952,0.009952,0.009952,0.009952,0.009952
full_fp_eager_layer,full_fp,eager,layer,cpu,prefill,cpu.executor.sample_and_sync,1,0.976616,0.976616,0.976616,0.976616,0.976616,0.976616,0.976616
full_fp_eager_layer,full_fp,eager,layer,cpu,prefill,cpu.executor.submit_model,1,53.87038,53.87038,53.87038,53.87038,53.87038,53.87038,53.87038
full_fp_eager_layer,full_fp,eager,layer,cpu,prefill,cpu.output.process_and_detokenize,1,0.006592,0.006592,0.006592,0.006592,0.006592,0.006592,0.006592
full_fp_eager_layer,full_fp,eager,layer,cpu,prefill,cpu.runner.select_execution_shape,1,0.042591,0.042591,0.042591,0.042591,0.042591,0.042591,0.042591
full_fp_eager_layer,full_fp,eager,layer,cpu,prefill,cpu.runner.update_states,1,0.523668,0.523668,0.523668,0.523668,0.523668,0.523668,0.523668
full_fp_eager_layer,full_fp,eager,layer,cpu,prefill,cpu.scheduler.grammar_mask,1,0.004224,0.004224,0.004224,0.004224,0.004224,0.004224,0.004224
full_fp_eager_layer,full_fp,eager,layer,cpu,prefill,cpu.scheduler.update_output,1,0.017728,0.017728,0.017728,0.017728,0.017728,0.017728,0.017728
full_fp_eager_layer,full_fp,eager,layer,cpu,prefill,gpu.compute_logits,1,0.218298,0.218298,0.218298,0.218298,0.218298,0.218298,0.218298
full_fp_eager_layer,full_fp,eager,layer,cpu,prefill,gpu.layer.01.fp.attention,1,1.095653,1.095653,1.095653,1.095653,1.095653,1.095653,1.095653
full_fp_eager_layer,full_fp,eager,layer,cpu,prefill,gpu.layer.01.fp.input_norm,1,0.251322,0.251322,0.251322,0.251322,0.251322,0.251322,0.251322
full_fp_eager_layer,full_fp,eager,layer,cpu,prefill,gpu.layer.01.fp.mlp,1,0.390199,0.390199,0.390199,0.390199,0.390199,0.390199,0.390199
full_fp_eager_layer,full_fp,eager,layer,cpu,prefill,gpu.layer.01.fp.post_attn_norm,1,0.154716,0.154716,0.154716,0.154716,0.154716,0.154716,0.154716
full_fp_eager_layer,full_fp,eager,layer,cpu,prefill,gpu.layer.01.fp.total,1,2.079278,2.079278,2.079278,2.079278,2.079278,2.079278,2.079278
full_fp_eager_layer,full_fp,eager,layer,cpu,prefill,gpu.layer.02.fp.attention,1,0.768462,0.768462,0.768462,0.768462,0.768462,0.768462,0.768462
full_fp_eager_layer,full_fp,eager,layer,cpu,prefill,gpu.layer.02.fp.input_norm,1,0.150813,0.150813,0.150813,0.150813,0.150813,0.150813,0.150813
full_fp_eager_layer,full_fp,eager,layer,cpu,prefill,gpu.layer.02.fp.mlp,1,0.358295,0.358295,0.358295,0.358295,0.358295,0.358295,0.358295
full_fp_eager_layer,full_fp,eager,layer,cpu,prefill,gpu.layer.02.fp.post_attn_norm,1,0.163452,0.163452,0.163452,0.163452,0.163452,0.163452,0.163452
full_fp_eager_layer,full_fp,eager,layer,cpu,prefill,gpu.layer.02.fp.total,1,1.592826,1.592826,1.592826,1.592826,1.592826,1.592826,1.592826
full_fp_eager_layer,full_fp,eager,layer,cpu,prefill,gpu.layer.03.fp.attention,1,0.757741,0.757741,0.757741,0.757741,0.757741,0.757741,0.757741
full_fp_eager_layer,full_fp,eager,layer,cpu,prefill,gpu.layer.03.fp.input_norm,1,0.134717,0.134717,0.134717,0.134717,0.134717,0.134717,0.134717
full_fp_eager_layer,full_fp,eager,layer,cpu,prefill,gpu.layer.03.fp.mlp,1,0.354839,0.354839,0.354839,0.354839,0.354839,0.354839,0.354839
full_fp_eager_layer,full_fp,eager,layer,cpu,prefill,gpu.layer.03.fp.post_attn_norm,1,0.15926,0.15926,0.15926,0.15926,0.15926,0.15926,0.15926
full_fp_eager_layer,full_fp,eager,layer,cpu,prefill,gpu.layer.03.fp.total,1,1.568955,1.568955,1.568955,1.568955,1.568955,1.568955,1.568955
full_fp_eager_layer,full_fp,eager,layer,cpu,prefill,gpu.layer.04.fp.attention,1,0.745518,0.745518,0.745518,0.745518,0.745518,0.745518,0.745518
full_fp_eager_layer,full_fp,eager,layer,cpu,prefill,gpu.layer.04.fp.input_norm,1,0.140061,0.140061,0.140061,0.140061,0.140061,0.140061,0.140061
full_fp_eager_layer,full_fp,eager,layer,cpu,prefill,gpu.layer.04.fp.mlp,1,0.356759,0.356759,0.356759,0.356759,0.356759,0.356759,0.356759
full_fp_eager_layer,full_fp,eager,layer,cpu,prefill,gpu.layer.04.fp.post_attn_norm,1,0.14358,0.14358,0.14358,0.14358,0.14358,0.14358,0.14358
full_fp_eager_layer,full_fp,eager,layer,cpu,prefill,gpu.layer.04.fp.total,1,1.536219,1.536219,1.536219,1.536219,1.536219,1.536219,1.536219
full_fp_eager_layer,full_fp,eager,layer,cpu,prefill,gpu.layer.05.fp.attention,1,0.760622,0.760622,0.760622,0.760622,0.760622,0.760622,0.760622
full_fp_eager_layer,full_fp,eager,layer,cpu,prefill,gpu.layer.05.fp.input_norm,1,0.136957,0.136957,0.136957,0.136957,0.136957,0.136957,0.136957
full_fp_eager_layer,full_fp,eager,layer,cpu,prefill,gpu.layer.05.fp.mlp,1,0.362647,0.362647,0.362647,0.362647,0.362647,0.362647,0.362647
full_fp_eager_layer,full_fp,eager,layer,cpu,prefill,gpu.layer.05.fp.post_attn_norm,1,0.14678,0.14678,0.14678,0.14678,0.14678,0.14678,0.14678
full_fp_eager_layer,full_fp,eager,layer,cpu,prefill,gpu.layer.05.fp.total,1,1.559803,1.559803,1.559803,1.559803,1.559803,1.559803,1.559803
full_fp_eager_layer,full_fp,eager,layer,cpu,prefill,gpu.layer.06.fp.attention,1,0.774606,0.774606,0.774606,0.774606,0.774606,0.774606,0.774606
full_fp_eager_layer,full_fp,eager,layer,cpu,prefill,gpu.layer.06.fp.input_norm,1,0.133181,0.133181,0.133181,0.133181,0.133181,0.133181,0.133181
full_fp_eager_layer,full_fp,eager,layer,cpu,prefill,gpu.layer.06.fp.mlp,1,0.353496,0.353496,0.353496,0.353496,0.353496,0.353496,0.353496
full_fp_eager_layer,full_fp,eager,layer,cpu,prefill,gpu.layer.06.fp.post_attn_norm,1,0.142749,0.142749,0.142749,0.142749,0.142749,0.142749,0.142749
full_fp_eager_layer,full_fp,eager,layer,cpu,prefill,gpu.layer.06.fp.total,1,1.554779,1.554779,1.554779,1.554779,1.554779,1.554779,1.554779
full_fp_eager_layer,full_fp,eager,layer,cpu,prefill,gpu.layer.07.fp.attention,1,0.770189,0.770189,0.770189,0.770189,0.770189,0.770189,0.770189
full_fp_eager_layer,full_fp,eager,layer,cpu,prefill,gpu.layer.07.fp.input_norm,1,0.160604,0.160604,0.160604,0.160604,0.160604,0.160604,0.160604
full_fp_eager_layer,full_fp,eager,layer,cpu,prefill,gpu.layer.07.fp.mlp,1,0.365143,0.365143,0.365143,0.365143,0.365143,0.365143,0.365143
full_fp_eager_layer,full_fp,eager,layer,cpu,prefill,gpu.layer.07.fp.post_attn_norm,1,0.158684,0.158684,0.158684,0.158684,0.158684,0.158684,0.158684
full_fp_eager_layer,full_fp,eager,layer,cpu,prefill,gpu.layer.07.fp.total,1,1.616953,1.616953,1.616953,1.616953,1.616953,1.616953,1.616953
full_fp_eager_layer,full_fp,eager,layer,cpu,prefill,gpu.layer.08.fp.attention,1,0.761901,0.761901,0.761901,0.761901,0.761901,0.761901,0.761901
full_fp_eager_layer,full_fp,eager,layer,cpu,prefill,gpu.layer.08.fp.input_norm,1,0.132508,0.132508,0.132508,0.132508,0.132508,0.132508,0.132508
full_fp_eager_layer,full_fp,eager,layer,cpu,prefill,gpu.layer.08.fp.mlp,1,0.348952,0.348952,0.348952,0.348952,0.348952,0.348952,0.348952
full_fp_eager_layer,full_fp,eager,layer,cpu,prefill,gpu.layer.08.fp.post_attn_norm,1,0.140445,0.140445,0.140445,0.140445,0.140445,0.140445,0.140445
full_fp_eager_layer,full_fp,eager,layer,cpu,prefill,gpu.layer.08.fp.total,1,1.537082,1.537082,1.537082,1.537082,1.537082,1.537082,1.537082
full_fp_eager_layer,full_fp,eager,layer,cpu,prefill,gpu.layer.09.fp.attention,1,0.737198,0.737198,0.737198,0.737198,0.737198,0.737198,0.737198
full_fp_eager_layer,full_fp,eager,layer,cpu,prefill,gpu.layer.09.fp.input_norm,1,0.130077,0.130077,0.130077,0.130077,0.130077,0.130077,0.130077
full_fp_eager_layer,full_fp,eager,layer,cpu,prefill,gpu.layer.09.fp.mlp,1,0.360855,0.360855,0.360855,0.360855,0.360855,0.360855,0.360855
full_fp_eager_layer,full_fp,eager,layer,cpu,prefill,gpu.layer.09.fp.post_attn_norm,1,0.136701,0.136701,0.136701,0.136701,0.136701,0.136701,0.136701
full_fp_eager_layer,full_fp,eager,layer,cpu,prefill,gpu.layer.09.fp.total,1,1.509371,1.509371,1.509371,1.509371,1.509371,1.509371,1.509371
full_fp_eager_layer,full_fp,eager,layer,cpu,prefill,gpu.layer.10.fp.attention,1,0.761294,0.761294,0.761294,0.761294,0.761294,0.761294,0.761294
full_fp_eager_layer,full_fp,eager,layer,cpu,prefill,gpu.layer.10.fp.input_norm,1,0.130845,0.130845,0.130845,0.130845,0.130845,0.130845,0.130845
full_fp_eager_layer,full_fp,eager,layer,cpu,prefill,gpu.layer.10.fp.mlp,1,0.359159,0.359159,0.359159,0.359159,0.359159,0.359159,0.359159
full_fp_eager_layer,full_fp,eager,layer,cpu,prefill,gpu.layer.10.fp.post_attn_norm,1,0.136989,0.136989,0.136989,0.136989,0.136989,0.136989,0.136989
full_fp_eager_layer,full_fp,eager,layer,cpu,prefill,gpu.layer.10.fp.total,1,1.535035,1.535035,1.535035,1.535035,1.535035,1.535035,1.535035
full_fp_eager_layer,full_fp,eager,layer,cpu,prefill,gpu.layer.11.fp.attention,1,0.72827,0.72827,0.72827,0.72827,0.72827,0.72827,0.72827
full_fp_eager_layer,full_fp,eager,layer,cpu,prefill,gpu.layer.11.fp.input_norm,1,0.129693,0.129693,0.129693,0.129693,0.129693,0.129693,0.129693
full_fp_eager_layer,full_fp,eager,layer,cpu,prefill,gpu.layer.11.fp.mlp,1,0.364055,0.364055,0.364055,0.364055,0.364055,0.364055,0.364055
full_fp_eager_layer,full_fp,eager,layer,cpu,prefill,gpu.layer.11.fp.post_attn_norm,1,0.136444,0.136444,0.136444,0.136444,0.136444,0.136444,0.136444
full_fp_eager_layer,full_fp,eager,layer,cpu,prefill,gpu.layer.11.fp.total,1,1.516476,1.516476,1.516476,1.516476,1.516476,1.516476,1.516476
full_fp_eager_layer,full_fp,eager,layer,cpu,prefill,gpu.layer.12.fp.attention,1,0.721006,0.721006,0.721006,0.721006,0.721006,0.721006,0.721006
full_fp_eager_layer,full_fp,eager,layer,cpu,prefill,gpu.layer.12.fp.input_norm,1,0.131805,0.131805,0.131805,0.131805,0.131805,0.131805,0.131805
full_fp_eager_layer,full_fp,eager,layer,cpu,prefill,gpu.layer.12.fp.mlp,1,0.361815,0.361815,0.361815,0.361815,0.361815,0.361815,0.361815
full_fp_eager_layer,full_fp,eager,layer,cpu,prefill,gpu.layer.12.fp.post_attn_norm,1,0.137788,0.137788,0.137788,0.137788,0.137788,0.137788,0.137788
full_fp_eager_layer,full_fp,eager,layer,cpu,prefill,gpu.layer.12.fp.total,1,1.499068,1.499068,1.499068,1.499068,1.499068,1.499068,1.499068
full_fp_eager_layer,full_fp,eager,layer,cpu,prefill,gpu.layer.13.fp.attention,1,0.736398,0.736398,0.736398,0.736398,0.736398,0.736398,0.736398
full_fp_eager_layer,full_fp,eager,layer,cpu,prefill,gpu.layer.13.fp.input_norm,1,0.144316,0.144316,0.144316,0.144316,0.144316,0.144316,0.144316
full_fp_eager_layer,full_fp,eager,layer,cpu,prefill,gpu.layer.13.fp.mlp,1,0.350551,0.350551,0.350551,0.350551,0.350551,0.350551,0.350551
full_fp_eager_layer,full_fp,eager,layer,cpu,prefill,gpu.layer.13.fp.post_attn_norm,1,0.135517,0.135517,0.135517,0.135517,0.135517,0.135517,0.135517
full_fp_eager_layer,full_fp,eager,layer,cpu,prefill,gpu.layer.13.fp.total,1,1.508699,1.508699,1.508699,1.508699,1.508699,1.508699,1.508699
full_fp_eager_layer,full_fp,eager,layer,cpu,prefill,gpu.layer.14.fp.attention,1,0.74635,0.74635,0.74635,0.74635,0.74635,0.74635,0.74635
full_fp_eager_layer,full_fp,eager,layer,cpu,prefill,gpu.layer.14.fp.input_norm,1,0.129724,0.129724,0.129724,0.129724,0.129724,0.129724,0.129724
full_fp_eager_layer,full_fp,eager,layer,cpu,prefill,gpu.layer.14.fp.mlp,1,0.34028,0.34028,0.34028,0.34028,0.34028,0.34028,0.34028
full_fp_eager_layer,full_fp,eager,layer,cpu,prefill,gpu.layer.14.fp.post_attn_norm,1,0.135325,0.135325,0.135325,0.135325,0.135325,0.135325,0.135325
full_fp_eager_layer,full_fp,eager,layer,cpu,prefill,gpu.layer.14.fp.total,1,1.507387,1.507387,1.507387,1.507387,1.507387,1.507387,1.507387
full_fp_eager_layer,full_fp,eager,layer,cpu,prefill,gpu.layer.15.fp.attention,1,0.770542,0.770542,0.770542,0.770542,0.770542,0.770542,0.770542
full_fp_eager_layer,full_fp,eager,layer,cpu,prefill,gpu.layer.15.fp.input_norm,1,0.125789,0.125789,0.125789,0.125789,0.125789,0.125789,0.125789
full_fp_eager_layer,full_fp,eager,layer,cpu,prefill,gpu.layer.15.fp.mlp,1,0.358327,0.358327,0.358327,0.358327,0.358327,0.358327,0.358327
full_fp_eager_layer,full_fp,eager,layer,cpu,prefill,gpu.layer.15.fp.post_attn_norm,1,0.142781,0.142781,0.142781,0.142781,0.142781,0.142781,0.142781
full_fp_eager_layer,full_fp,eager,layer,cpu,prefill,gpu.layer.15.fp.total,1,1.547098,1.547098,1.547098,1.547098,1.547098,1.547098,1.547098
full_fp_eager_layer,full_fp,eager,layer,cpu,prefill,gpu.layer.16.fp.attention,1,0.847531,0.847531,0.847531,0.847531,0.847531,0.847531,0.847531
full_fp_eager_layer,full_fp,eager,layer,cpu,prefill,gpu.layer.16.fp.input_norm,1,0.140252,0.140252,0.140252,0.140252,0.140252,0.140252,0.140252
full_fp_eager_layer,full_fp,eager,layer,cpu,prefill,gpu.layer.16.fp.mlp,1,0.34588,0.34588,0.34588,0.34588,0.34588,0.34588,0.34588
full_fp_eager_layer,full_fp,eager,layer,cpu,prefill,gpu.layer.16.fp.post_attn_norm,1,0.139836,0.139836,0.139836,0.139836,0.139836,0.139836,0.139836
full_fp_eager_layer,full_fp,eager,layer,cpu,prefill,gpu.layer.16.fp.total,1,1.620825,1.620825,1.620825,1.620825,1.620825,1.620825,1.620825
full_fp_eager_layer,full_fp,eager,layer,cpu,prefill,gpu.layer.17.fp.attention,1,0.729486,0.729486,0.729486,0.729486,0.729486,0.729486,0.729486
full_fp_eager_layer,full_fp,eager,layer,cpu,prefill,gpu.layer.17.fp.input_norm,1,0.15014,0.15014,0.15014,0.15014,0.15014,0.15014,0.15014
full_fp_eager_layer,full_fp,eager,layer,cpu,prefill,gpu.layer.17.fp.mlp,1,0.351352,0.351352,0.351352,0.351352,0.351352,0.351352,0.351352
full_fp_eager_layer,full_fp,eager,layer,cpu,prefill,gpu.layer.17.fp.post_attn_norm,1,0.137373,0.137373,0.137373,0.137373,0.137373,0.137373,0.137373
full_fp_eager_layer,full_fp,eager,layer,cpu,prefill,gpu.layer.17.fp.total,1,1.534683,1.534683,1.534683,1.534683,1.534683,1.534683,1.534683
full_fp_eager_layer,full_fp,eager,layer,cpu,prefill,gpu.layer.18.fp.attention,1,0.76171,0.76171,0.76171,0.76171,0.76171,0.76171,0.76171
full_fp_eager_layer,full_fp,eager,layer,cpu,prefill,gpu.layer.18.fp.input_norm,1,0.148669,0.148669,0.148669,0.148669,0.148669,0.148669,0.148669
full_fp_eager_layer,full_fp,eager,layer,cpu,prefill,gpu.layer.18.fp.mlp,1,0.355287,0.355287,0.355287,0.355287,0.355287,0.355287,0.355287
full_fp_eager_layer,full_fp,eager,layer,cpu,prefill,gpu.layer.18.fp.post_attn_norm,1,0.141533,0.141533,0.141533,0.141533,0.141533,0.141533,0.141533
full_fp_eager_layer,full_fp,eager,layer,cpu,prefill,gpu.layer.18.fp.total,1,1.556059,1.556059,1.556059,1.556059,1.556059,1.556059,1.556059
full_fp_eager_layer,full_fp,eager,layer,cpu,prefill,gpu.layer.19.fp.attention,1,0.791085,0.791085,0.791085,0.791085,0.791085,0.791085,0.791085
full_fp_eager_layer,full_fp,eager,layer,cpu,prefill,gpu.layer.19.fp.input_norm,1,0.149885,0.149885,0.149885,0.149885,0.149885,0.149885,0.149885
full_fp_eager_layer,full_fp,eager,layer,cpu,prefill,gpu.layer.19.fp.mlp,1,0.351575,0.351575,0.351575,0.351575,0.351575,0.351575,0.351575
full_fp_eager_layer,full_fp,eager,layer,cpu,prefill,gpu.layer.19.fp.post_attn_norm,1,0.13798,0.13798,0.13798,0.13798,0.13798,0.13798,0.13798
full_fp_eager_layer,full_fp,eager,layer,cpu,prefill,gpu.layer.19.fp.total,1,1.572634,1.572634,1.572634,1.572634,1.572634,1.572634,1.572634
full_fp_eager_layer,full_fp,eager,layer,cpu,prefill,gpu.layer.20.fp.attention,1,0.771342,0.771342,0.771342,0.771342,0.771342,0.771342,0.771342
full_fp_eager_layer,full_fp,eager,layer,cpu,prefill,gpu.layer.20.fp.input_norm,1,0.127357,0.127357,0.127357,0.127357,0.127357,0.127357,0.127357
full_fp_eager_layer,full_fp,eager,layer,cpu,prefill,gpu.layer.20.fp.mlp,1,0.356183,0.356183,0.356183,0.356183,0.356183,0.356183,0.356183
full_fp_eager_layer,full_fp,eager,layer,cpu,prefill,gpu.layer.20.fp.post_attn_norm,1,0.135677,0.135677,0.135677,0.135677,0.135677,0.135677,0.135677
full_fp_eager_layer,full_fp,eager,layer,cpu,prefill,gpu.layer.20.fp.total,1,1.536187,1.536187,1.536187,1.536187,1.536187,1.536187,1.536187
full_fp_eager_layer,full_fp,eager,layer,cpu,prefill,gpu.layer.21.fp.attention,1,0.721679,0.721679,0.721679,0.721679,0.721679,0.721679,0.721679
full_fp_eager_layer,full_fp,eager,layer,cpu,prefill,gpu.layer.21.fp.input_norm,1,0.131933,0.131933,0.131933,0.131933,0.131933,0.131933,0.131933
full_fp_eager_layer,full_fp,eager,layer,cpu,prefill,gpu.layer.21.fp.mlp,1,0.355319,0.355319,0.355319,0.355319,0.355319,0.355319,0.355319
full_fp_eager_layer,full_fp,eager,layer,cpu,prefill,gpu.layer.21.fp.post_attn_norm,1,0.136252,0.136252,0.136252,0.136252,0.136252,0.136252,0.136252
full_fp_eager_layer,full_fp,eager,layer,cpu,prefill,gpu.layer.21.fp.total,1,1.496956,1.496956,1.496956,1.496956,1.496956,1.496956,1.496956
full_fp_eager_layer,full_fp,eager,layer,cpu,prefill,gpu.layer.22.fp.attention,1,0.737582,0.737582,0.737582,0.737582,0.737582,0.737582,0.737582
full_fp_eager_layer,full_fp,eager,layer,cpu,prefill,gpu.layer.22.fp.input_norm,1,0.12131,0.12131,0.12131,0.12131,0.12131,0.12131,0.12131
full_fp_eager_layer,full_fp,eager,layer,cpu,prefill,gpu.layer.22.fp.mlp,1,0.331896,0.331896,0.331896,0.331896,0.331896,0.331896,0.331896
full_fp_eager_layer,full_fp,eager,layer,cpu,prefill,gpu.layer.22.fp.post_attn_norm,1,0.135677,0.135677,0.135677,0.135677,0.135677,0.135677,0.135677
full_fp_eager_layer,full_fp,eager,layer,cpu,prefill,gpu.layer.22.fp.total,1,1.467292,1.467292,1.467292,1.467292,1.467292,1.467292,1.467292
full_fp_eager_layer,full_fp,eager,layer,cpu,prefill,gpu.layer.23.fp.attention,1,0.738318,0.738318,0.738318,0.738318,0.738318,0.738318,0.738318
full_fp_eager_layer,full_fp,eager,layer,cpu,prefill,gpu.layer.23.fp.input_norm,1,0.124317,0.124317,0.124317,0.124317,0.124317,0.124317,0.124317
full_fp_eager_layer,full_fp,eager,layer,cpu,prefill,gpu.layer.23.fp.mlp,1,0.342904,0.342904,0.342904,0.342904,0.342904,0.342904,0.342904
full_fp_eager_layer,full_fp,eager,layer,cpu,prefill,gpu.layer.23.fp.post_attn_norm,1,0.138684,0.138684,0.138684,0.138684,0.138684,0.138684,0.138684
full_fp_eager_layer,full_fp,eager,layer,cpu,prefill,gpu.layer.23.fp.total,1,1.527803,1.527803,1.527803,1.527803,1.527803,1.527803,1.527803
full_fp_eager_layer,full_fp,eager,layer,cpu,prefill,gpu.layer.24.fp.attention,1,0.714767,0.714767,0.714767,0.714767,0.714767,0.714767,0.714767
full_fp_eager_layer,full_fp,eager,layer,cpu,prefill,gpu.layer.24.fp.input_norm,1,0.130781,0.130781,0.130781,0.130781,0.130781,0.130781,0.130781
full_fp_eager_layer,full_fp,eager,layer,cpu,prefill,gpu.layer.24.fp.mlp,1,0.355639,0.355639,0.355639,0.355639,0.355639,0.355639,0.355639
full_fp_eager_layer,full_fp,eager,layer,cpu,prefill,gpu.layer.24.fp.post_attn_norm,1,0.135676,0.135676,0.135676,0.135676,0.135676,0.135676,0.135676
full_fp_eager_layer,full_fp,eager,layer,cpu,prefill,gpu.layer.24.fp.total,1,1.480444,1.480444,1.480444,1.480444,1.480444,1.480444,1.480444
full_fp_eager_layer,full_fp,eager,layer,cpu,prefill,gpu.layer.25.fp.attention,1,0.729903,0.729903,0.729903,0.729903,0.729903,0.729903,0.729903
full_fp_eager_layer,full_fp,eager,layer,cpu,prefill,gpu.layer.25.fp.input_norm,1,0.128893,0.128893,0.128893,0.128893,0.128893,0.128893,0.128893
full_fp_eager_layer,full_fp,eager,layer,cpu,prefill,gpu.layer.25.fp.mlp,1,0.381079,0.381079,0.381079,0.381079,0.381079,0.381079,0.381079
full_fp_eager_layer,full_fp,eager,layer,cpu,prefill,gpu.layer.25.fp.post_attn_norm,1,0.139101,0.139101,0.139101,0.139101,0.139101,0.139101,0.139101
full_fp_eager_layer,full_fp,eager,layer,cpu,prefill,gpu.layer.25.fp.total,1,1.526075,1.526075,1.526075,1.526075,1.526075,1.526075,1.526075
full_fp_eager_layer,full_fp,eager,layer,cpu,prefill,gpu.layer.26.fp.attention,1,0.727182,0.727182,0.727182,0.727182,0.727182,0.727182,0.727182
full_fp_eager_layer,full_fp,eager,layer,cpu,prefill,gpu.layer.26.fp.input_norm,1,0.129052,0.129052,0.129052,0.129052,0.129052,0.129052,0.129052
full_fp_eager_layer,full_fp,eager,layer,cpu,prefill,gpu.layer.26.fp.mlp,1,0.347255,0.347255,0.347255,0.347255,0.347255,0.347255,0.347255
full_fp_eager_layer,full_fp,eager,layer,cpu,prefill,gpu.layer.26.fp.post_attn_norm,1,0.14502,0.14502,0.14502,0.14502,0.14502,0.14502,0.14502
full_fp_eager_layer,full_fp,eager,layer,cpu,prefill,gpu.layer.26.fp.total,1,1.504027,1.504027,1.504027,1.504027,1.504027,1.504027,1.504027
full_fp_eager_layer,full_fp,eager,layer,cpu,prefill,gpu.layer.27.fp.attention,1,0.742862,0.742862,0.742862,0.742862,0.742862,0.742862,0.742862
full_fp_eager_layer,full_fp,eager,layer,cpu,prefill,gpu.layer.27.fp.input_norm,1,0.128093,0.128093,0.128093,0.128093,0.128093,0.128093,0.128093
full_fp_eager_layer,full_fp,eager,layer,cpu,prefill,gpu.layer.27.fp.mlp,1,0.342711,0.342711,0.342711,0.342711,0.342711,0.342711,0.342711
full_fp_eager_layer,full_fp,eager,layer,cpu,prefill,gpu.layer.27.fp.post_attn_norm,1,0.133181,0.133181,0.133181,0.133181,0.133181,0.133181,0.133181
full_fp_eager_layer,full_fp,eager,layer,cpu,prefill,gpu.layer.27.fp.total,1,1.502939,1.502939,1.502939,1.502939,1.502939,1.502939,1.502939
full_fp_eager_layer,full_fp,eager,layer,cpu,prefill,gpu.layer.28.fp.attention,1,0.74715,0.74715,0.74715,0.74715,0.74715,0.74715,0.74715
full_fp_eager_layer,full_fp,eager,layer,cpu,prefill,gpu.layer.28.fp.input_norm,1,0.128701,0.128701,0.128701,0.128701,0.128701,0.128701,0.128701
full_fp_eager_layer,full_fp,eager,layer,cpu,prefill,gpu.layer.28.fp.mlp,1,0.348887,0.348887,0.348887,0.348887,0.348887,0.348887,0.348887
full_fp_eager_layer,full_fp,eager,layer,cpu,prefill,gpu.layer.28.fp.post_attn_norm,1,0.139644,0.139644,0.139644,0.139644,0.139644,0.139644,0.139644
full_fp_eager_layer,full_fp,eager,layer,cpu,prefill,gpu.layer.28.fp.total,1,1.522107,1.522107,1.522107,1.522107,1.522107,1.522107,1.522107
full_fp_eager_layer,full_fp,eager,layer,cpu,prefill,gpu.layer.29.fp.attention,1,0.75195,0.75195,0.75195,0.75195,0.75195,0.75195,0.75195
full_fp_eager_layer,full_fp,eager,layer,cpu,prefill,gpu.layer.29.fp.input_norm,1,0.128668,0.128668,0.128668,0.128668,0.128668,0.128668,0.128668
full_fp_eager_layer,full_fp,eager,layer,cpu,prefill,gpu.layer.29.fp.mlp,1,0.355543,0.355543,0.355543,0.355543,0.355543,0.355543,0.355543
full_fp_eager_layer,full_fp,eager,layer,cpu,prefill,gpu.layer.29.fp.post_attn_norm,1,0.133725,0.133725,0.133725,0.133725,0.133725,0.133725,0.133725
full_fp_eager_layer,full_fp,eager,layer,cpu,prefill,gpu.layer.29.fp.total,1,1.516635,1.516635,1.516635,1.516635,1.516635,1.516635,1.516635
full_fp_eager_layer,full_fp,eager,layer,cpu,prefill,gpu.layer.30.fp.attention,1,0.735374,0.735374,0.735374,0.735374,0.735374,0.735374,0.735374
full_fp_eager_layer,full_fp,eager,layer,cpu,prefill,gpu.layer.30.fp.input_norm,1,0.136669,0.136669,0.136669,0.136669,0.136669,0.136669,0.136669
full_fp_eager_layer,full_fp,eager,layer,cpu,prefill,gpu.layer.30.fp.mlp,1,0.354551,0.354551,0.354551,0.354551,0.354551,0.354551,0.354551
full_fp_eager_layer,full_fp,eager,layer,cpu,prefill,gpu.layer.30.fp.post_attn_norm,1,0.135517,0.135517,0.135517,0.135517,0.135517,0.135517,0.135517
full_fp_eager_layer,full_fp,eager,layer,cpu,prefill,gpu.layer.30.fp.total,1,1.514812,1.514812,1.514812,1.514812,1.514812,1.514812,1.514812
full_fp_eager_layer,full_fp,eager,layer,cpu,prefill,gpu.layer.31.fp.attention,1,0.741166,0.741166,0.741166,0.741166,0.741166,0.741166,0.741166
full_fp_eager_layer,full_fp,eager,layer,cpu,prefill,gpu.layer.31.fp.input_norm,1,0.132093,0.132093,0.132093,0.132093,0.132093,0.132093,0.132093
full_fp_eager_layer,full_fp,eager,layer,cpu,prefill,gpu.layer.31.fp.mlp,1,0.340472,0.340472,0.340472,0.340472,0.340472,0.340472,0.340472
full_fp_eager_layer,full_fp,eager,layer,cpu,prefill,gpu.layer.31.fp.post_attn_norm,1,0.137756,0.137756,0.137756,0.137756,0.137756,0.137756,0.137756
full_fp_eager_layer,full_fp,eager,layer,cpu,prefill,gpu.layer.31.fp.total,1,1.50262,1.50262,1.50262,1.50262,1.50262,1.50262,1.50262
full_fp_eager_layer,full_fp,eager,layer,cpu,prefill,gpu.layer.32.fp.attention,1,0.735918,0.735918,0.735918,0.735918,0.735918,0.735918,0.735918
full_fp_eager_layer,full_fp,eager,layer,cpu,prefill,gpu.layer.32.fp.input_norm,1,0.126269,0.126269,0.126269,0.126269,0.126269,0.126269,0.126269
full_fp_eager_layer,full_fp,eager,layer,cpu,prefill,gpu.layer.32.fp.mlp,1,0.352408,0.352408,0.352408,0.352408,0.352408,0.352408,0.352408
full_fp_eager_layer,full_fp,eager,layer,cpu,prefill,gpu.layer.32.fp.post_attn_norm,1,0.152317,0.152317,0.152317,0.152317,0.152317,0.152317,0.152317
full_fp_eager_layer,full_fp,eager,layer,cpu,prefill,gpu.layer.32.fp.total,1,1.51414,1.51414,1.51414,1.51414,1.51414,1.51414,1.51414
full_fp_eager_layer,full_fp,eager,layer,cpu,prefill,gpu.model_forward,1,50.705911,50.705911,50.705911,50.705911,50.705911,50.705911,50.705911
full_fp_eager_layer,full_fp,eager,layer,cpu,prefill,gpu.sample_postprocess,1,0.050463,0.050463,0.050463,0.050463,0.050463,0.050463,0.050463
full_fp_eager_layer,full_fp,eager,layer,cpu,prefill,gpu.sampler,1,0.467317,0.467317,0.467317,0.467317,0.467317,0.467317,0.467317
full_fp_eager_layer,full_fp,eager,layer,cpu,prefill,runtime.prepare_attn_metadata,1,0.240794,0.240794,0.240794,0.240794,0.240794,0.240794,0.240794
full_fp_eager_layer,full_fp,eager,layer,cpu,prefill,runtime.prepare_inputs,1,1.500251,1.500251,1.500251,1.500251,1.500251,1.500251,1.500251
full_fp_eager_layer,full_fp,eager,layer,cpu,prefill,runtime.preprocess_model_inputs,1,0.031007,0.031007,0.031007,0.031007,0.031007,0.031007,0.031007
full_fp_eager_layer,full_fp,eager,layer,cpu,prefill,runtime.slot_mappings,1,0.053183,0.053183,0.053183,0.053183,0.053183,0.053183,0.053183
full_fp_eager_layer,full_fp,eager,layer,cpu,request,cpu.request.engine_preprocess,1,0.046207,0.046207,0.046207,0.046207,0.046207,0.046207,0.046207
full_fp_eager_layer,full_fp,eager,layer,cpu,request,cpu.request.input_processing,1,0.931785,0.931785,0.931785,0.931785,0.931785,0.931785,0.931785
full_fp_eager_layer,full_fp,eager,layer,cpu,unknown,cpu.scheduler.schedule,33,4.653455,0.14101378787878788,0.138428,0.1568984,0.17246764,0.09091,0.178683
full_fp_eager_layer,full_fp,eager,layer,gpu,decode,gpu.compute_logits,31,181.61248064041138,5.8584671174326255,5.855648040771484,5.860608100891113,5.8973630428314205,5.848608016967773,5.903103828430176
full_fp_eager_layer,full_fp,eager,layer,gpu,decode,gpu.layer.01.fp.attention,31,16.610943734645844,0.5358368946659949,0.5357440114021301,0.5368319749832153,0.5394015908241272,0.5336959958076477,0.5403519868850708
full_fp_eager_layer,full_fp,eager,layer,gpu,decode,gpu.layer.01.fp.input_norm,31,0.19369599968194962,0.006248258054256439,0.006271999794989824,0.0063680000603199005,0.006512000039219856,0.0060800001956522465,0.006560000125318766
full_fp_eager_layer,full_fp,eager,layer,gpu,decode,gpu.layer.01.fp.mlp,31,63.08000063896179,2.0348387302890902,2.0352320671081543,2.036832094192505,2.037491273880005,2.0320639610290527,2.0375680923461914
full_fp_eager_layer,full_fp,eager,layer,gpu,decode,gpu.layer.01.fp.post_attn_norm,31,0.22534399991855025,0.0072691612876951694,0.0072639998979866505,0.007424000184983015,0.0076288000214844946,0.006943999789655209,0.007648000027984381
full_fp_eager_layer,full_fp,eager,layer,gpu,decode,gpu.layer.01.fp.total,31,80.2564160823822,2.5889166478187806,2.5893759727478027,2.5909440517425537,2.592044711112976,2.584320068359375,2.5923519134521484
full_fp_eager_layer,full_fp,eager,layer,gpu,decode,gpu.layer.02.fp.attention,31,16.57811188697815,0.5347778028057467,0.5347200036048889,0.5362240076065063,0.5368832051753998,0.5307199954986572,0.5369600057601929
full_fp_eager_layer,full_fp,eager,layer,gpu,decode,gpu.layer.02.fp.input_norm,31,0.2267839997075498,0.007315612893791929,0.00723200011998415,0.00774399982765317,0.00782080008648336,0.007104000076651573,0.007840000092983246
full_fp_eager_layer,full_fp,eager,layer,gpu,decode,gpu.layer.02.fp.mlp,31,63.081631660461426,2.0348913438858522,2.0339839458465576,2.0379838943481445,2.0470367908477782,2.030240058898926,2.0488319396972656
full_fp_eager_layer,full_fp,eager,layer,gpu,decode,gpu.layer.02.fp.post_attn_norm,31,0.21129600051790476,0.006816000016706605,0.006752000190317631,0.007135999854654074,0.007302400143817067,0.006463999859988689,0.007360000163316727
full_fp_eager_layer,full_fp,eager,layer,gpu,decode,gpu.layer.02.fp.total,31,80.24627137184143,2.588589399091659,2.5882558822631836,2.5914559364318848,2.6018720865249634,2.58188796043396,2.602976083755493
full_fp_eager_layer,full_fp,eager,layer,gpu,decode,gpu.layer.03.fp.attention,31,16.59664011001587,0.5353754874198667,0.5352960228919983,0.5364800095558167,0.5375839948654175,0.5338879823684692,0.5376319885253906
full_fp_eager_layer,full_fp,eager,layer,gpu,decode,gpu.layer.03.fp.input_norm,31,0.2448959988541901,0.007899870930780326,0.00774399982765317,0.00825599953532219,0.008601600211113692,0.007615999784320593,0.008736000396311283
full_fp_eager_layer,full_fp,eager,layer,gpu,decode,gpu.layer.03.fp.mlp,31,63.32576012611389,2.042766455681093,2.042975902557373,2.0451838970184326,2.0481024503707888,2.038559913635254,2.048736095428467
full_fp_eager_layer,full_fp,eager,layer,gpu,decode,gpu.layer.03.fp.post_attn_norm,31,0.21113600069656968,0.006810838732147409,0.006719999946653843,0.007071999832987785,0.007423999952152371,0.006560000125318766,0.007519999984651804
full_fp_eager_layer,full_fp,eager,layer,gpu,decode,gpu.layer.03.fp.total,31,80.52716779708862,2.597650574099633,2.5978879928588867,2.600032091140747,2.6040703773498537,2.5920000076293945,2.6053760051727295
full_fp_eager_layer,full_fp,eager,layer,gpu,decode,gpu.layer.04.fp.attention,31,16.587743937969208,0.5350885141280389,0.5349439978599548,0.5362560153007507,0.5365663886070251,0.5332800149917603,0.536575973033905
full_fp_eager_layer,full_fp,eager,layer,gpu,decode,gpu.layer.04.fp.input_norm,31,0.22678399924188852,0.007315612878770598,0.00723200011998415,0.007615999784320593,0.007859199866652488,0.0071680000983178616,0.007935999892652035
full_fp_eager_layer,full_fp,eager,layer,gpu,decode,gpu.layer.04.fp.mlp,31,63.323423862457275,2.0426910923373316,2.042464017868042,2.04585599899292,2.0481855869293213,2.038304090499878,2.048799991607666
full_fp_eager_layer,full_fp,eager,layer,gpu,decode,gpu.layer.04.fp.post_attn_norm,31,0.22582400031387806,0.007284645171415421,0.00723200011998415,0.007552000228315592,0.00773439989425242,0.006912000011652708,0.00774399982765317
full_fp_eager_layer,full_fp,eager,layer,gpu,decode,gpu.layer.04.fp.total,31,80.51155209541321,2.5971468417875228,2.5968000888824463,2.6003520488739014,2.6028607845306397,2.592992067337036,2.603071928024292
full_fp_eager_layer,full_fp,eager,layer,gpu,decode,gpu.layer.05.fp.attention,31,16.647680044174194,0.537021936908845,0.5370240211486816,0.5381760001182556,0.5389920175075531,0.5352640151977539,0.5390400290489197
full_fp_eager_layer,full_fp,eager,layer,gpu,decode,gpu.layer.05.fp.input_norm,31,0.22771200211718678,0.007345548455393122,0.007296000141650438,0.007712000049650669,0.00782080008648336,0.007104000076651573,0.007840000092983246
full_fp_eager_layer,full_fp,eager,layer,gpu,decode,gpu.layer.05.fp.mlp,31,63.377920150756836,2.044449037121188,2.0443201065063477,2.0465919971466064,2.0483872652053834,2.038815975189209,2.0486080646514893
full_fp_eager_layer,full_fp,eager,layer,gpu,decode,gpu.layer.05.fp.post_attn_norm,31,0.21088000014424324,0.006802580649814298,0.006752000190317631,0.007007999811321497,0.007238400122150779,0.006591999903321266,0.007296000141650438
full_fp_eager_layer,full_fp,eager,layer,gpu,decode,gpu.layer.05.fp.total,31,80.61228775978088,2.6003963793477705,2.60099196434021,2.603071928024292,2.6047135829925536,2.5929598808288574,2.60479998588562
full_fp_eager_layer,full_fp,eager,layer,gpu,decode,gpu.layer.06.fp.attention,31,16.596671998500824,0.5353765160806717,0.5347840189933777,0.5368319749832153,0.5418208062648773,0.5336959958076477,0.5439040064811707
full_fp_eager_layer,full_fp,eager,layer,gpu,decode,gpu.layer.06.fp.input_norm,31,0.22943999990820885,0.00740129031961964,0.007327999919652939,0.007712000049650669,0.00786559977568686,0.007040000054985285,0.007903999648988247
full_fp_eager_layer,full_fp,eager,layer,gpu,decode,gpu.layer.06.fp.mlp,31,63.24995136260986,2.0403210116970922,2.040479898452759,2.0420799255371094,2.0440864324569703,2.0366079807281494,2.04419207572937
full_fp_eager_layer,full_fp,eager,layer,gpu,decode,gpu.layer.06.fp.post_attn_norm,31,0.21267200075089931,0.0068603871209967525,0.006752000190317631,0.007199999876320362,0.007331200083717704,0.006624000146985054,0.007360000163316727
full_fp_eager_layer,full_fp,eager,layer,gpu,decode,gpu.layer.06.fp.total,31,80.44060730934143,2.5948583003013366,2.5942399501800537,2.5981760025024414,2.6036223649978636,2.5905280113220215,2.605695962905884
full_fp_eager_layer,full_fp,eager,layer,gpu,decode,gpu.layer.07.fp.attention,31,16.672704100608826,0.5378291645357686,0.5377920269966125,0.5394560098648071,0.5397792041301728,0.5354880094528198,0.539903998374939
full_fp_eager_layer,full_fp,eager,layer,gpu,decode,gpu.layer.07.fp.input_norm,31,0.22502399934455752,0.0072588386885341135,0.00723200011998415,0.007455999962985516,0.007727999985218048,0.007071999832987785,0.0077760000713169575
full_fp_eager_layer,full_fp,eager,layer,gpu,decode,gpu.layer.07.fp.mlp,31,63.40336012840271,2.045269681561378,2.0451200008392334,2.04803204536438,2.0492639541625977,2.041248083114624,2.0496959686279297
full_fp_eager_layer,full_fp,eager,layer,gpu,decode,gpu.layer.07.fp.post_attn_norm,31,0.20864000264555216,0.0067303226659855536,0.006719999946653843,0.00684799998998642,0.0071680000983178616,0.006560000125318766,0.0071680000983178616
full_fp_eager_layer,full_fp,eager,layer,gpu,decode,gpu.layer.07.fp.total,31,80.65811109542847,2.6018745514654342,2.601759910583496,2.6042559146881104,2.6063199758529665,2.598975896835327,2.6071360111236572
full_fp_eager_layer,full_fp,eager,layer,gpu,decode,gpu.layer.08.fp.attention,31,16.638239979743958,0.536717418701418,0.5367040038108826,0.5378559827804565,0.538288003206253,0.5348160266876221,0.5384320020675659
full_fp_eager_layer,full_fp,eager,layer,gpu,decode,gpu.layer.08.fp.input_norm,31,0.22841599956154823,0.007368258050372524,0.0072639998979866505,0.0077760000713169575,0.007996799983084201,0.006976000033318996,0.008063999935984612
full_fp_eager_layer,full_fp,eager,layer,gpu,decode,gpu.layer.08.fp.mlp,31,63.435712575912476,2.0463133089004026,2.0451200008392334,2.0471999645233154,2.0715007543563844,2.0415360927581787,2.0815999507904053
full_fp_eager_layer,full_fp,eager,layer,gpu,decode,gpu.layer.08.fp.post_attn_norm,31,0.20969600044190884,0.006764387111029317,0.006719999946653843,0.007071999832987785,0.007190399942919612,0.006463999859988689,0.007199999876320362
full_fp_eager_layer,full_fp,eager,layer,gpu,decode,gpu.layer.08.fp.total,31,80.66019225120544,2.6019416855227564,2.6009600162506104,2.6031999588012695,2.627471947669983,2.5972800254821777,2.6373119354248047
full_fp_eager_layer,full_fp,eager,layer,gpu,decode,gpu.layer.09.fp.attention,31,16.597471952438354,0.5354023210463985,0.5355520248413086,0.5364800095558167,0.5369504213333129,0.5336319804191589,0.537056028842926
full_fp_eager_layer,full_fp,eager,layer,gpu,decode,gpu.layer.09.fp.input_norm,31,0.22627200046554208,0.007299096789211035,0.00723200011998415,0.007584000006318092,0.0077247998211532835,0.007071999832987785,0.00774399982765317
full_fp_eager_layer,full_fp,eager,layer,gpu,decode,gpu.layer.09.fp.mlp,31,63.03731107711792,2.033461647648965,2.033440113067627,2.0357120037078857,2.037961554527283,2.0288000106811523,2.0385279655456543
full_fp_eager_layer,full_fp,eager,layer,gpu,decode,gpu.layer.09.fp.post_attn_norm,31,0.21174400206655264,0.0068304516795662145,0.006783999968320131,0.007135999854654074,0.007286400068551302,0.006560000125318766,0.007296000141650438
full_fp_eager_layer,full_fp,eager,layer,gpu,decode,gpu.layer.09.fp.total,31,80.22348856925964,2.5878544699761177,2.588128089904785,2.5909440517425537,2.5927200078964234,2.5835840702056885,2.5930559635162354
full_fp_eager_layer,full_fp,eager,layer,gpu,decode,gpu.layer.10.fp.attention,31,16.56828796863556,0.5344609022140503,0.5342079997062683,0.5360959768295288,0.5378752171993255,0.5321279764175415,0.5382400155067444
full_fp_eager_layer,full_fp,eager,layer,gpu,decode,gpu.layer.10.fp.input_norm,31,0.22617599880322814,0.007295999961394456,0.00723200011998415,0.007679999805986881,0.008201599726453424,0.007007999811321497,0.008383999578654766
full_fp_eager_layer,full_fp,eager,layer,gpu,decode,gpu.layer.10.fp.mlp,31,63.037376165390015,2.0334637472706456,2.0326719284057617,2.034463882446289,2.0534656763076784,2.029599905014038,2.0610880851745605
full_fp_eager_layer,full_fp,eager,layer,gpu,decode,gpu.layer.10.fp.post_attn_norm,31,0.2099840003065765,0.006773677429244403,0.006719999946653843,0.007104000076651573,0.007347200158983469,0.006527999881654978,0.007424000184983015
full_fp_eager_layer,full_fp,eager,layer,gpu,decode,gpu.layer.10.fp.total,31,80.19065570831299,2.586795345429451,2.5860800743103027,2.5889599323272705,2.6055904388427735,2.58188796043396,2.6121280193328857
full_fp_eager_layer,full_fp,eager,layer,gpu,decode,gpu.layer.11.fp.attention,31,16.531391978263855,0.5332707089762534,0.5330560207366943,0.5347840189933777,0.5353023827075958,0.5315200090408325,0.5353599786758423
full_fp_eager_layer,full_fp,eager,layer,gpu,decode,gpu.layer.11.fp.input_norm,31,0.2280319994315505,0.007355870949404855,0.0072639998979866505,0.00774399982765317,0.00786559977568686,0.007104000076651573,0.007903999648988247
full_fp_eager_layer,full_fp,eager,layer,gpu,decode,gpu.layer.11.fp.mlp,31,63.08623957633972,2.0350399863335396,2.033504009246826,2.035520076751709,2.068278431892395,2.029088020324707,2.081536054611206
full_fp_eager_layer,full_fp,eager,layer,gpu,decode,gpu.layer.11.fp.post_attn_norm,31,0.21091200085356832,0.006803612930760268,0.006752000190317631,0.007104000076651573,0.007190399942919612,0.006591999903321266,0.007199999876320362
full_fp_eager_layer,full_fp,eager,layer,gpu,decode,gpu.layer.11.fp.total,31,80.20681548118591,2.587316628425352,2.5860159397125244,2.5880000591278076,2.619667148590088,2.5804800987243652,2.6328959465026855
full_fp_eager_layer,full_fp,eager,layer,gpu,decode,gpu.layer.12.fp.attention,31,16.588896095752716,0.5351256805081521,0.5349119901657104,0.5362560153007507,0.5367647767066955,0.5337600111961365,0.5368319749832153
full_fp_eager_layer,full_fp,eager,layer,gpu,decode,gpu.layer.12.fp.input_norm,31,0.22483200067654252,0.007252645183114275,0.007199999876320362,0.007455999962985516,0.007638399954885244,0.007007999811321497,0.007648000027984381
full_fp_eager_layer,full_fp,eager,layer,gpu,decode,gpu.layer.12.fp.mlp,31,63.165311336517334,2.0375906882747525,2.0367040634155273,2.038559913635254,2.0600672006607055,2.0336639881134033,2.0689280033111572
full_fp_eager_layer,full_fp,eager,layer,gpu,decode,gpu.layer.12.fp.post_attn_norm,31,0.209888000972569,0.006770580676534484,0.006752000190317631,0.006912000011652708,0.007171199936419725,0.006560000125318766,0.007199999876320362
full_fp_eager_layer,full_fp,eager,layer,gpu,decode,gpu.layer.12.fp.total,31,80.33743906021118,2.591530292264877,2.5903360843658447,2.5931520462036133,2.6144958972930907,2.5863358974456787,2.623231887817383
full_fp_eager_layer,full_fp,eager,layer,gpu,decode,gpu.layer.13.fp.attention,31,16.575488030910492,0.5346931622874352,0.5347520112991333,0.5359039902687073,0.5363103866577148,0.5329920053482056,0.5363199710845947
full_fp_eager_layer,full_fp,eager,layer,gpu,decode,gpu.layer.13.fp.input_norm,31,0.2284480007365346,0.0073692903463398254,0.007296000141650438,0.0077760000713169575,0.007852800190448761,0.007104000076651573,0.007872000336647034
full_fp_eager_layer,full_fp,eager,layer,gpu,decode,gpu.layer.13.fp.mlp,31,63.12086367607117,2.0361568927764893,2.0350399017333984,2.037087917327881,2.0598527431488036,2.0315840244293213,2.0682239532470703
full_fp_eager_layer,full_fp,eager,layer,gpu,decode,gpu.layer.13.fp.post_attn_norm,31,0.21177600091323256,0.0068314839004268565,0.006719999946653843,0.0071680000983178616,0.00750079988501966,0.006496000103652477,0.007615999784320593
full_fp_eager_layer,full_fp,eager,layer,gpu,decode,gpu.layer.13.fp.total,31,80.28601622581482,2.589871491155317,2.5887041091918945,2.5916481018066406,2.613260841369629,2.584671974182129,2.6213440895080566
full_fp_eager_layer,full_fp,eager,layer,gpu,decode,gpu.layer.14.fp.attention,31,16.5764479637146,0.5347241278617613,0.5344319939613342,0.5361279845237732,0.5364191949367523,0.532256007194519,0.5364480018615723
full_fp_eager_layer,full_fp,eager,layer,gpu,decode,gpu.layer.14.fp.input_norm,31,0.22703999979421496,0.0073238709611037085,0.0072639998979866505,0.007712000049650669,0.00782080008648336,0.007071999832987785,0.007840000092983246
full_fp_eager_layer,full_fp,eager,layer,gpu,decode,gpu.layer.14.fp.mlp,31,63.25376081466675,2.0404438972473145,2.03603196144104,2.04038405418396,2.1109824419021606,2.032576084136963,2.1197760105133057
full_fp_eager_layer,full_fp,eager,layer,gpu,decode,gpu.layer.14.fp.post_attn_norm,31,0.2269439990632236,0.007320774163329794,0.0072639998979866505,0.007584000006318092,0.00773439989425242,0.007071999832987785,0.00774399982765317
full_fp_eager_layer,full_fp,eager,layer,gpu,decode,gpu.layer.14.fp.total,31,80.43283176422119,2.5946074762651996,2.5900158882141113,2.5958080291748047,2.665446400642395,2.5866239070892334,2.674720048904419
full_fp_eager_layer,full_fp,eager,layer,gpu,decode,gpu.layer.15.fp.attention,31,16.580096065998077,0.5348418085805832,0.5346879959106445,0.5359039902687073,0.536873596906662,0.5329599976539612,0.5371519923210144
full_fp_eager_layer,full_fp,eager,layer,gpu,decode,gpu.layer.15.fp.input_norm,31,0.22758399974554777,0.007341419346630573,0.0072639998979866505,0.007679999805986881,0.007855999702587723,0.007104000076651573,0.007903999648988247
full_fp_eager_layer,full_fp,eager,layer,gpu,decode,gpu.layer.15.fp.mlp,31,63.2291522026062,2.039650071051813,2.0385279655456543,2.041440010070801,2.0672191619873046,2.034719944000244,2.0776638984680176
full_fp_eager_layer,full_fp,eager,layer,gpu,decode,gpu.layer.15.fp.post_attn_norm,31,0.20864000031724572,0.006730322590878894,0.006719999946653843,0.006912000011652708,0.007190399942919612,0.0063680000603199005,0.007199999876320362
full_fp_eager_layer,full_fp,eager,layer,gpu,decode,gpu.layer.15.fp.total,31,80.39539217948914,2.593399747725456,2.5924160480499268,2.5960640907287598,2.620464062690735,2.587615966796875,2.630880117416382
full_fp_eager_layer,full_fp,eager,layer,gpu,decode,gpu.layer.16.fp.attention,31,16.570719957351685,0.5345393534629576,0.5345919728279114,0.5359359979629517,0.536406409740448,0.5324479937553406,0.536512017250061
full_fp_eager_layer,full_fp,eager,layer,gpu,decode,gpu.layer.16.fp.input_norm,31,0.2262080004438758,0.00729703227238309,0.00723200011998415,0.007584000006318092,0.007702399976551533,0.007104000076651573,0.007712000049650669
full_fp_eager_layer,full_fp,eager,layer,gpu,decode,gpu.layer.16.fp.mlp,31,63.2365448474884,2.039888543467368,2.0378880500793457,2.0407679080963135,2.069318413734436,2.0353920459747314,2.0733120441436768
full_fp_eager_layer,full_fp,eager,layer,gpu,decode,gpu.layer.16.fp.post_attn_norm,31,0.20950400177389383,0.006758193605609478,0.006719999946653843,0.006976000033318996,0.0072703999001532795,0.006560000125318766,0.007327999919652939
full_fp_eager_layer,full_fp,eager,layer,gpu,decode,gpu.layer.16.fp.total,31,80.38985657691956,2.5932211799006306,2.5914559364318848,2.5939838886260986,2.6221504688262938,2.588223934173584,2.625760078430176
full_fp_eager_layer,full_fp,eager,layer,gpu,decode,gpu.layer.17.fp.attention,31,16.60591995716095,0.5356748373277725,0.5359039902687073,0.537056028842926,0.5375168204307557,0.5325120091438293,0.5375360250473022
full_fp_eager_layer,full_fp,eager,layer,gpu,decode,gpu.layer.17.fp.input_norm,31,0.22652799915522337,0.007307354811458818,0.00723200011998415,0.00774399982765317,0.00783040001988411,0.007071999832987785,0.007840000092983246
full_fp_eager_layer,full_fp,eager,layer,gpu,decode,gpu.layer.17.fp.mlp,31,63.25769639015198,2.040570851295225,2.0363519191741943,2.037856101989746,2.1130688428878783,2.0335679054260254,2.122976064682007
full_fp_eager_layer,full_fp,eager,layer,gpu,decode,gpu.layer.17.fp.post_attn_norm,31,0.22646399959921837,0.007305290309652206,0.00723200011998415,0.007615999784320593,0.007884799782186747,0.007071999832987785,0.007903999648988247
full_fp_eager_layer,full_fp,eager,layer,gpu,decode,gpu.layer.17.fp.total,31,80.46544027328491,2.595659363654352,2.591423988342285,2.593280076980591,2.669209599494934,2.5878400802612305,2.679327964782715
full_fp_eager_layer,full_fp,eager,layer,gpu,decode,gpu.layer.18.fp.attention,31,16.58764809370041,0.5350854223774325,0.535103976726532,0.5362560153007507,0.5368543803691864,0.5332480072975159,0.5368639826774597
full_fp_eager_layer,full_fp,eager,layer,gpu,decode,gpu.layer.18.fp.input_norm,31,0.22636799979954958,0.0073021935419209545,0.0072639998979866505,0.007519999984651804,0.00773439989425242,0.007104000076651573,0.00774399982765317
full_fp_eager_layer,full_fp,eager,layer,gpu,decode,gpu.layer.18.fp.mlp,31,63.207103967666626,2.0389388376666653,2.03603196144104,2.03987193107605,2.0901920795440674,2.033535957336426,2.1113600730895996
full_fp_eager_layer,full_fp,eager,layer,gpu,decode,gpu.layer.18.fp.post_attn_norm,31,0.2081600008532405,0.006714838737201306,0.006719999946653843,0.006783999968320131,0.006902399938553572,0.006591999903321266,0.006912000011652708
full_fp_eager_layer,full_fp,eager,layer,gpu,decode,gpu.layer.18.fp.total,31,80.37737560272217,2.5928185678297475,2.5903360843658447,2.594496011734009,2.6440671920776366,2.5867199897766113,2.664639949798584
full_fp_eager_layer,full_fp,eager,layer,gpu,decode,gpu.layer.19.fp.attention,31,16.590816020965576,0.5351876135795347,0.5352960228919983,0.5365440249443054,0.5368863880634308,0.5331199765205383,0.5368959903717041
full_fp_eager_layer,full_fp,eager,layer,gpu,decode,gpu.layer.19.fp.input_norm,31,0.22735999943688512,0.007334193530222101,0.0072639998979866505,0.007712000049650669,0.0077760000713169575,0.007104000076651573,0.0077760000713169575
full_fp_eager_layer,full_fp,eager,layer,gpu,decode,gpu.layer.19.fp.mlp,31,63.26150465011597,2.0406936983908377,2.040127992630005,2.0421760082244873,2.057462453842163,2.0374081134796143,2.063904047012329
full_fp_eager_layer,full_fp,eager,layer,gpu,decode,gpu.layer.19.fp.post_attn_norm,31,0.20883200131356716,0.006736516171405392,0.006688000168651342,0.00687999976798892,0.007171199936419725,0.006560000125318766,0.007199999876320362
full_fp_eager_layer,full_fp,eager,layer,gpu,decode,gpu.layer.19.fp.total,31,80.43712043762207,2.5947458205684537,2.5937600135803223,2.5968000888824463,2.6125248670578003,2.5904319286346436,2.61897611618042
full_fp_eager_layer,full_fp,eager,layer,gpu,decode,gpu.layer.20.fp.attention,31,16.638624012470245,0.5367298068538788,0.5366399884223938,0.5376319885253906,0.5385983943939209,0.5349760055541992,0.5388479828834534
full_fp_eager_layer,full_fp,eager,layer,gpu,decode,gpu.layer.20.fp.input_norm,31,0.2281599990092218,0.007359999968039412,0.0072639998979866505,0.007648000027984381,0.007788799842819572,0.007071999832987785,0.007807999849319458
full_fp_eager_layer,full_fp,eager,layer,gpu,decode,gpu.layer.20.fp.mlp,31,63.23068809509277,2.0396996159707346,2.0381760597229004,2.040287971496582,2.0761856555938722,2.034463882446289,2.0906240940093994
full_fp_eager_layer,full_fp,eager,layer,gpu,decode,gpu.layer.20.fp.post_attn_norm,31,0.20857599982991815,0.006728258059029618,0.006719999946653843,0.006912000011652708,0.007187199871987104,0.0063680000603199005,0.0072639998979866505
full_fp_eager_layer,full_fp,eager,layer,gpu,decode,gpu.layer.20.fp.total,31,80.4533109664917,2.5952680956932808,2.5938880443573,2.596895933151245,2.630351948738098,2.5890560150146484,2.6445119380950928
full_fp_eager_layer,full_fp,eager,layer,gpu,decode,gpu.layer.21.fp.attention,31,16.5906879901886,0.5351834835544709,0.5353919863700867,0.5364800095558167,0.5372128009796142,0.5315520167350769,0.5374720096588135
full_fp_eager_layer,full_fp,eager,layer,gpu,decode,gpu.layer.21.fp.input_norm,31,0.22566399862989783,0.007279483826770898,0.00723200011998415,0.007584000006318092,0.007756800064817071,0.007071999832987785,0.0077760000713169575
full_fp_eager_layer,full_fp,eager,layer,gpu,decode,gpu.layer.21.fp.mlp,31,63.10579180717468,2.0356707034572477,2.035583972930908,2.037856101989746,2.039193534851074,2.0314879417419434,2.0397119522094727
full_fp_eager_layer,full_fp,eager,layer,gpu,decode,gpu.layer.21.fp.post_attn_norm,31,0.20985599933192134,0.00676954836554585,0.006719999946653843,0.006976000033318996,0.007139200018718839,0.006560000125318766,0.0071680000983178616
full_fp_eager_layer,full_fp,eager,layer,gpu,decode,gpu.layer.21.fp.total,31,80.28128027915955,2.589718718682566,2.589951992034912,2.5925440788269043,2.5936736345291136,2.5852479934692383,2.5938560962677
full_fp_eager_layer,full_fp,eager,layer,gpu,decode,gpu.layer.22.fp.attention,31,16.552224040031433,0.5339427109687559,0.5339840054512024,0.5346879959106445,0.5353119850158692,0.5319039821624756,0.5353599786758423
full_fp_eager_layer,full_fp,eager,layer,gpu,decode,gpu.layer.22.fp.input_norm,31,0.2269759993068874,0.007321806429254432,0.0072639998979866505,0.007648000027984381,0.0077760000713169575,0.007071999832987785,0.0077760000713169575
full_fp_eager_layer,full_fp,eager,layer,gpu,decode,gpu.layer.22.fp.mlp,31,63.073856592178345,2.0346405352315595,2.0347840785980225,2.036992073059082,2.038806343078613,2.0284481048583984,2.0390079021453857
full_fp_eager_layer,full_fp,eager,layer,gpu,decode,gpu.layer.22.fp.post_attn_norm,31,0.21196800097823143,0.006837677450910691,0.006752000190317631,0.007199999876320362,0.00735040009021759,0.006591999903321266,0.007360000163316727
full_fp_eager_layer,full_fp,eager,layer,gpu,decode,gpu.layer.22.fp.total,31,80.21411180496216,2.587551993708457,2.5876479148864746,2.5902719497680664,2.5925184011459352,2.5825281143188477,2.5927679538726807
full_fp_eager_layer,full_fp,eager,layer,gpu,decode,gpu.layer.23.fp.attention,31,16.610015988349915,0.5358069673661263,0.5357440114021301,0.5370879769325256,0.5383328080177308,0.5335360169410706,0.5386880040168762
full_fp_eager_layer,full_fp,eager,layer,gpu,decode,gpu.layer.23.fp.input_norm,31,0.22534399991855025,0.0072691612876951694,0.00723200011998415,0.007712000049650669,0.00782080008648336,0.006943999789655209,0.007840000092983246
full_fp_eager_layer,full_fp,eager,layer,gpu,decode,gpu.layer.23.fp.mlp,31,63.23590397834778,2.039867870269283,2.0398080348968506,2.0422720909118652,2.043516826629639,2.035871982574463,2.043776035308838
full_fp_eager_layer,full_fp,eager,layer,gpu,decode,gpu.layer.23.fp.post_attn_norm,31,0.21004800032824278,0.006775741946072348,0.006719999946653843,0.007135999854654074,0.007190399942919612,0.006496000103652477,0.007199999876320362
full_fp_eager_layer,full_fp,eager,layer,gpu,decode,gpu.layer.23.fp.total,31,80.43100762367249,2.594548633021693,2.5950400829315186,2.5970559120178223,2.598633599281311,2.588063955307007,2.5992000102996826
full_fp_eager_layer,full_fp,eager,layer,gpu,decode,gpu.layer.24.fp.attention,31,16.59081596136093,0.5351876116568043,0.5353919863700867,0.5368959903717041,0.5373407959938049,0.5331199765205383,0.5374079942703247
full_fp_eager_layer,full_fp,eager,layer,gpu,decode,gpu.layer.24.fp.input_norm,31,0.22537599969655275,0.007270193538598476,0.00723200011998415,0.007391999941319227,0.007907199952751399,0.007040000054985285,0.007935999892652035
full_fp_eager_layer,full_fp,eager,layer,gpu,decode,gpu.layer.24.fp.mlp,31,63.26188826560974,2.040706073084185,2.0354559421539307,2.0380160808563232,2.1145472049713137,2.0329599380493164,2.1146240234375
full_fp_eager_layer,full_fp,eager,layer,gpu,decode,gpu.layer.24.fp.post_attn_norm,31,0.208576001226902,0.006728258104093613,0.006719999946653843,0.00684799998998642,0.007129600085318088,0.0063680000603199005,0.0071680000983178616
full_fp_eager_layer,full_fp,eager,layer,gpu,decode,gpu.layer.24.fp.total,31,80.43519997596741,2.594683870192497,2.589632034301758,2.5921919345855713,2.6683744192123413,2.5857601165771484,2.6688640117645264
full_fp_eager_layer,full_fp,eager,layer,gpu,decode,gpu.layer.25.fp.attention,31,16.588895857334137,0.5351256728172302,0.5352320075035095,0.5362240076065063,0.5365759909152985,0.5328959822654724,0.5366719961166382
full_fp_eager_layer,full_fp,eager,layer,gpu,decode,gpu.layer.25.fp.input_norm,31,0.2239679996855557,0.007224774183405023,0.00723200011998415,0.007296000141650438,0.007587199844419956,0.007007999811321497,0.007615999784320593
full_fp_eager_layer,full_fp,eager,layer,gpu,decode,gpu.layer.25.fp.mlp,31,63.03711986541748,2.033455479529596,2.0332159996032715,2.0355520248413086,2.037331199645996,2.030816078186035,2.0377919673919678
full_fp_eager_layer,full_fp,eager,layer,gpu,decode,gpu.layer.25.fp.post_attn_norm,31,0.20870400127023458,0.006732387137749503,0.006719999946653843,0.006816000211983919,0.007302399910986423,0.006560000125318766,0.007455999962985516
full_fp_eager_layer,full_fp,eager,layer,gpu,decode,gpu.layer.25.fp.total,31,80.20630407333374,2.5873001313978627,2.58735990524292,2.5891520977020264,2.5905184507369996,2.5846400260925293,2.5906240940093994
full_fp_eager_layer,full_fp,eager,layer,gpu,decode,gpu.layer.26.fp.attention,31,16.600831925868988,0.5355107072860964,0.5358080267906189,0.5368639826774597,0.5378431975841522,0.5333759784698486,0.5379199981689453
full_fp_eager_layer,full_fp,eager,layer,gpu,decode,gpu.layer.26.fp.input_norm,31,0.22483200021088123,0.007252645168092943,0.00723200011998415,0.007360000163316727,0.007638399861752986,0.007104000076651573,0.00774399982765317
full_fp_eager_layer,full_fp,eager,layer,gpu,decode,gpu.layer.26.fp.mlp,31,63.010112285614014,2.0325842672778713,2.0328640937805176,2.0347840785980225,2.0352256059646607,2.028831958770752,2.035264015197754
full_fp_eager_layer,full_fp,eager,layer,gpu,decode,gpu.layer.26.fp.post_attn_norm,31,0.2080000014975667,0.006709677467663442,0.006719999946653843,0.006783999968320131,0.006816000211983919,0.006560000125318766,0.006816000211983919
full_fp_eager_layer,full_fp,eager,layer,gpu,decode,gpu.layer.26.fp.total,31,80.1910400390625,2.5868077431955645,2.586944103240967,2.589087963104248,2.590291213989258,2.58134388923645,2.5903680324554443
full_fp_eager_layer,full_fp,eager,layer,gpu,decode,gpu.layer.27.fp.attention,31,16.54835194349289,0.5338178046288029,0.5337920188903809,0.5350720286369324,0.5353888034820556,0.5318719744682312,0.5354560017585754
full_fp_eager_layer,full_fp,eager,layer,gpu,decode,gpu.layer.27.fp.input_norm,31,0.22598400013521314,0.007289806455974618,0.00723200011998415,0.007615999784320593,0.007843200257048011,0.007071999832987785,0.007872000336647034
full_fp_eager_layer,full_fp,eager,layer,gpu,decode,gpu.layer.27.fp.mlp,31,63.01980710029602,2.0328970032353557,2.032576084136963,2.0356481075286865,2.035971188545227,2.0279359817504883,2.0360000133514404
full_fp_eager_layer,full_fp,eager,layer,gpu,decode,gpu.layer.27.fp.post_attn_norm,31,0.2252159989438951,0.007265032223996616,0.007199999876320362,0.007455999962985516,0.007702399976551533,0.007104000076651573,0.007712000049650669
full_fp_eager_layer,full_fp,eager,layer,gpu,decode,gpu.layer.27.fp.total,31,80.16841650009155,2.5860779516158567,2.5858240127563477,2.5891520977020264,2.58971529006958,2.5812160968780518,2.589888095855713
full_fp_eager_layer,full_fp,eager,layer,gpu,decode,gpu.layer.28.fp.attention,31,16.535104036331177,0.5333904527848766,0.5331839919090271,0.5350720286369324,0.5356352210044861,0.5317440032958984,0.5358080267906189
full_fp_eager_layer,full_fp,eager,layer,gpu,decode,gpu.layer.28.fp.input_norm,31,0.22588799940422177,0.007286709658200702,0.00723200011998415,0.007679999805986881,0.007855999702587723,0.007040000054985285,0.007903999648988247
full_fp_eager_layer,full_fp,eager,layer,gpu,decode,gpu.layer.28.fp.mlp,31,63.05139183998108,2.033915865805841,2.033600091934204,2.0365118980407715,2.037190318107605,2.031424045562744,2.037247896194458
full_fp_eager_layer,full_fp,eager,layer,gpu,decode,gpu.layer.28.fp.post_attn_norm,31,0.20841600093990564,0.006723096804513085,0.006719999946653843,0.006783999968320131,0.007087999908253551,0.006591999903321266,0.007135999854654074
full_fp_eager_layer,full_fp,eager,layer,gpu,decode,gpu.layer.28.fp.total,31,80.16886353492737,2.586092372094431,2.5860800743103027,2.5886080265045166,2.59018874168396,2.582943916320801,2.590303897857666
full_fp_eager_layer,full_fp,eager,layer,gpu,decode,gpu.layer.29.fp.attention,31,16.586623966693878,0.5350523860223831,0.5350720286369324,0.5362240076065063,0.537145608663559,0.5332159996032715,0.5372800230979919
full_fp_eager_layer,full_fp,eager,layer,gpu,decode,gpu.layer.29.fp.input_norm,31,0.22476799879223108,0.007250580606201003,0.00723200011998415,0.007327999919652939,0.007737600058317184,0.007104000076651573,0.0077760000713169575
full_fp_eager_layer,full_fp,eager,layer,gpu,decode,gpu.layer.29.fp.mlp,31,63.05952000617981,2.0341780647154777,2.033951997756958,2.0359039306640625,2.0391231775283813,2.0305280685424805,2.039680004119873
full_fp_eager_layer,full_fp,eager,layer,gpu,decode,gpu.layer.29.fp.post_attn_norm,31,0.20947200153023005,0.00675716133968484,0.006719999946653843,0.00684799998998642,0.007302400143817067,0.006527999881654978,0.007360000163316727
full_fp_eager_layer,full_fp,eager,layer,gpu,decode,gpu.layer.29.fp.total,31,80.22870373725891,2.5880227012019,2.5879039764404297,2.5902719497680664,2.5936320304870604,2.5839359760284424,2.594304084777832
full_fp_eager_layer,full_fp,eager,layer,gpu,decode,gpu.layer.30.fp.attention,31,16.590975880622864,0.535192770342673,0.535103976726532,0.5362560153007507,0.5371007978916168,0.5339840054512024,0.53711998462677
full_fp_eager_layer,full_fp,eager,layer,gpu,decode,gpu.layer.30.fp.input_norm,31,0.2266880003735423,0.00731251614108201,0.00723200011998415,0.007615999784320593,0.007801600079983473,0.007071999832987785,0.007840000092983246
full_fp_eager_layer,full_fp,eager,layer,gpu,decode,gpu.layer.30.fp.mlp,31,63.038527727127075,2.033500894423454,2.0334720611572266,2.0354559421539307,2.0364831686019897,2.029536008834839,2.0366079807281494
full_fp_eager_layer,full_fp,eager,layer,gpu,decode,gpu.layer.30.fp.post_attn_norm,31,0.2091520014218986,0.006746838755545116,0.006719999946653843,0.006943999789655209,0.007139200018718839,0.006527999881654978,0.0071680000983178616
full_fp_eager_layer,full_fp,eager,layer,gpu,decode,gpu.layer.30.fp.total,31,80.21555209159851,2.587598454567694,2.5873920917510986,2.589600086212158,2.59139199256897,2.5840001106262207,2.5915839672088623
full_fp_eager_layer,full_fp,eager,layer,gpu,decode,gpu.layer.31.fp.attention,31,16.59801608324051,0.5354198736529197,0.5352960228919983,0.536575973033905,0.5378783822059632,0.5330880284309387,0.5380799770355225
full_fp_eager_layer,full_fp,eager,layer,gpu,decode,gpu.layer.31.fp.input_norm,31,0.21008000010624528,0.006776774196975654,0.006719999946653843,0.007040000054985285,0.007260799966752529,0.006591999903321266,0.007327999919652939
full_fp_eager_layer,full_fp,eager,layer,gpu,decode,gpu.layer.31.fp.mlp,31,63.018879652023315,2.0328670855491393,2.032896041870117,2.034111976623535,2.034876823425293,2.030240058898926,2.0349440574645996
full_fp_eager_layer,full_fp,eager,layer,gpu,decode,gpu.layer.31.fp.post_attn_norm,31,0.2088320003822446,0.0067365161413627285,0.006719999946653843,0.00687999976798892,0.007161599863320589,0.006591999903321266,0.007199999876320362
full_fp_eager_layer,full_fp,eager,layer,gpu,decode,gpu.layer.31.fp.total,31,80.18524718284607,2.5866208768660024,2.5867838859558105,2.5885438919067383,2.590128040313721,2.58351993560791,2.5901761054992676
full_fp_eager_layer,full_fp,eager,layer,gpu,decode,gpu.layer.32.fp.attention,31,16.596416115760803,0.5353682617987355,0.5355520248413086,0.5361599922180176,0.536483210325241,0.5329920053482056,0.536512017250061
full_fp_eager_layer,full_fp,eager,layer,gpu,decode,gpu.layer.32.fp.input_norm,31,0.20899200160056353,0.00674167747098592,0.006752000190317631,0.00684799998998642,0.007020800048485399,0.006591999903321266,0.007040000054985285
full_fp_eager_layer,full_fp,eager,layer,gpu,decode,gpu.layer.32.fp.mlp,31,63.09660768508911,2.0353744414544876,2.035167932510376,2.038271903991699,2.03908793926239,2.0310399532318115,2.0391359329223633
full_fp_eager_layer,full_fp,eager,layer,gpu,decode,gpu.layer.32.fp.post_attn_norm,31,0.20902400091290474,0.0067427097068678945,0.006719999946653843,0.00687999976798892,0.007180799869820476,0.006463999859988689,0.007199999876320362
full_fp_eager_layer,full_fp,eager,layer,gpu,decode,gpu.layer.32.fp.total,31,80.25900793075562,2.5890002558308263,2.5887999534606934,2.5917439460754395,2.593174386024475,2.584223985671997,2.5934720039367676
full_fp_eager_layer,full_fp,eager,layer,gpu,decode,gpu.model_forward,31,2572.67130279541,82.98939686436808,82.96377563476562,82.9869155883789,83.46040344238281,82.9369888305664,83.56655883789062
full_fp_eager_layer,full_fp,eager,layer,gpu,decode,gpu.sample_postprocess,31,0.02607999974861741,0.0008412903144715294,0.0008319999906234443,0.0008640000014565885,0.0010720000136643648,0.0007680000271648169,0.001120000029914081
full_fp_eager_layer,full_fp,eager,layer,gpu,decode,gpu.sampler,31,2.563743978738785,0.08270141866899305,0.08275199681520462,0.08329600095748901,0.08367039859294892,0.081727996468544,0.08377599716186523
full_fp_eager_layer,full_fp,eager,layer,gpu,decode,runtime.prepare_inputs,31,1.9896000102162361,0.06418064549084633,0.056703999638557434,0.07420799881219864,0.07502079978585244,0.0549440011382103,0.07513599842786789
full_fp_eager_layer,full_fp,eager,layer,gpu,prefill,gpu.compute_logits,1,5.868671894073486,5.868671894073486,5.868671894073486,5.868671894073486,5.868671894073486,5.868671894073486,5.868671894073486
full_fp_eager_layer,full_fp,eager,layer,gpu,prefill,gpu.layer.01.fp.attention,1,1.2356480360031128,1.2356480360031128,1.2356480360031128,1.2356480360031128,1.2356480360031128,1.2356480360031128,1.2356480360031128
full_fp_eager_layer,full_fp,eager,layer,gpu,prefill,gpu.layer.01.fp.input_norm,1,0.21350400149822235,0.21350400149822235,0.21350400149822235,0.21350400149822235,0.21350400149822235,0.21350400149822235,0.21350400149822235
full_fp_eager_layer,full_fp,eager,layer,gpu,prefill,gpu.layer.01.fp.mlp,1,2.6859519481658936,2.6859519481658936,2.6859519481658936,2.6859519481658936,2.6859519481658936,2.6859519481658936,2.6859519481658936
full_fp_eager_layer,full_fp,eager,layer,gpu,prefill,gpu.layer.01.fp.post_attn_norm,1,0.019200000911951065,0.019200000911951065,0.019200000911951065,0.019200000911951065,0.019200000911951065,0.019200000911951065,0.019200000911951065
full_fp_eager_layer,full_fp,eager,layer,gpu,prefill,gpu.layer.01.fp.total,1,4.319488048553467,4.319488048553467,4.319488048553467,4.319488048553467,4.319488048553467,4.319488048553467,4.319488048553467
full_fp_eager_layer,full_fp,eager,layer,gpu,prefill,gpu.layer.02.fp.attention,1,0.6327040195465088,0.6327040195465088,0.6327040195465088,0.6327040195465088,0.6327040195465088,0.6327040195465088,0.6327040195465088
full_fp_eager_layer,full_fp,eager,layer,gpu,prefill,gpu.layer.02.fp.input_norm,1,0.023423999547958374,0.023423999547958374,0.023423999547958374,0.023423999547958374,0.023423999547958374,0.023423999547958374,0.023423999547958374
full_fp_eager_layer,full_fp,eager,layer,gpu,prefill,gpu.layer.02.fp.mlp,1,2.5807039737701416,2.5807039737701416,2.5807039737701416,2.5807039737701416,2.5807039737701416,2.5807039737701416,2.5807039737701416
full_fp_eager_layer,full_fp,eager,layer,gpu,prefill,gpu.layer.02.fp.post_attn_norm,1,0.01897599920630455,0.01897599920630455,0.01897599920630455,0.01897599920630455,0.01897599920630455,0.01897599920630455,0.01897599920630455
full_fp_eager_layer,full_fp,eager,layer,gpu,prefill,gpu.layer.02.fp.total,1,3.261280059814453,3.261280059814453,3.261280059814453,3.261280059814453,3.261280059814453,3.261280059814453,3.261280059814453
full_fp_eager_layer,full_fp,eager,layer,gpu,prefill,gpu.layer.03.fp.attention,1,0.6387839913368225,0.6387839913368225,0.6387839913368225,0.6387839913368225,0.6387839913368225,0.6387839913368225,0.6387839913368225
full_fp_eager_layer,full_fp,eager,layer,gpu,prefill,gpu.layer.03.fp.input_norm,1,0.02304000034928322,0.02304000034928322,0.02304000034928322,0.02304000034928322,0.02304000034928322,0.02304000034928322,0.02304000034928322
full_fp_eager_layer,full_fp,eager,layer,gpu,prefill,gpu.layer.03.fp.mlp,1,2.601408004760742,2.601408004760742,2.601408004760742,2.601408004760742,2.601408004760742,2.601408004760742,2.601408004760742
full_fp_eager_layer,full_fp,eager,layer,gpu,prefill,gpu.layer.03.fp.post_attn_norm,1,0.0197759997099638,0.0197759997099638,0.0197759997099638,0.0197759997099638,0.0197759997099638,0.0197759997099638,0.0197759997099638
full_fp_eager_layer,full_fp,eager,layer,gpu,prefill,gpu.layer.03.fp.total,1,3.2880959510803223,3.2880959510803223,3.2880959510803223,3.2880959510803223,3.2880959510803223,3.2880959510803223,3.2880959510803223
full_fp_eager_layer,full_fp,eager,layer,gpu,prefill,gpu.layer.04.fp.attention,1,0.6348479986190796,0.6348479986190796,0.6348479986190796,0.6348479986190796,0.6348479986190796,0.6348479986190796,0.6348479986190796
full_fp_eager_layer,full_fp,eager,layer,gpu,prefill,gpu.layer.04.fp.input_norm,1,0.023391999304294586,0.023391999304294586,0.023391999304294586,0.023391999304294586,0.023391999304294586,0.023391999304294586,0.023391999304294586
full_fp_eager_layer,full_fp,eager,layer,gpu,prefill,gpu.layer.04.fp.mlp,1,2.6080000400543213,2.6080000400543213,2.6080000400543213,2.6080000400543213,2.6080000400543213,2.6080000400543213,2.6080000400543213
full_fp_eager_layer,full_fp,eager,layer,gpu,prefill,gpu.layer.04.fp.post_attn_norm,1,0.02006400004029274,0.02006400004029274,0.02006400004029274,0.02006400004029274,0.02006400004029274,0.02006400004029274,0.02006400004029274
full_fp_eager_layer,full_fp,eager,layer,gpu,prefill,gpu.layer.04.fp.total,1,3.2917120456695557,3.2917120456695557,3.2917120456695557,3.2917120456695557,3.2917120456695557,3.2917120456695557,3.2917120456695557
full_fp_eager_layer,full_fp,eager,layer,gpu,prefill,gpu.layer.05.fp.attention,1,0.6344640254974365,0.6344640254974365,0.6344640254974365,0.6344640254974365,0.6344640254974365,0.6344640254974365,0.6344640254974365
full_fp_eager_layer,full_fp,eager,layer,gpu,prefill,gpu.layer.05.fp.input_norm,1,0.022943999618291855,0.022943999618291855,0.022943999618291855,0.022943999618291855,0.022943999618291855,0.022943999618291855,0.022943999618291855
full_fp_eager_layer,full_fp,eager,layer,gpu,prefill,gpu.layer.05.fp.mlp,1,2.5959999561309814,2.5959999561309814,2.5959999561309814,2.5959999561309814,2.5959999561309814,2.5959999561309814,2.5959999561309814
full_fp_eager_layer,full_fp,eager,layer,gpu,prefill,gpu.layer.05.fp.post_attn_norm,1,0.01945599913597107,0.01945599913597107,0.01945599913597107,0.01945599913597107,0.01945599913597107,0.01945599913597107,0.01945599913597107
full_fp_eager_layer,full_fp,eager,layer,gpu,prefill,gpu.layer.05.fp.total,1,3.2780160903930664,3.2780160903930664,3.2780160903930664,3.2780160903930664,3.2780160903930664,3.2780160903930664,3.2780160903930664
full_fp_eager_layer,full_fp,eager,layer,gpu,prefill,gpu.layer.06.fp.attention,1,0.6362239718437195,0.6362239718437195,0.6362239718437195,0.6362239718437195,0.6362239718437195,0.6362239718437195,0.6362239718437195
full_fp_eager_layer,full_fp,eager,layer,gpu,prefill,gpu.layer.06.fp.input_norm,1,0.023104000836610794,0.023104000836610794,0.023104000836610794,0.023104000836610794,0.023104000836610794,0.023104000836610794,0.023104000836610794
full_fp_eager_layer,full_fp,eager,layer,gpu,prefill,gpu.layer.06.fp.mlp,1,2.587167978286743,2.587167978286743,2.587167978286743,2.587167978286743,2.587167978286743,2.587167978286743,2.587167978286743
full_fp_eager_layer,full_fp,eager,layer,gpu,prefill,gpu.layer.06.fp.post_attn_norm,1,0.01929599978029728,0.01929599978029728,0.01929599978029728,0.01929599978029728,0.01929599978029728,0.01929599978029728,0.01929599978029728
full_fp_eager_layer,full_fp,eager,layer,gpu,prefill,gpu.layer.06.fp.total,1,3.270751953125,3.270751953125,3.270751953125,3.270751953125,3.270751953125,3.270751953125,3.270751953125
full_fp_eager_layer,full_fp,eager,layer,gpu,prefill,gpu.layer.07.fp.attention,1,0.635807991027832,0.635807991027832,0.635807991027832,0.635807991027832,0.635807991027832,0.635807991027832,0.635807991027832
full_fp_eager_layer,full_fp,eager,layer,gpu,prefill,gpu.layer.07.fp.input_norm,1,0.02319999970495701,0.02319999970495701,0.02319999970495701,0.02319999970495701,0.02319999970495701,0.02319999970495701,0.02319999970495701
full_fp_eager_layer,full_fp,eager,layer,gpu,prefill,gpu.layer.07.fp.mlp,1,2.5834240913391113,2.5834240913391113,2.5834240913391113,2.5834240913391113,2.5834240913391113,2.5834240913391113,2.5834240913391113
full_fp_eager_layer,full_fp,eager,layer,gpu,prefill,gpu.layer.07.fp.post_attn_norm,1,0.020160000771284103,0.020160000771284103,0.020160000771284103,0.020160000771284103,0.020160000771284103,0.020160000771284103,0.020160000771284103
full_fp_eager_layer,full_fp,eager,layer,gpu,prefill,gpu.layer.07.fp.total,1,3.2674241065979004,3.2674241065979004,3.2674241065979004,3.2674241065979004,3.2674241065979004,3.2674241065979004,3.2674241065979004
full_fp_eager_layer,full_fp,eager,layer,gpu,prefill,gpu.layer.08.fp.attention,1,0.6333119869232178,0.6333119869232178,0.6333119869232178,0.6333119869232178,0.6333119869232178,0.6333119869232178,0.6333119869232178
full_fp_eager_layer,full_fp,eager,layer,gpu,prefill,gpu.layer.08.fp.input_norm,1,0.022911999374628067,0.022911999374628067,0.022911999374628067,0.022911999374628067,0.022911999374628067,0.022911999374628067,0.022911999374628067
full_fp_eager_layer,full_fp,eager,layer,gpu,prefill,gpu.layer.08.fp.mlp,1,2.601408004760742,2.601408004760742,2.601408004760742,2.601408004760742,2.601408004760742,2.601408004760742,2.601408004760742
full_fp_eager_layer,full_fp,eager,layer,gpu,prefill,gpu.layer.08.fp.post_attn_norm,1,0.019392000511288643,0.019392000511288643,0.019392000511288643,0.019392000511288643,0.019392000511288643,0.019392000511288643,0.019392000511288643
full_fp_eager_layer,full_fp,eager,layer,gpu,prefill,gpu.layer.08.fp.total,1,3.2818241119384766,3.2818241119384766,3.2818241119384766,3.2818241119384766,3.2818241119384766,3.2818241119384766,3.2818241119384766
full_fp_eager_layer,full_fp,eager,layer,gpu,prefill,gpu.layer.09.fp.attention,1,0.6371840238571167,0.6371840238571167,0.6371840238571167,0.6371840238571167,0.6371840238571167,0.6371840238571167,0.6371840238571167
full_fp_eager_layer,full_fp,eager,layer,gpu,prefill,gpu.layer.09.fp.input_norm,1,0.022816000506281853,0.022816000506281853,0.022816000506281853,0.022816000506281853,0.022816000506281853,0.022816000506281853,0.022816000506281853
full_fp_eager_layer,full_fp,eager,layer,gpu,prefill,gpu.layer.09.fp.mlp,1,2.600192070007324,2.600192070007324,2.600192070007324,2.600192070007324,2.600192070007324,2.600192070007324,2.600192070007324
full_fp_eager_layer,full_fp,eager,layer,gpu,prefill,gpu.layer.09.fp.post_attn_norm,1,0.020160000771284103,0.020160000771284103,0.020160000771284103,0.020160000771284103,0.020160000771284103,0.020160000771284103,0.020160000771284103
full_fp_eager_layer,full_fp,eager,layer,gpu,prefill,gpu.layer.09.fp.total,1,3.2852799892425537,3.2852799892425537,3.2852799892425537,3.2852799892425537,3.2852799892425537,3.2852799892425537,3.2852799892425537
full_fp_eager_layer,full_fp,eager,layer,gpu,prefill,gpu.layer.10.fp.attention,1,0.633247971534729,0.633247971534729,0.633247971534729,0.633247971534729,0.633247971534729,0.633247971534729,0.633247971534729
full_fp_eager_layer,full_fp,eager,layer,gpu,prefill,gpu.layer.10.fp.input_norm,1,0.02304000034928322,0.02304000034928322,0.02304000034928322,0.02304000034928322,0.02304000034928322,0.02304000034928322,0.02304000034928322
full_fp_eager_layer,full_fp,eager,layer,gpu,prefill,gpu.layer.10.fp.mlp,1,2.5907840728759766,2.5907840728759766,2.5907840728759766,2.5907840728759766,2.5907840728759766,2.5907840728759766,2.5907840728759766
full_fp_eager_layer,full_fp,eager,layer,gpu,prefill,gpu.layer.10.fp.post_attn_norm,1,0.019680000841617584,0.019680000841617584,0.019680000841617584,0.019680000841617584,0.019680000841617584,0.019680000841617584,0.019680000841617584
full_fp_eager_layer,full_fp,eager,layer,gpu,prefill,gpu.layer.10.fp.total,1,3.2716479301452637,3.2716479301452637,3.2716479301452637,3.2716479301452637,3.2716479301452637,3.2716479301452637,3.2716479301452637
full_fp_eager_layer,full_fp,eager,layer,gpu,prefill,gpu.layer.11.fp.attention,1,0.6409919857978821,0.6409919857978821,0.6409919857978821,0.6409919857978821,0.6409919857978821,0.6409919857978821,0.6409919857978821
full_fp_eager_layer,full_fp,eager,layer,gpu,prefill,gpu.layer.11.fp.input_norm,1,0.02271999977529049,0.02271999977529049,0.02271999977529049,0.02271999977529049,0.02271999977529049,0.02271999977529049,0.02271999977529049
full_fp_eager_layer,full_fp,eager,layer,gpu,prefill,gpu.layer.11.fp.mlp,1,2.582047939300537,2.582047939300537,2.582047939300537,2.582047939300537,2.582047939300537,2.582047939300537,2.582047939300537
full_fp_eager_layer,full_fp,eager,layer,gpu,prefill,gpu.layer.11.fp.post_attn_norm,1,0.01974399946630001,0.01974399946630001,0.01974399946630001,0.01974399946630001,0.01974399946630001,0.01974399946630001,0.01974399946630001
full_fp_eager_layer,full_fp,eager,layer,gpu,prefill,gpu.layer.11.fp.total,1,3.2702720165252686,3.2702720165252686,3.2702720165252686,3.2702720165252686,3.2702720165252686,3.2702720165252686,3.2702720165252686
full_fp_eager_layer,full_fp,eager,layer,gpu,prefill,gpu.layer.12.fp.attention,1,0.6364480257034302,0.6364480257034302,0.6364480257034302,0.6364480257034302,0.6364480257034302,0.6364480257034302,0.6364480257034302
full_fp_eager_layer,full_fp,eager,layer,gpu,prefill,gpu.layer.12.fp.input_norm,1,0.02319999970495701,0.02319999970495701,0.02319999970495701,0.02319999970495701,0.02319999970495701,0.02319999970495701,0.02319999970495701
full_fp_eager_layer,full_fp,eager,layer,gpu,prefill,gpu.layer.12.fp.mlp,1,2.6066880226135254,2.6066880226135254,2.6066880226135254,2.6066880226135254,2.6066880226135254,2.6066880226135254,2.6066880226135254
full_fp_eager_layer,full_fp,eager,layer,gpu,prefill,gpu.layer.12.fp.post_attn_norm,1,0.019328000023961067,0.019328000023961067,0.019328000023961067,0.019328000023961067,0.019328000023961067,0.019328000023961067,0.019328000023961067
full_fp_eager_layer,full_fp,eager,layer,gpu,prefill,gpu.layer.12.fp.total,1,3.290463924407959,3.290463924407959,3.290463924407959,3.290463924407959,3.290463924407959,3.290463924407959,3.290463924407959
full_fp_eager_layer,full_fp,eager,layer,gpu,prefill,gpu.layer.13.fp.attention,1,0.6343680024147034,0.6343680024147034,0.6343680024147034,0.6343680024147034,0.6343680024147034,0.6343680024147034,0.6343680024147034
full_fp_eager_layer,full_fp,eager,layer,gpu,prefill,gpu.layer.13.fp.input_norm,1,0.023231999948620796,0.023231999948620796,0.023231999948620796,0.023231999948620796,0.023231999948620796,0.023231999948620796,0.023231999948620796
full_fp_eager_layer,full_fp,eager,layer,gpu,prefill,gpu.layer.13.fp.mlp,1,2.591775894165039,2.591775894165039,2.591775894165039,2.591775894165039,2.591775894165039,2.591775894165039,2.591775894165039
full_fp_eager_layer,full_fp,eager,layer,gpu,prefill,gpu.layer.13.fp.post_attn_norm,1,0.02006400004029274,0.02006400004029274,0.02006400004029274,0.02006400004029274,0.02006400004029274,0.02006400004029274,0.02006400004029274
full_fp_eager_layer,full_fp,eager,layer,gpu,prefill,gpu.layer.13.fp.total,1,3.2744319438934326,3.2744319438934326,3.2744319438934326,3.2744319438934326,3.2744319438934326,3.2744319438934326,3.2744319438934326
full_fp_eager_layer,full_fp,eager,layer,gpu,prefill,gpu.layer.14.fp.attention,1,0.6373440027236938,0.6373440027236938,0.6373440027236938,0.6373440027236938,0.6373440027236938,0.6373440027236938,0.6373440027236938
full_fp_eager_layer,full_fp,eager,layer,gpu,prefill,gpu.layer.14.fp.input_norm,1,0.023423999547958374,0.023423999547958374,0.023423999547958374,0.023423999547958374,0.023423999547958374,0.023423999547958374,0.023423999547958374
full_fp_eager_layer,full_fp,eager,layer,gpu,prefill,gpu.layer.14.fp.mlp,1,2.579040050506592,2.579040050506592,2.579040050506592,2.579040050506592,2.579040050506592,2.579040050506592,2.579040050506592
full_fp_eager_layer,full_fp,eager,layer,gpu,prefill,gpu.layer.14.fp.post_attn_norm,1,0.02070399932563305,0.02070399932563305,0.02070399932563305,0.02070399932563305,0.02070399932563305,0.02070399932563305,0.02070399932563305
full_fp_eager_layer,full_fp,eager,layer,gpu,prefill,gpu.layer.14.fp.total,1,3.265216112136841,3.265216112136841,3.265216112136841,3.265216112136841,3.265216112136841,3.265216112136841,3.265216112136841
full_fp_eager_layer,full_fp,eager,layer,gpu,prefill,gpu.layer.15.fp.attention,1,0.6388800144195557,0.6388800144195557,0.6388800144195557,0.6388800144195557,0.6388800144195557,0.6388800144195557,0.6388800144195557
full_fp_eager_layer,full_fp,eager,layer,gpu,prefill,gpu.layer.15.fp.input_norm,1,0.023104000836610794,0.023104000836610794,0.023104000836610794,0.023104000836610794,0.023104000836610794,0.023104000836610794,0.023104000836610794
full_fp_eager_layer,full_fp,eager,layer,gpu,prefill,gpu.layer.15.fp.mlp,1,2.6024320125579834,2.6024320125579834,2.6024320125579834,2.6024320125579834,2.6024320125579834,2.6024320125579834,2.6024320125579834
full_fp_eager_layer,full_fp,eager,layer,gpu,prefill,gpu.layer.15.fp.post_attn_norm,1,0.019872000440955162,0.019872000440955162,0.019872000440955162,0.019872000440955162,0.019872000440955162,0.019872000440955162,0.019872000440955162
full_fp_eager_layer,full_fp,eager,layer,gpu,prefill,gpu.layer.15.fp.total,1,3.2893760204315186,3.2893760204315186,3.2893760204315186,3.2893760204315186,3.2893760204315186,3.2893760204315186,3.2893760204315186
full_fp_eager_layer,full_fp,eager,layer,gpu,prefill,gpu.layer.16.fp.attention,1,0.6366080045700073,0.6366080045700073,0.6366080045700073,0.6366080045700073,0.6366080045700073,0.6366080045700073,0.6366080045700073
full_fp_eager_layer,full_fp,eager,layer,gpu,prefill,gpu.layer.16.fp.input_norm,1,0.02300800010561943,0.02300800010561943,0.02300800010561943,0.02300800010561943,0.02300800010561943,0.02300800010561943,0.02300800010561943
full_fp_eager_layer,full_fp,eager,layer,gpu,prefill,gpu.layer.16.fp.mlp,1,2.5872960090637207,2.5872960090637207,2.5872960090637207,2.5872960090637207,2.5872960090637207,2.5872960090637207,2.5872960090637207
full_fp_eager_layer,full_fp,eager,layer,gpu,prefill,gpu.layer.16.fp.post_attn_norm,1,0.019967999309301376,0.019967999309301376,0.019967999309301376,0.019967999309301376,0.019967999309301376,0.019967999309301376,0.019967999309301376
full_fp_eager_layer,full_fp,eager,layer,gpu,prefill,gpu.layer.16.fp.total,1,3.271359920501709,3.271359920501709,3.271359920501709,3.271359920501709,3.271359920501709,3.271359920501709,3.271359920501709
full_fp_eager_layer,full_fp,eager,layer,gpu,prefill,gpu.layer.17.fp.attention,1,0.6383039951324463,0.6383039951324463,0.6383039951324463,0.6383039951324463,0.6383039951324463,0.6383039951324463,0.6383039951324463
full_fp_eager_layer,full_fp,eager,layer,gpu,prefill,gpu.layer.17.fp.input_norm,1,0.023296000435948372,0.023296000435948372,0.023296000435948372,0.023296000435948372,0.023296000435948372,0.023296000435948372,0.023296000435948372
full_fp_eager_layer,full_fp,eager,layer,gpu,prefill,gpu.layer.17.fp.mlp,1,2.5937280654907227,2.5937280654907227,2.5937280654907227,2.5937280654907227,2.5937280654907227,2.5937280654907227,2.5937280654907227
full_fp_eager_layer,full_fp,eager,layer,gpu,prefill,gpu.layer.17.fp.post_attn_norm,1,0.02051199972629547,0.02051199972629547,0.02051199972629547,0.02051199972629547,0.02051199972629547,0.02051199972629547,0.02051199972629547
full_fp_eager_layer,full_fp,eager,layer,gpu,prefill,gpu.layer.17.fp.total,1,3.2806079387664795,3.2806079387664795,3.2806079387664795,3.2806079387664795,3.2806079387664795,3.2806079387664795,3.2806079387664795
full_fp_eager_layer,full_fp,eager,layer,gpu,prefill,gpu.layer.18.fp.attention,1,0.6334400177001953,0.6334400177001953,0.6334400177001953,0.6334400177001953,0.6334400177001953,0.6334400177001953,0.6334400177001953
full_fp_eager_layer,full_fp,eager,layer,gpu,prefill,gpu.layer.18.fp.input_norm,1,0.02300800010561943,0.02300800010561943,0.02300800010561943,0.02300800010561943,0.02300800010561943,0.02300800010561943,0.02300800010561943
full_fp_eager_layer,full_fp,eager,layer,gpu,prefill,gpu.layer.18.fp.mlp,1,2.5999999046325684,2.5999999046325684,2.5999999046325684,2.5999999046325684,2.5999999046325684,2.5999999046325684,2.5999999046325684
full_fp_eager_layer,full_fp,eager,layer,gpu,prefill,gpu.layer.18.fp.post_attn_norm,1,0.01926399953663349,0.01926399953663349,0.01926399953663349,0.01926399953663349,0.01926399953663349,0.01926399953663349,0.01926399953663349
full_fp_eager_layer,full_fp,eager,layer,gpu,prefill,gpu.layer.18.fp.total,1,3.28057599067688,3.28057599067688,3.28057599067688,3.28057599067688,3.28057599067688,3.28057599067688,3.28057599067688
full_fp_eager_layer,full_fp,eager,layer,gpu,prefill,gpu.layer.19.fp.attention,1,0.6368640065193176,0.6368640065193176,0.6368640065193176,0.6368640065193176,0.6368640065193176,0.6368640065193176,0.6368640065193176
full_fp_eager_layer,full_fp,eager,layer,gpu,prefill,gpu.layer.19.fp.input_norm,1,0.0226879995316267,0.0226879995316267,0.0226879995316267,0.0226879995316267,0.0226879995316267,0.0226879995316267,0.0226879995316267
full_fp_eager_layer,full_fp,eager,layer,gpu,prefill,gpu.layer.19.fp.mlp,1,2.58953595161438,2.58953595161438,2.58953595161438,2.58953595161438,2.58953595161438,2.58953595161438,2.58953595161438
full_fp_eager_layer,full_fp,eager,layer,gpu,prefill,gpu.layer.19.fp.post_attn_norm,1,0.020096000283956528,0.020096000283956528,0.020096000283956528,0.020096000283956528,0.020096000283956528,0.020096000283956528,0.020096000283956528
full_fp_eager_layer,full_fp,eager,layer,gpu,prefill,gpu.layer.19.fp.total,1,3.274303913116455,3.274303913116455,3.274303913116455,3.274303913116455,3.274303913116455,3.274303913116455,3.274303913116455
full_fp_eager_layer,full_fp,eager,layer,gpu,prefill,gpu.layer.20.fp.attention,1,0.6347519755363464,0.6347519755363464,0.6347519755363464,0.6347519755363464,0.6347519755363464,0.6347519755363464,0.6347519755363464
full_fp_eager_layer,full_fp,eager,layer,gpu,prefill,gpu.layer.20.fp.input_norm,1,0.02319999970495701,0.02319999970495701,0.02319999970495701,0.02319999970495701,0.02319999970495701,0.02319999970495701,0.02319999970495701
full_fp_eager_layer,full_fp,eager,layer,gpu,prefill,gpu.layer.20.fp.mlp,1,2.600543975830078,2.600543975830078,2.600543975830078,2.600543975830078,2.600543975830078,2.600543975830078,2.600543975830078
full_fp_eager_layer,full_fp,eager,layer,gpu,prefill,gpu.layer.20.fp.post_attn_norm,1,0.019360000267624855,0.019360000267624855,0.019360000267624855,0.019360000267624855,0.019360000267624855,0.019360000267624855,0.019360000267624855
full_fp_eager_layer,full_fp,eager,layer,gpu,prefill,gpu.layer.20.fp.total,1,3.282464027404785,3.282464027404785,3.282464027404785,3.282464027404785,3.282464027404785,3.282464027404785,3.282464027404785
full_fp_eager_layer,full_fp,eager,layer,gpu,prefill,gpu.layer.21.fp.attention,1,0.6366080045700073,0.6366080045700073,0.6366080045700073,0.6366080045700073,0.6366080045700073,0.6366080045700073,0.6366080045700073
full_fp_eager_layer,full_fp,eager,layer,gpu,prefill,gpu.layer.21.fp.input_norm,1,0.022463999688625336,0.022463999688625336,0.022463999688625336,0.022463999688625336,0.022463999688625336,0.022463999688625336,0.022463999688625336
full_fp_eager_layer,full_fp,eager,layer,gpu,prefill,gpu.layer.21.fp.mlp,1,2.598655939102173,2.598655939102173,2.598655939102173,2.598655939102173,2.598655939102173,2.598655939102173,2.598655939102173
full_fp_eager_layer,full_fp,eager,layer,gpu,prefill,gpu.layer.21.fp.post_attn_norm,1,0.019360000267624855,0.019360000267624855,0.019360000267624855,0.019360000267624855,0.019360000267624855,0.019360000267624855,0.019360000267624855
full_fp_eager_layer,full_fp,eager,layer,gpu,prefill,gpu.layer.21.fp.total,1,3.281888008117676,3.281888008117676,3.281888008117676,3.281888008117676,3.281888008117676,3.281888008117676,3.281888008117676
full_fp_eager_layer,full_fp,eager,layer,gpu,prefill,gpu.layer.22.fp.attention,1,0.6406400203704834,0.6406400203704834,0.6406400203704834,0.6406400203704834,0.6406400203704834,0.6406400203704834,0.6406400203704834
full_fp_eager_layer,full_fp,eager,layer,gpu,prefill,gpu.layer.22.fp.input_norm,1,0.022975999861955643,0.022975999861955643,0.022975999861955643,0.022975999861955643,0.022975999861955643,0.022975999861955643,0.022975999861955643
full_fp_eager_layer,full_fp,eager,layer,gpu,prefill,gpu.layer.22.fp.mlp,1,2.5987839698791504,2.5987839698791504,2.5987839698791504,2.5987839698791504,2.5987839698791504,2.5987839698791504,2.5987839698791504
full_fp_eager_layer,full_fp,eager,layer,gpu,prefill,gpu.layer.22.fp.post_attn_norm,1,0.019360000267624855,0.019360000267624855,0.019360000267624855,0.019360000267624855,0.019360000267624855,0.019360000267624855,0.019360000267624855
full_fp_eager_layer,full_fp,eager,layer,gpu,prefill,gpu.layer.22.fp.total,1,3.286463975906372,3.286463975906372,3.286463975906372,3.286463975906372,3.286463975906372,3.286463975906372,3.286463975906372
full_fp_eager_layer,full_fp,eager,layer,gpu,prefill,gpu.layer.23.fp.attention,1,0.637440025806427,0.637440025806427,0.637440025806427,0.637440025806427,0.637440025806427,0.637440025806427,0.637440025806427
full_fp_eager_layer,full_fp,eager,layer,gpu,prefill,gpu.layer.23.fp.input_norm,1,0.02319999970495701,0.02319999970495701,0.02319999970495701,0.02319999970495701,0.02319999970495701,0.02319999970495701,0.02319999970495701
full_fp_eager_layer,full_fp,eager,layer,gpu,prefill,gpu.layer.23.fp.mlp,1,2.6016321182250977,2.6016321182250977,2.6016321182250977,2.6016321182250977,2.6016321182250977,2.6016321182250977,2.6016321182250977
full_fp_eager_layer,full_fp,eager,layer,gpu,prefill,gpu.layer.23.fp.post_attn_norm,1,0.01958400011062622,0.01958400011062622,0.01958400011062622,0.01958400011062622,0.01958400011062622,0.01958400011062622,0.01958400011062622
full_fp_eager_layer,full_fp,eager,layer,gpu,prefill,gpu.layer.23.fp.total,1,3.28656005859375,3.28656005859375,3.28656005859375,3.28656005859375,3.28656005859375,3.28656005859375,3.28656005859375
full_fp_eager_layer,full_fp,eager,layer,gpu,prefill,gpu.layer.24.fp.attention,1,0.6309120059013367,0.6309120059013367,0.6309120059013367,0.6309120059013367,0.6309120059013367,0.6309120059013367,0.6309120059013367
full_fp_eager_layer,full_fp,eager,layer,gpu,prefill,gpu.layer.24.fp.input_norm,1,0.023391999304294586,0.023391999304294586,0.023391999304294586,0.023391999304294586,0.023391999304294586,0.023391999304294586,0.023391999304294586
full_fp_eager_layer,full_fp,eager,layer,gpu,prefill,gpu.layer.24.fp.mlp,1,2.5963521003723145,2.5963521003723145,2.5963521003723145,2.5963521003723145,2.5963521003723145,2.5963521003723145,2.5963521003723145
full_fp_eager_layer,full_fp,eager,layer,gpu,prefill,gpu.layer.24.fp.post_attn_norm,1,0.01958400011062622,0.01958400011062622,0.01958400011062622,0.01958400011062622,0.01958400011062622,0.01958400011062622,0.01958400011062622
full_fp_eager_layer,full_fp,eager,layer,gpu,prefill,gpu.layer.24.fp.total,1,3.27510404586792,3.27510404586792,3.27510404586792,3.27510404586792,3.27510404586792,3.27510404586792,3.27510404586792
full_fp_eager_layer,full_fp,eager,layer,gpu,prefill,gpu.layer.25.fp.attention,1,0.6344959735870361,0.6344959735870361,0.6344959735870361,0.6344959735870361,0.6344959735870361,0.6344959735870361,0.6344959735870361
full_fp_eager_layer,full_fp,eager,layer,gpu,prefill,gpu.layer.25.fp.input_norm,1,0.022784000262618065,0.022784000262618065,0.022784000262618065,0.022784000262618065,0.022784000262618065,0.022784000262618065,0.022784000262618065
full_fp_eager_layer,full_fp,eager,layer,gpu,prefill,gpu.layer.25.fp.mlp,1,2.585088014602661,2.585088014602661,2.585088014602661,2.585088014602661,2.585088014602661,2.585088014602661,2.585088014602661
full_fp_eager_layer,full_fp,eager,layer,gpu,prefill,gpu.layer.25.fp.post_attn_norm,1,0.01942400075495243,0.01942400075495243,0.01942400075495243,0.01942400075495243,0.01942400075495243,0.01942400075495243,0.01942400075495243
full_fp_eager_layer,full_fp,eager,layer,gpu,prefill,gpu.layer.25.fp.total,1,3.2667839527130127,3.2667839527130127,3.2667839527130127,3.2667839527130127,3.2667839527130127,3.2667839527130127,3.2667839527130127
full_fp_eager_layer,full_fp,eager,layer,gpu,prefill,gpu.layer.26.fp.attention,1,0.6362559795379639,0.6362559795379639,0.6362559795379639,0.6362559795379639,0.6362559795379639,0.6362559795379639,0.6362559795379639
full_fp_eager_layer,full_fp,eager,layer,gpu,prefill,gpu.layer.26.fp.input_norm,1,0.023455999791622162,0.023455999791622162,0.023455999791622162,0.023455999791622162,0.023455999791622162,0.023455999791622162,0.023455999791622162
full_fp_eager_layer,full_fp,eager,layer,gpu,prefill,gpu.layer.26.fp.mlp,1,2.5879359245300293,2.5879359245300293,2.5879359245300293,2.5879359245300293,2.5879359245300293,2.5879359245300293,2.5879359245300293
full_fp_eager_layer,full_fp,eager,layer,gpu,prefill,gpu.layer.26.fp.post_attn_norm,1,0.019360000267624855,0.019360000267624855,0.019360000267624855,0.019360000267624855,0.019360000267624855,0.019360000267624855,0.019360000267624855
full_fp_eager_layer,full_fp,eager,layer,gpu,prefill,gpu.layer.26.fp.total,1,3.271615982055664,3.271615982055664,3.271615982055664,3.271615982055664,3.271615982055664,3.271615982055664,3.271615982055664
full_fp_eager_layer,full_fp,eager,layer,gpu,prefill,gpu.layer.27.fp.attention,1,0.6326720118522644,0.6326720118522644,0.6326720118522644,0.6326720118522644,0.6326720118522644,0.6326720118522644,0.6326720118522644
full_fp_eager_layer,full_fp,eager,layer,gpu,prefill,gpu.layer.27.fp.input_norm,1,0.022943999618291855,0.022943999618291855,0.022943999618291855,0.022943999618291855,0.022943999618291855,0.022943999618291855,0.022943999618291855
full_fp_eager_layer,full_fp,eager,layer,gpu,prefill,gpu.layer.27.fp.mlp,1,2.5904641151428223,2.5904641151428223,2.5904641151428223,2.5904641151428223,2.5904641151428223,2.5904641151428223,2.5904641151428223
full_fp_eager_layer,full_fp,eager,layer,gpu,prefill,gpu.layer.27.fp.post_attn_norm,1,0.020320000126957893,0.020320000126957893,0.020320000126957893,0.020320000126957893,0.020320000126957893,0.020320000126957893,0.020320000126957893
full_fp_eager_layer,full_fp,eager,layer,gpu,prefill,gpu.layer.27.fp.total,1,3.2707200050354004,3.2707200050354004,3.2707200050354004,3.2707200050354004,3.2707200050354004,3.2707200050354004,3.2707200050354004
full_fp_eager_layer,full_fp,eager,layer,gpu,prefill,gpu.layer.28.fp.attention,1,0.6322879791259766,0.6322879791259766,0.6322879791259766,0.6322879791259766,0.6322879791259766,0.6322879791259766,0.6322879791259766
full_fp_eager_layer,full_fp,eager,layer,gpu,prefill,gpu.layer.28.fp.input_norm,1,0.02304000034928322,0.02304000034928322,0.02304000034928322,0.02304000034928322,0.02304000034928322,0.02304000034928322,0.02304000034928322
full_fp_eager_layer,full_fp,eager,layer,gpu,prefill,gpu.layer.28.fp.mlp,1,2.597343921661377,2.597343921661377,2.597343921661377,2.597343921661377,2.597343921661377,2.597343921661377,2.597343921661377
full_fp_eager_layer,full_fp,eager,layer,gpu,prefill,gpu.layer.28.fp.post_attn_norm,1,0.01945599913597107,0.01945599913597107,0.01945599913597107,0.01945599913597107,0.01945599913597107,0.01945599913597107,0.01945599913597107
full_fp_eager_layer,full_fp,eager,layer,gpu,prefill,gpu.layer.28.fp.total,1,3.2767999172210693,3.2767999172210693,3.2767999172210693,3.2767999172210693,3.2767999172210693,3.2767999172210693,3.2767999172210693
full_fp_eager_layer,full_fp,eager,layer,gpu,prefill,gpu.layer.29.fp.attention,1,0.6347519755363464,0.6347519755363464,0.6347519755363464,0.6347519755363464,0.6347519755363464,0.6347519755363464,0.6347519755363464
full_fp_eager_layer,full_fp,eager,layer,gpu,prefill,gpu.layer.29.fp.input_norm,1,0.02316799946129322,0.02316799946129322,0.02316799946129322,0.02316799946129322,0.02316799946129322,0.02316799946129322,0.02316799946129322
full_fp_eager_layer,full_fp,eager,layer,gpu,prefill,gpu.layer.29.fp.mlp,1,2.5942399501800537,2.5942399501800537,2.5942399501800537,2.5942399501800537,2.5942399501800537,2.5942399501800537,2.5942399501800537
full_fp_eager_layer,full_fp,eager,layer,gpu,prefill,gpu.layer.29.fp.post_attn_norm,1,0.020416000857949257,0.020416000857949257,0.020416000857949257,0.020416000857949257,0.020416000857949257,0.020416000857949257,0.020416000857949257
full_fp_eager_layer,full_fp,eager,layer,gpu,prefill,gpu.layer.29.fp.total,1,3.277087926864624,3.277087926864624,3.277087926864624,3.277087926864624,3.277087926864624,3.277087926864624,3.277087926864624
full_fp_eager_layer,full_fp,eager,layer,gpu,prefill,gpu.layer.30.fp.attention,1,0.63372802734375,0.63372802734375,0.63372802734375,0.63372802734375,0.63372802734375,0.63372802734375,0.63372802734375
full_fp_eager_layer,full_fp,eager,layer,gpu,prefill,gpu.layer.30.fp.input_norm,1,0.02348800003528595,0.02348800003528595,0.02348800003528595,0.02348800003528595,0.02348800003528595,0.02348800003528595,0.02348800003528595
full_fp_eager_layer,full_fp,eager,layer,gpu,prefill,gpu.layer.30.fp.mlp,1,2.5911359786987305,2.5911359786987305,2.5911359786987305,2.5911359786987305,2.5911359786987305,2.5911359786987305,2.5911359786987305
full_fp_eager_layer,full_fp,eager,layer,gpu,prefill,gpu.layer.30.fp.post_attn_norm,1,0.01958400011062622,0.01958400011062622,0.01958400011062622,0.01958400011062622,0.01958400011062622,0.01958400011062622,0.01958400011062622
full_fp_eager_layer,full_fp,eager,layer,gpu,prefill,gpu.layer.30.fp.total,1,3.272736072540283,3.272736072540283,3.272736072540283,3.272736072540283,3.272736072540283,3.272736072540283,3.272736072540283
full_fp_eager_layer,full_fp,eager,layer,gpu,prefill,gpu.layer.31.fp.attention,1,0.63155198097229,0.63155198097229,0.63155198097229,0.63155198097229,0.63155198097229,0.63155198097229,0.63155198097229
full_fp_eager_layer,full_fp,eager,layer,gpu,prefill,gpu.layer.31.fp.input_norm,1,0.023360000923275948,0.023360000923275948,0.023360000923275948,0.023360000923275948,0.023360000923275948,0.023360000923275948,0.023360000923275948
full_fp_eager_layer,full_fp,eager,layer,gpu,prefill,gpu.layer.31.fp.mlp,1,2.588736057281494,2.588736057281494,2.588736057281494,2.588736057281494,2.588736057281494,2.588736057281494,2.588736057281494
full_fp_eager_layer,full_fp,eager,layer,gpu,prefill,gpu.layer.31.fp.post_attn_norm,1,0.019711999222636223,0.019711999222636223,0.019711999222636223,0.019711999222636223,0.019711999222636223,0.019711999222636223,0.019711999222636223
full_fp_eager_layer,full_fp,eager,layer,gpu,prefill,gpu.layer.31.fp.total,1,3.2681920528411865,3.2681920528411865,3.2681920528411865,3.2681920528411865,3.2681920528411865,3.2681920528411865,3.2681920528411865
full_fp_eager_layer,full_fp,eager,layer,gpu,prefill,gpu.layer.32.fp.attention,1,0.6361920237541199,0.6361920237541199,0.6361920237541199,0.6361920237541199,0.6361920237541199,0.6361920237541199,0.6361920237541199
full_fp_eager_layer,full_fp,eager,layer,gpu,prefill,gpu.layer.32.fp.input_norm,1,0.02304000034928322,0.02304000034928322,0.02304000034928322,0.02304000034928322,0.02304000034928322,0.02304000034928322,0.02304000034928322
full_fp_eager_layer,full_fp,eager,layer,gpu,prefill,gpu.layer.32.fp.mlp,1,2.5933759212493896,2.5933759212493896,2.5933759212493896,2.5933759212493896,2.5933759212493896,2.5933759212493896,2.5933759212493896
full_fp_eager_layer,full_fp,eager,layer,gpu,prefill,gpu.layer.32.fp.post_attn_norm,1,0.019807999953627586,0.019807999953627586,0.019807999953627586,0.019807999953627586,0.019807999953627586,0.019807999953627586,0.019807999953627586
full_fp_eager_layer,full_fp,eager,layer,gpu,prefill,gpu.layer.32.fp.total,1,3.2771520614624023,3.2771520614624023,3.2771520614624023,3.2771520614624023,3.2771520614624023,3.2771520614624023,3.2771520614624023
full_fp_eager_layer,full_fp,eager,layer,gpu,prefill,gpu.model_forward,1,106.2570571899414,106.2570571899414,106.2570571899414,106.2570571899414,106.2570571899414,106.2570571899414,106.2570571899414
full_fp_eager_layer,full_fp,eager,layer,gpu,prefill,gpu.sample_postprocess,1,0.0007999999797903001,0.0007999999797903001,0.0007999999797903001,0.0007999999797903001,0.0007999999797903001,0.0007999999797903001,0.0007999999797903001
full_fp_eager_layer,full_fp,eager,layer,gpu,prefill,gpu.sampler,1,0.08256000280380249,0.08256000280380249,0.08256000280380249,0.08256000280380249,0.08256000280380249,0.08256000280380249,0.08256000280380249
full_fp_eager_layer,full_fp,eager,layer,gpu,prefill,runtime.prepare_inputs,1,1.4149760007858276,1.4149760007858276,1.4149760007858276,1.4149760007858276,1.4149760007858276,1.4149760007858276,1.4149760007858276
static_ptq_tail_eager_layer,static_ptq_tail,eager,layer,cpu,decode,cpu.engine.process_aborts,31,0.310395,0.010012741935483871,0.00992,0.010816,0.013055999999999998,0.00864,0.013248
static_ptq_tail_eager_layer,static_ptq_tail,eager,layer,cpu,decode,cpu.executor.sample_and_sync,31,29.189073,0.941583,0.939724,0.983179,0.999275,0.872621,1.000235
static_ptq_tail_eager_layer,static_ptq_tail,eager,layer,cpu,decode,cpu.executor.submit_model,31,2056.749885,66.34677048387097,66.307093,67.063397,67.4432439,65.257773,67.473243
static_ptq_tail_eager_layer,static_ptq_tail,eager,layer,cpu,decode,cpu.output.process_and_detokenize,31,2.651176,0.0855218064516129,0.081823,0.086334,0.15613419999999995,0.077055,0.180892
static_ptq_tail_eager_layer,static_ptq_tail,eager,layer,cpu,decode,cpu.output.wait_gpu_to_cpu,31,1.033103,0.033325903225806454,0.033248,0.036352,0.037727300000000005,0.029664,0.037823
static_ptq_tail_eager_layer,static_ptq_tail,eager,layer,cpu,decode,cpu.runner.select_execution_shape,31,1.370914,0.04422303225806452,0.044223,0.047455,0.048754200000000004,0.037792,0.049119
static_ptq_tail_eager_layer,static_ptq_tail,eager,layer,cpu,decode,cpu.runner.update_states,31,1.686717,0.05441022580645161,0.053695,0.057598,0.0735222,0.045631,0.075327
static_ptq_tail_eager_layer,static_ptq_tail,eager,layer,cpu,decode,cpu.scheduler.grammar_mask,31,0.117406,0.0037872903225806454,0.003648,0.004319,0.0044063999999999996,0.003136,0.004416
static_ptq_tail_eager_layer,static_ptq_tail,eager,layer,cpu,decode,cpu.scheduler.update_output,31,1.970296,0.06355793548387097,0.062655,0.06803,0.06985079999999999,0.057823,0.069918
static_ptq_tail_eager_layer,static_ptq_tail,eager,layer,cpu,decode,gpu.compute_logits,31,8.050097000000001,0.25968054838709675,0.260506,0.27993,0.2863652,0.226876,0.288026
static_ptq_tail_eager_layer,static_ptq_tail,eager,layer,cpu,decode,gpu.layer.01.fp.attention,31,29.646662,0.956343935483871,0.947308,1.015339,1.0340036,0.904781,1.035242
static_ptq_tail_eager_layer,static_ptq_tail,eager,layer,cpu,decode,gpu.layer.01.fp.input_norm,31,7.208964,0.23254722580645162,0.209627,0.318106,0.3283994,0.200764,0.328697
static_ptq_tail_eager_layer,static_ptq_tail,eager,layer,cpu,decode,gpu.layer.01.fp.mlp,31,11.61684,0.3747367741935484,0.371544,0.387512,0.3998224,0.364216,0.400888
static_ptq_tail_eager_layer,static_ptq_tail,eager,layer,cpu,decode,gpu.layer.01.fp.post_attn_norm,31,4.67523,0.15081387096774193,0.149341,0.159741,0.1650722,0.142237,0.165629
static_ptq_tail_eager_layer,static_ptq_tail,eager,layer,cpu,decode,gpu.layer.01.fp.total,31,58.999415,1.903206935483871,1.88252,2.005141,2.1091294,1.824793,2.120851
static_ptq_tail_eager_layer,static_ptq_tail,eager,layer,cpu,decode,gpu.layer.02.fp.attention,31,25.700506,0.8290485806451613,0.827247,0.84939,0.893357,0.788303,0.902957
static_ptq_tail_eager_layer,static_ptq_tail,eager,layer,cpu,decode,gpu.layer.02.fp.input_norm,31,4.317186,0.13926406451612902,0.138205,0.144125,0.1518043,0.130877,0.1543
static_ptq_tail_eager_layer,static_ptq_tail,eager,layer,cpu,decode,gpu.layer.02.fp.mlp,31,11.145746,0.3595401935483871,0.355385,0.374744,0.3835177,0.345593,0.383863
static_ptq_tail_eager_layer,static_ptq_tail,eager,layer,cpu,decode,gpu.layer.02.fp.post_attn_norm,31,4.545053,0.1466146129032258,0.145789,0.156509,0.1671416,0.136093,0.169628
static_ptq_tail_eager_layer,static_ptq_tail,eager,layer,cpu,decode,gpu.layer.02.fp.total,31,50.567145,1.6311982258064517,1.624893,1.671581,1.7206637999999999,1.555743,1.732155
static_ptq_tail_eager_layer,static_ptq_tail,eager,layer,cpu,decode,gpu.layer.03.fp.attention,31,25.221602,0.813600064516129,0.811695,0.827727,0.8628066,0.777071,0.863277
static_ptq_tail_eager_layer,static_ptq_tail,eager,layer,cpu,decode,gpu.layer.03.fp.input_norm,31,4.299847,0.13870474193548388,0.136317,0.150909,0.15300819999999998,0.13027,0.153085
static_ptq_tail_eager_layer,static_ptq_tail,eager,layer,cpu,decode,gpu.layer.03.fp.mlp,31,10.812472,0.3487894193548387,0.347513,0.358168,0.3648915,0.337336,0.36684
static_ptq_tail_eager_layer,static_ptq_tail,eager,layer,cpu,decode,gpu.layer.03.fp.post_attn_norm,31,4.463679,0.14398964516129031,0.142781,0.152157,0.16388109999999997,0.138781,0.168316
static_ptq_tail_eager_layer,static_ptq_tail,eager,layer,cpu,decode,gpu.layer.03.fp.total,31,49.609311,1.6003003548387098,1.593662,1.625981,1.6998648,1.545951,1.705692
static_ptq_tail_eager_layer,static_ptq_tail,eager,layer,cpu,decode,gpu.layer.04.fp.input_norm,31,4.297057,0.13861474193548387,0.137597,0.147197,0.14999310000000002,0.128861,0.150876
static_ptq_tail_eager_layer,static_ptq_tail,eager,layer,cpu,decode,gpu.layer.04.fp.post_attn_norm,31,4.532513,0.14621009677419355,0.144637,0.149629,0.1696155,0.137117,0.17334
static_ptq_tail_eager_layer,static_ptq_tail,eager,layer,cpu,decode,gpu.layer.04.ptq.attention,31,33.004384,1.0646575483870968,1.060041,1.10356,1.1297072,1.02209,1.13396
static_ptq_tail_eager_layer,static_ptq_tail,eager,layer,cpu,decode,gpu.layer.04.ptq.mlp,31,17.381579,0.5606960967741935,0.556788,0.57906,0.5921441,0.544532,0.593459
static_ptq_tail_eager_layer,static_ptq_tail,eager,layer,cpu,decode,gpu.layer.04.ptq.total,31,64.420953,2.0780952580645162,2.067732,2.125619,2.1875985,2.018004,2.18949
static_ptq_tail_eager_layer,static_ptq_tail,eager,layer,cpu,decode,gpu.layer.05.fp.input_norm,31,4.30605,0.13890483870967743,0.136637,0.148477,0.1592443,0.127614,0.16006
static_ptq_tail_eager_layer,static_ptq_tail,eager,layer,cpu,decode,gpu.layer.05.fp.post_attn_norm,31,4.49408,0.14497032258064516,0.142748,0.151901,0.1615355,0.139677,0.165212
static_ptq_tail_eager_layer,static_ptq_tail,eager,layer,cpu,decode,gpu.layer.05.ptq.attention,31,31.336389,1.0108512580645161,1.008971,1.03185,1.0541988,0.980299,1.06257
static_ptq_tail_eager_layer,static_ptq_tail,eager,layer,cpu,decode,gpu.layer.05.ptq.mlp,31,16.828535,0.5428559677419355,0.54066,0.555316,0.5632328,0.533877,0.5645
static_ptq_tail_eager_layer,static_ptq_tail,eager,layer,cpu,decode,gpu.layer.05.ptq.total,31,62.118315,2.003816612903226,2.001461,2.036884,2.0805664999999998,1.95055,2.093651
static_ptq_tail_eager_layer,static_ptq_tail,eager,layer,cpu,decode,gpu.layer.06.fp.input_norm,31,4.289219,0.13836190322580647,0.137597,0.147612,0.1522427,0.13011,0.152732
static_ptq_tail_eager_layer,static_ptq_tail,eager,layer,cpu,decode,gpu.layer.06.fp.post_attn_norm,31,4.532862,0.14622135483870968,0.144029,0.157116,0.16178189999999998,0.135069,0.163068
static_ptq_tail_eager_layer,static_ptq_tail,eager,layer,cpu,decode,gpu.layer.06.ptq.attention,31,32.929726,1.0622492258064515,1.01105,1.116296,1.8381490999999994,0.959468,2.133842
static_ptq_tail_eager_layer,static_ptq_tail,eager,layer,cpu,decode,gpu.layer.06.ptq.mlp,31,17.422605,0.5620195161290322,0.542644,0.581236,0.8574920999999998,0.52834,0.972363
static_ptq_tail_eager_layer,static_ptq_tail,eager,layer,cpu,decode,gpu.layer.06.ptq.total,31,64.327073,2.075066870967742,2.008117,2.131987,2.958877599999999,1.926583,3.192412
static_ptq_tail_eager_layer,static_ptq_tail,eager,layer,cpu,decode,gpu.layer.07.fp.input_norm,31,4.298691,0.13866745161290323,0.137213,0.146012,0.1579419,0.129438,0.161052
static_ptq_tail_eager_layer,static_ptq_tail,eager,layer,cpu,decode,gpu.layer.07.fp.post_attn_norm,31,4.414847,0.1424144193548387,0.141565,0.146908,0.1566754,0.136125,0.159997
static_ptq_tail_eager_layer,static_ptq_tail,eager,layer,cpu,decode,gpu.layer.07.ptq.attention,31,30.729709,0.991280935483871,0.985323,1.026922,1.0339396,0.961036,1.035946
static_ptq_tail_eager_layer,static_ptq_tail,eager,layer,cpu,decode,gpu.layer.07.ptq.mlp,31,16.722847,0.5394466774193548,0.53922,0.549396,0.5533359,0.526037,0.553461
static_ptq_tail_eager_layer,static_ptq_tail,eager,layer,cpu,decode,gpu.layer.07.ptq.total,31,61.193661999999996,1.9739890967741935,1.965174,2.021077,2.0444039999999997,1.931959,2.046804
static_ptq_tail_eager_layer,static_ptq_tail,eager,layer,cpu,decode,gpu.layer.08.fp.input_norm,31,4.293732,0.13850748387096773,0.137085,0.147869,0.15461139999999998,0.132221,0.156349
static_ptq_tail_eager_layer,static_ptq_tail,eager,layer,cpu,decode,gpu.layer.08.fp.post_attn_norm,31,4.463523,0.1439846129032258,0.142141,0.153501,0.1631611,0.132541,0.164668
static_ptq_tail_eager_layer,static_ptq_tail,eager,layer,cpu,decode,gpu.layer.08.ptq.attention,31,30.703825,0.9904459677419355,0.984587,1.010827,1.091151,0.95502,1.118376
static_ptq_tail_eager_layer,static_ptq_tail,eager,layer,cpu,decode,gpu.layer.08.ptq.mlp,31,16.852632,0.5436332903225807,0.540085,0.555061,0.5636584,0.530549,0.565108
static_ptq_tail_eager_layer,static_ptq_tail,eager,layer,cpu,decode,gpu.layer.08.ptq.total,31,61.439743,1.981927193548387,1.980757,2.018165,2.0835044,1.918231,2.109395
static_ptq_tail_eager_layer,static_ptq_tail,eager,layer,cpu,decode,gpu.layer.09.fp.input_norm,31,4.307491,0.13895132258064516,0.135998,0.148765,0.152236,0.132606,0.152572
static_ptq_tail_eager_layer,static_ptq_tail,eager,layer,cpu,decode,gpu.layer.09.fp.post_attn_norm,31,4.4016020000000005,0.14198716129032257,0.141501,0.145469,0.1532802,0.133053,0.154557
static_ptq_tail_eager_layer,static_ptq_tail,eager,layer,cpu,decode,gpu.layer.09.ptq.attention,31,30.453202,0.9823613548387097,0.981419,1.001258,1.0196612,0.961803,1.020554
static_ptq_tail_eager_layer,static_ptq_tail,eager,layer,cpu,decode,gpu.layer.09.ptq.mlp,31,16.60556,0.5356632258064516,0.535541,0.5461,0.5514952000000001,0.5213,0.551668
static_ptq_tail_eager_layer,static_ptq_tail,eager,layer,cpu,decode,gpu.layer.09.ptq.total,31,60.784586,1.9607930967741936,1.958582,1.998837,2.0198058999999997,1.917943,2.022004
static_ptq_tail_eager_layer,static_ptq_tail,eager,layer,cpu,decode,gpu.layer.10.fp.input_norm,31,4.286083,0.13826074193548388,0.137405,0.147581,0.15122259999999998,0.132029,0.152701
static_ptq_tail_eager_layer,static_ptq_tail,eager,layer,cpu,decode,gpu.layer.10.fp.post_attn_norm,31,4.480511,0.1445326129032258,0.144381,0.151997,0.1534747,0.137053,0.153916
static_ptq_tail_eager_layer,static_ptq_tail,eager,layer,cpu,decode,gpu.layer.10.ptq.attention,31,30.708848,0.990608,0.991563,1.016042,1.0293764,0.954187,1.030346
static_ptq_tail_eager_layer,static_ptq_tail,eager,layer,cpu,decode,gpu.layer.10.ptq.mlp,31,16.814741,0.542411,0.539828,0.5581,0.5845861,0.523892,0.588052
static_ptq_tail_eager_layer,static_ptq_tail,eager,layer,cpu,decode,gpu.layer.10.ptq.total,31,61.299873,1.9774152580645161,1.972374,2.009173,2.0236978,1.933367,2.025301
static_ptq_tail_eager_layer,static_ptq_tail,eager,layer,cpu,decode,gpu.layer.11.fp.input_norm,31,4.264837,0.1375753870967742,0.135389,0.143517,0.1601954,0.12819,0.164477
static_ptq_tail_eager_layer,static_ptq_tail,eager,layer,cpu,decode,gpu.layer.11.fp.post_attn_norm,31,4.418466,0.1425311612903226,0.141661,0.148157,0.1551266,0.136701,0.156797
static_ptq_tail_eager_layer,static_ptq_tail,eager,layer,cpu,decode,gpu.layer.11.ptq.attention,31,30.331062,0.9784213548387097,0.97262,1.00753,1.0146471000000001,0.955084,1.017354
static_ptq_tail_eager_layer,static_ptq_tail,eager,layer,cpu,decode,gpu.layer.11.ptq.mlp,31,16.545886,0.5337382580645161,0.532116,0.542773,0.5554696,0.521109,0.557908
static_ptq_tail_eager_layer,static_ptq_tail,eager,layer,cpu,decode,gpu.layer.11.ptq.total,31,60.612847,1.9552531290322581,1.942038,2.001589,2.0213778,1.914455,2.024853
static_ptq_tail_eager_layer,static_ptq_tail,eager,layer,cpu,decode,gpu.layer.12.fp.input_norm,31,4.278372,0.138012,0.136637,0.145724,0.1624315,0.131133,0.167836
static_ptq_tail_eager_layer,static_ptq_tail,eager,layer,cpu,decode,gpu.layer.12.fp.post_attn_norm,31,4.462529,0.14395254838709678,0.143037,0.148444,0.1563611,0.136381,0.156668
static_ptq_tail_eager_layer,static_ptq_tail,eager,layer,cpu,decode,gpu.layer.12.ptq.attention,31,30.531829,0.9848977096774193,0.982603,1.011019,1.0306055,0.949356,1.035722
static_ptq_tail_eager_layer,static_ptq_tail,eager,layer,cpu,decode,gpu.layer.12.ptq.mlp,31,16.862966,0.5439666451612903,0.542228,0.562964,0.5706504,0.527285,0.571188
static_ptq_tail_eager_layer,static_ptq_tail,eager,layer,cpu,decode,gpu.layer.12.ptq.total,31,61.154212,1.9727165161290323,1.977109,2.001493,2.0228042999999998,1.921943,2.02338
static_ptq_tail_eager_layer,static_ptq_tail,eager,layer,cpu,decode,gpu.layer.13.fp.input_norm,31,4.277478,0.1379831612903226,0.135486,0.146781,0.1557794,0.131838,0.158813
static_ptq_tail_eager_layer,static_ptq_tail,eager,layer,cpu,decode,gpu.layer.13.fp.post_attn_norm,31,4.449218,0.14352316129032258,0.142237,0.152669,0.1540162,0.133725,0.154141
static_ptq_tail_eager_layer,static_ptq_tail,eager,layer,cpu,decode,gpu.layer.13.ptq.attention,31,31.985652,1.0317952258064516,0.986603,1.1162,1.6172390999999995,0.944235,1.829049
static_ptq_tail_eager_layer,static_ptq_tail,eager,layer,cpu,decode,gpu.layer.13.ptq.mlp,31,16.678074,0.5380023870967742,0.537044,0.54914,0.5677288,0.521749,0.572308
static_ptq_tail_eager_layer,static_ptq_tail,eager,layer,cpu,decode,gpu.layer.13.ptq.total,31,62.420995,2.013580483870968,1.971765,2.102291,2.6354762999999997,1.902871,2.850339
static_ptq_tail_eager_layer,static_ptq_tail,eager,layer,cpu,decode,gpu.layer.14.fp.input_norm,31,4.253897,0.13722248387096775,0.135325,0.145661,0.1571266,0.129597,0.160669
static_ptq_tail_eager_layer,static_ptq_tail,eager,layer,cpu,decode,gpu.layer.14.fp.post_attn_norm,31,4.471936,0.144256,0.142397,0.153789,0.1591928,0.135709,0.160412
static_ptq_tail_eager_layer,static_ptq_tail,eager,layer,cpu,decode,gpu.layer.14.ptq.attention,31,30.537653,0.9850855806451613,0.981739,1.014251,1.0397885,0.94334,1.046057
static_ptq_tail_eager_layer,static_ptq_tail,eager,layer,cpu,decode,gpu.layer.14.ptq.mlp,31,16.696441,0.538594870967742,0.535189,0.548309,0.5756545,0.523445,0.581203
static_ptq_tail_eager_layer,static_ptq_tail,eager,layer,cpu,decode,gpu.layer.14.ptq.total,31,60.989318,1.9673973548387096,1.968149,2.011029,2.0275499,1.918007,2.033492
static_ptq_tail_eager_layer,static_ptq_tail,eager,layer,cpu,decode,gpu.layer.15.fp.input_norm,31,4.316743,0.1392497741935484,0.137949,0.148189,0.15176019999999998,0.128094,0.152413
static_ptq_tail_eager_layer,static_ptq_tail,eager,layer,cpu,decode,gpu.layer.15.fp.post_attn_norm,31,4.410561,0.14227616129032258,0.141437,0.147101,0.154301,0.133853,0.154589
static_ptq_tail_eager_layer,static_ptq_tail,eager,layer,cpu,decode,gpu.layer.15.ptq.attention,31,30.304635,0.9775688709677419,0.975147,0.992842,1.0201063000000001,0.952268,1.02913
static_ptq_tail_eager_layer,static_ptq_tail,eager,layer,cpu,decode,gpu.layer.15.ptq.mlp,31,16.558945,0.5341595161290322,0.534612,0.539444,0.5519883,0.523476,0.55554
static_ptq_tail_eager_layer,static_ptq_tail,eager,layer,cpu,decode,gpu.layer.15.ptq.total,31,60.586003,1.9543871935483872,1.956406,1.97807,1.9996412000000001,1.904503,2.002838
static_ptq_tail_eager_layer,static_ptq_tail,eager,layer,cpu,decode,gpu.layer.16.fp.input_norm,31,4.218214,0.1360714193548387,0.134461,0.141021,0.1505919,0.125981,0.151005
static_ptq_tail_eager_layer,static_ptq_tail,eager,layer,cpu,decode,gpu.layer.16.fp.post_attn_norm,31,4.483041,0.1446142258064516,0.143101,0.154012,0.16273939999999998,0.132605,0.166109
static_ptq_tail_eager_layer,static_ptq_tail,eager,layer,cpu,decode,gpu.layer.16.ptq.attention,31,30.300916,0.9774489032258065,0.981099,0.999115,1.0082251,0.934924,1.011787
static_ptq_tail_eager_layer,static_ptq_tail,eager,layer,cpu,decode,gpu.layer.16.ptq.mlp,31,16.609183,0.5357800967741936,0.531764,0.551476,0.5665,0.516053,0.56674
static_ptq_tail_eager_layer,static_ptq_tail,eager,layer,cpu,decode,gpu.layer.16.ptq.total,31,60.591184,1.9545543225806452,1.955222,1.991733,2.0067026,1.891224,2.010581
static_ptq_tail_eager_layer,static_ptq_tail,eager,layer,cpu,decode,gpu.layer.17.fp.input_norm,31,4.216838,0.1360270322580645,0.134877,0.138781,0.15855699999999998,0.125982,0.163453
static_ptq_tail_eager_layer,static_ptq_tail,eager,layer,cpu,decode,gpu.layer.17.fp.post_attn_norm,31,4.4088,0.14221935483870968,0.141181,0.148061,0.1522552,0.136061,0.152284
static_ptq_tail_eager_layer,static_ptq_tail,eager,layer,cpu,decode,gpu.layer.17.ptq.attention,31,30.148672,0.9725378064516129,0.973548,0.996235,1.0186788,0.937452,1.02225
static_ptq_tail_eager_layer,static_ptq_tail,eager,layer,cpu,decode,gpu.layer.17.ptq.mlp,31,16.43597,0.5301925806451613,0.529525,0.541684,0.5564616,0.519477,0.557652
static_ptq_tail_eager_layer,static_ptq_tail,eager,layer,cpu,decode,gpu.layer.17.ptq.total,31,60.227255,1.9428146774193549,1.947383,1.972662,2.0039986,1.899671,2.009941
static_ptq_tail_eager_layer,static_ptq_tail,eager,layer,cpu,decode,gpu.layer.18.fp.input_norm,31,4.227977,0.13638635483870967,0.134461,0.139005,0.16670419999999997,0.129534,0.172733
static_ptq_tail_eager_layer,static_ptq_tail,eager,layer,cpu,decode,gpu.layer.18.fp.post_attn_norm,31,4.419937,0.14257861290322582,0.142108,0.147869,0.1534523,0.134397,0.153596
static_ptq_tail_eager_layer,static_ptq_tail,eager,layer,cpu,decode,gpu.layer.18.ptq.attention,31,30.344596,0.978857935483871,0.974859,1.007722,1.039626,0.933996,1.048938
static_ptq_tail_eager_layer,static_ptq_tail,eager,layer,cpu,decode,gpu.layer.18.ptq.mlp,31,16.599042,0.5354529677419355,0.533845,0.549172,0.555156,0.513653,0.556116
static_ptq_tail_eager_layer,static_ptq_tail,eager,layer,cpu,decode,gpu.layer.18.ptq.total,31,60.613422,1.9552716774193548,1.958807,1.984246,2.0333194999999997,1.894167,2.050292
static_ptq_tail_eager_layer,static_ptq_tail,eager,layer,cpu,decode,gpu.layer.19.fp.input_norm,31,4.20996,0.13580516129032258,0.134749,0.138077,0.1508543,0.129854,0.152285
static_ptq_tail_eager_layer,static_ptq_tail,eager,layer,cpu,decode,gpu.layer.19.fp.post_attn_norm,31,4.354817,0.1404779677419355,0.140093,0.144509,0.1487675,0.135165,0.149564
static_ptq_tail_eager_layer,static_ptq_tail,eager,layer,cpu,decode,gpu.layer.19.ptq.attention,31,29.930557,0.9655018387096774,0.963499,0.985515,0.9984519000000001,0.938348,1.002474
static_ptq_tail_eager_layer,static_ptq_tail,eager,layer,cpu,decode,gpu.layer.19.ptq.mlp,31,16.39776,0.52896,0.526101,0.539093,0.5593473,0.517493,0.566739
static_ptq_tail_eager_layer,static_ptq_tail,eager,layer,cpu,decode,gpu.layer.19.ptq.total,31,59.909182,1.932554258064516,1.926326,1.971446,1.9867545,1.877175,1.987446
static_ptq_tail_eager_layer,static_ptq_tail,eager,layer,cpu,decode,gpu.layer.20.fp.input_norm,31,4.203428,0.13559445161290323,0.133853,0.139837,0.16006389999999998,0.129949,0.163549
static_ptq_tail_eager_layer,static_ptq_tail,eager,layer,cpu,decode,gpu.layer.20.fp.post_attn_norm,31,4.474049,0.14432416129032258,0.142941,0.152093,0.1571362,0.136062,0.157213
static_ptq_tail_eager_layer,static_ptq_tail,eager,layer,cpu,decode,gpu.layer.20.ptq.attention,31,31.535905,1.017287258064516,0.978763,1.100937,1.3882804999999998,0.939916,1.486016
static_ptq_tail_eager_layer,static_ptq_tail,eager,layer,cpu,decode,gpu.layer.20.ptq.mlp,31,16.646682,0.5369897419354839,0.534453,0.55202,0.5818272999999999,0.517493,0.590131
static_ptq_tail_eager_layer,static_ptq_tail,eager,layer,cpu,decode,gpu.layer.20.ptq.total,31,61.835891000000004,1.9947061612903225,1.953238,2.080083,2.4140987999999997,1.908535,2.51553
static_ptq_tail_eager_layer,static_ptq_tail,eager,layer,cpu,decode,gpu.layer.21.fp.input_norm,31,4.208869,0.13576996774193548,0.134109,0.139421,0.1520376,0.130749,0.154332
static_ptq_tail_eager_layer,static_ptq_tail,eager,layer,cpu,decode,gpu.layer.21.fp.post_attn_norm,31,4.37325,0.1410725806451613,0.140125,0.149373,0.1554082,0.131229,0.155677
static_ptq_tail_eager_layer,static_ptq_tail,eager,layer,cpu,decode,gpu.layer.21.ptq.attention,31,30.024287,0.9685253870967742,0.967308,0.985355,0.9959463,0.935692,0.999402
static_ptq_tail_eager_layer,static_ptq_tail,eager,layer,cpu,decode,gpu.layer.21.ptq.mlp,31,16.395297,0.5288805483870967,0.527637,0.539892,0.5452107,0.513589,0.546996
static_ptq_tail_eager_layer,static_ptq_tail,eager,layer,cpu,decode,gpu.layer.21.ptq.total,31,59.983391,1.9349480967741934,1.937079,1.96207,1.9762201,1.882968,1.97695
static_ptq_tail_eager_layer,static_ptq_tail,eager,layer,cpu,decode,gpu.layer.22.fp.input_norm,31,4.179047,0.13480796774193549,0.133629,0.137885,0.15188179999999998,0.128701,0.155357
static_ptq_tail_eager_layer,static_ptq_tail,eager,layer,cpu,decode,gpu.layer.22.fp.post_attn_norm,31,4.454081,0.14368003225806453,0.141917,0.149213,0.1574562,0.135709,0.158877
static_ptq_tail_eager_layer,static_ptq_tail,eager,layer,cpu,decode,gpu.layer.22.ptq.attention,31,30.018428,0.9683363870967742,0.965356,0.996234,1.0116718,0.930828,1.013995
static_ptq_tail_eager_layer,static_ptq_tail,eager,layer,cpu,decode,gpu.layer.22.ptq.mlp,31,16.599965,0.5354827419354838,0.533652,0.551028,0.564852,0.516917,0.565908
static_ptq_tail_eager_layer,static_ptq_tail,eager,layer,cpu,decode,gpu.layer.22.ptq.total,31,60.276565,1.9444053225806452,1.942871,1.972438,2.0225643,1.893431,2.04018
static_ptq_tail_eager_layer,static_ptq_tail,eager,layer,cpu,decode,gpu.layer.23.fp.input_norm,31,4.203752,0.13560490322580646,0.134717,0.137853,0.15002580000000001,0.12979,0.150429
static_ptq_tail_eager_layer,static_ptq_tail,eager,layer,cpu,decode,gpu.layer.23.fp.post_attn_norm,31,4.478274,0.14446045161290322,0.141693,0.150749,0.1907672,0.134174,0.193628
static_ptq_tail_eager_layer,static_ptq_tail,eager,layer,cpu,decode,gpu.layer.23.ptq.attention,31,30.097918,0.9709005806451613,0.969419,1.009642,1.021866,0.923628,1.02273
static_ptq_tail_eager_layer,static_ptq_tail,eager,layer,cpu,decode,gpu.layer.23.ptq.mlp,31,16.4815,0.5316612903225807,0.529973,0.544372,0.5499176,0.518485,0.55106
static_ptq_tail_eager_layer,static_ptq_tail,eager,layer,cpu,decode,gpu.layer.23.ptq.total,31,60.228407,1.9428518387096774,1.937143,1.985398,2.0017332999999997,1.89164,2.002741
static_ptq_tail_eager_layer,static_ptq_tail,eager,layer,cpu,decode,gpu.layer.24.fp.input_norm,31,4.185827,0.13502667741935484,0.133949,0.138109,0.15345519999999999,0.128701,0.156028
static_ptq_tail_eager_layer,static_ptq_tail,eager,layer,cpu,decode,gpu.layer.24.fp.post_attn_norm,31,4.441506,0.1432743870967742,0.141692,0.150205,0.1594911,0.135677,0.161277
static_ptq_tail_eager_layer,static_ptq_tail,eager,layer,cpu,decode,gpu.layer.24.ptq.attention,31,30.140346,0.9722692258064516,0.975979,0.996523,1.0163748,0.922284,1.022346
static_ptq_tail_eager_layer,static_ptq_tail,eager,layer,cpu,decode,gpu.layer.24.ptq.mlp,31,16.622561,0.5362116451612903,0.532405,0.550388,0.5712235,0.518325,0.577396
static_ptq_tail_eager_layer,static_ptq_tail,eager,layer,cpu,decode,gpu.layer.24.ptq.total,31,60.432213,1.9494262258064516,1.946934,1.990069,2.0062229,1.889463,2.007413
static_ptq_tail_eager_layer,static_ptq_tail,eager,layer,cpu,decode,gpu.layer.25.fp.input_norm,31,4.216166,0.13600535483870968,0.134654,0.142941,0.1503675,0.131037,0.150972
static_ptq_tail_eager_layer,static_ptq_tail,eager,layer,cpu,decode,gpu.layer.25.fp.post_attn_norm,31,4.370052,0.1409694193548387,0.140509,0.144444,0.1573755,0.130781,0.15894
static_ptq_tail_eager_layer,static_ptq_tail,eager,layer,cpu,decode,gpu.layer.25.ptq.attention,31,29.984092,0.9672287741935484,0.969291,0.979531,1.0064327,0.938092,1.013546
static_ptq_tail_eager_layer,static_ptq_tail,eager,layer,cpu,decode,gpu.layer.25.ptq.mlp,31,16.454494,0.5307901290322581,0.529588,0.542292,0.5479087,0.519476,0.548629
static_ptq_tail_eager_layer,static_ptq_tail,eager,layer,cpu,decode,gpu.layer.25.ptq.total,31,60.025953,1.936321064516129,1.934007,1.97471,1.9885013,1.8974,1.993589
static_ptq_tail_eager_layer,static_ptq_tail,eager,layer,cpu,decode,gpu.layer.26.fp.input_norm,31,4.175718,0.1347005806451613,0.133981,0.139901,0.146013,0.129757,0.146685
static_ptq_tail_eager_layer,static_ptq_tail,eager,layer,cpu,decode,gpu.layer.26.fp.post_attn_norm,31,4.378627,0.1412460322580645,0.139581,0.151325,0.1540539,0.128893,0.154524
static_ptq_tail_eager_layer,static_ptq_tail,eager,layer,cpu,decode,gpu.layer.26.ptq.attention,31,30.026591,0.9685997096774194,0.96414,0.988683,1.0246372000000001,0.934764,1.029994
static_ptq_tail_eager_layer,static_ptq_tail,eager,layer,cpu,decode,gpu.layer.26.ptq.mlp,31,16.560641,0.5342142258064516,0.534068,0.551732,0.5551370999999999,0.513621,0.555252
static_ptq_tail_eager_layer,static_ptq_tail,eager,layer,cpu,decode,gpu.layer.26.ptq.total,31,60.088282,1.9383316774193549,1.935223,1.97087,2.0281515,1.884408,2.028276
static_ptq_tail_eager_layer,static_ptq_tail,eager,layer,cpu,decode,gpu.layer.27.fp.input_norm,31,4.198694,0.13544174193548386,0.133149,0.141853,0.16118419999999997,0.129565,0.168893
static_ptq_tail_eager_layer,static_ptq_tail,eager,layer,cpu,decode,gpu.layer.27.fp.post_attn_norm,31,4.354242,0.14045941935483872,0.140061,0.142685,0.1548635,0.134269,0.155612
static_ptq_tail_eager_layer,static_ptq_tail,eager,layer,cpu,decode,gpu.layer.27.ptq.attention,31,31.311678,1.010054129032258,0.976043,1.046313,1.5778960999999996,0.942092,1.801562
static_ptq_tail_eager_layer,static_ptq_tail,eager,layer,cpu,decode,gpu.layer.27.ptq.mlp,31,16.425028,0.5298396129032258,0.529397,0.544692,0.5486152,0.509877,0.549364
static_ptq_tail_eager_layer,static_ptq_tail,eager,layer,cpu,decode,gpu.layer.27.ptq.total,31,61.253314,1.9759133548387098,1.94639,2.012821,2.5706455999999998,1.88476,2.805092
static_ptq_tail_eager_layer,static_ptq_tail,eager,layer,cpu,decode,gpu.layer.28.fp.input_norm,31,4.194505,0.13530661290322582,0.133757,0.144061,0.1535298,0.129085,0.154173
static_ptq_tail_eager_layer,static_ptq_tail,eager,layer,cpu,decode,gpu.layer.28.fp.post_attn_norm,31,4.4273,0.14281612903225807,0.140157,0.149853,0.1697218,0.132381,0.172381
static_ptq_tail_eager_layer,static_ptq_tail,eager,layer,cpu,decode,gpu.layer.28.ptq.attention,31,29.995325,0.9675911290322581,0.962667,0.994379,1.0417475999999999,0.923757,1.05201
static_ptq_tail_eager_layer,static_ptq_tail,eager,layer,cpu,decode,gpu.layer.28.ptq.mlp,31,16.642367,0.5368505483870968,0.536212,0.552884,0.5634824,0.518133,0.566324
static_ptq_tail_eager_layer,static_ptq_tail,eager,layer,cpu,decode,gpu.layer.28.ptq.total,31,60.258712,1.9438294193548387,1.936982,2.004213,2.0491844,1.885016,2.065907
static_ptq_tail_eager_layer,static_ptq_tail,eager,layer,cpu,decode,gpu.layer.29.fp.input_norm,31,4.1958779999999996,0.13535090322580645,0.134269,0.140541,0.1500891,0.12547,0.151452
static_ptq_tail_eager_layer,static_ptq_tail,eager,layer,cpu,decode,gpu.layer.29.fp.post_attn_norm,31,4.391171,0.14165067741935483,0.140989,0.149149,0.1519195,0.135101,0.152284
static_ptq_tail_eager_layer,static_ptq_tail,eager,layer,cpu,decode,gpu.layer.29.ptq.attention,31,30.015104,0.9682291612903225,0.964364,0.996362,1.0071242999999999,0.932364,1.008171
static_ptq_tail_eager_layer,static_ptq_tail,eager,layer,cpu,decode,gpu.layer.29.ptq.mlp,31,16.359269,0.5277183548387097,0.5277,0.536437,0.5438375999999999,0.515733,0.54594
static_ptq_tail_eager_layer,static_ptq_tail,eager,layer,cpu,decode,gpu.layer.29.ptq.total,31,59.930204,1.9332323870967743,1.931734,1.974198,1.9919954,1.88428,1.995125
static_ptq_tail_eager_layer,static_ptq_tail,eager,layer,cpu,decode,gpu.layer.30.fp.input_norm,31,4.156745,0.13408854838709677,0.132925,0.138237,0.142573,0.129245,0.142621
static_ptq_tail_eager_layer,static_ptq_tail,eager,layer,cpu,decode,gpu.layer.30.fp.post_attn_norm,31,4.425697,0.14276441935483872,0.141693,0.152093,0.1579,0.134974,0.157948
static_ptq_tail_eager_layer,static_ptq_tail,eager,layer,cpu,decode,gpu.layer.30.ptq.attention,31,29.869026,0.9635169677419355,0.957483,0.987466,1.0061799,0.934092,1.008234
static_ptq_tail_eager_layer,static_ptq_tail,eager,layer,cpu,decode,gpu.layer.30.ptq.mlp,31,16.601821,0.5355426129032258,0.533524,0.550228,0.55562,0.519445,0.555668
static_ptq_tail_eager_layer,static_ptq_tail,eager,layer,cpu,decode,gpu.layer.30.ptq.total,31,60.004637,1.9356334516129032,1.934423,1.97199,1.9833301,1.887383,1.983637
static_ptq_tail_eager_layer,static_ptq_tail,eager,layer,cpu,decode,gpu.layer.31.fp.input_norm,31,4.168357,0.13446312903225807,0.134365,0.138877,0.1446626,0.129533,0.144701
static_ptq_tail_eager_layer,static_ptq_tail,eager,layer,cpu,decode,gpu.layer.31.fp.post_attn_norm,31,4.367618,0.14089090322580644,0.139741,0.148093,0.1585531,0.131997,0.158716
static_ptq_tail_eager_layer,static_ptq_tail,eager,layer,cpu,decode,gpu.layer.31.ptq.attention,31,29.932803,0.9655742903225807,0.96558,0.989387,1.0169444,0.930573,1.024202
static_ptq_tail_eager_layer,static_ptq_tail,eager,layer,cpu,decode,gpu.layer.31.ptq.mlp,31,16.349958,0.527418,0.527541,0.542965,0.5586507,0.513877,0.563028
static_ptq_tail_eager_layer,static_ptq_tail,eager,layer,cpu,decode,gpu.layer.31.ptq.total,31,59.797408,1.9289486451612903,1.926871,1.954742,2.0248117,1.872248,2.039413
static_ptq_tail_eager_layer,static_ptq_tail,eager,layer,cpu,decode,gpu.layer.32.fp.input_norm,31,4.158661,0.13415035483870968,0.133469,0.137181,0.1470242,0.128637,0.147197
static_ptq_tail_eager_layer,static_ptq_tail,eager,layer,cpu,decode,gpu.layer.32.fp.post_attn_norm,31,4.405571,0.1421151935483871,0.140861,0.15094,0.1528962,0.133341,0.152925
static_ptq_tail_eager_layer,static_ptq_tail,eager,layer,cpu,decode,gpu.layer.32.ptq.attention,31,29.865087,0.9633899032258064,0.959211,0.989579,1.030506,0.93342,1.035498
static_ptq_tail_eager_layer,static_ptq_tail,eager,layer,cpu,decode,gpu.layer.32.ptq.mlp,31,16.524127,0.5330363548387097,0.530613,0.546708,0.5482696,0.514965,0.548788
static_ptq_tail_eager_layer,static_ptq_tail,eager,layer,cpu,decode,gpu.layer.32.ptq.total,31,59.891194999999996,1.9319740322580645,1.931254,1.965046,2.0109938,1.880504,2.021237
static_ptq_tail_eager_layer,static_ptq_tail,eager,layer,cpu,decode,gpu.model_forward,31,1970.962213,63.57942622580645,63.620592,64.253123,64.66953029999999,62.593382,64.740693
static_ptq_tail_eager_layer,static_ptq_tail,eager,layer,cpu,decode,gpu.sample_postprocess,31,1.706969,0.05506351612903226,0.053982,0.059838,0.0694287,0.048671,0.070974
static_ptq_tail_eager_layer,static_ptq_tail,eager,layer,cpu,decode,gpu.sampler,31,13.733629,0.4430202903225806,0.443671,0.456758,0.4682709,0.419575,0.471285
static_ptq_tail_eager_layer,static_ptq_tail,eager,layer,cpu,decode,runtime.prepare_attn_metadata,31,8.067923,0.2602555806451613,0.260603,0.27497,0.2820004,0.24041,0.283834
static_ptq_tail_eager_layer,static_ptq_tail,eager,layer,cpu,decode,runtime.prepare_inputs,31,47.024687,1.5169253870967743,1.511712,1.577566,1.6178853,1.432001,1.629405
static_ptq_tail_eager_layer,static_ptq_tail,eager,layer,cpu,decode,runtime.preprocess_model_inputs,31,0.989992,0.03193522580645161,0.031231,0.033727,0.046942299999999985,0.029119,0.052414
static_ptq_tail_eager_layer,static_ptq_tail,eager,layer,cpu,decode,runtime.slot_mappings,31,1.672286,0.05394470967741936,0.053823,0.056415,0.0578742,0.050367,0.058335
static_ptq_tail_eager_layer,static_ptq_tail,eager,layer,cpu,drain,cpu.engine.process_aborts,1,0.005824,0.005824,0.005824,0.005824,0.005824,0.005824,0.005824
static_ptq_tail_eager_layer,static_ptq_tail,eager,layer,cpu,drain,cpu.executor.submit_model,1,0.414008,0.414008,0.414008,0.414008,0.414008,0.414008,0.414008
static_ptq_tail_eager_layer,static_ptq_tail,eager,layer,cpu,drain,cpu.output.process_and_detokenize,1,0.064479,0.064479,0.064479,0.064479,0.064479,0.064479,0.064479
static_ptq_tail_eager_layer,static_ptq_tail,eager,layer,cpu,drain,cpu.output.wait_gpu_to_cpu,1,3.995211,3.995211,3.995211,3.995211,3.995211,3.995211,3.995211
static_ptq_tail_eager_layer,static_ptq_tail,eager,layer,cpu,drain,cpu.runner.update_states,1,0.302938,0.302938,0.302938,0.302938,0.302938,0.302938,0.302938
static_ptq_tail_eager_layer,static_ptq_tail,eager,layer,cpu,drain,cpu.scheduler.update_output,1,0.092958,0.092958,0.092958,0.092958,0.092958,0.092958,0.092958
static_ptq_tail_eager_layer,static_ptq_tail,eager,layer,cpu,prefill,cpu.engine.process_aborts,1,0.009408,0.009408,0.009408,0.009408,0.009408,0.009408,0.009408
static_ptq_tail_eager_layer,static_ptq_tail,eager,layer,cpu,prefill,cpu.executor.sample_and_sync,1,0.885005,0.885005,0.885005,0.885005,0.885005,0.885005,0.885005
static_ptq_tail_eager_layer,static_ptq_tail,eager,layer,cpu,prefill,cpu.executor.submit_model,1,53.46247,53.46247,53.46247,53.46247,53.46247,53.46247,53.46247
static_ptq_tail_eager_layer,static_ptq_tail,eager,layer,cpu,prefill,cpu.output.process_and_detokenize,1,0.006495,0.006495,0.006495,0.006495,0.006495,0.006495,0.006495
static_ptq_tail_eager_layer,static_ptq_tail,eager,layer,cpu,prefill,cpu.runner.select_execution_shape,1,0.040991,0.040991,0.040991,0.040991,0.040991,0.040991,0.040991
static_ptq_tail_eager_layer,static_ptq_tail,eager,layer,cpu,prefill,cpu.runner.update_states,1,0.470774,0.470774,0.470774,0.470774,0.470774,0.470774,0.470774
static_ptq_tail_eager_layer,static_ptq_tail,eager,layer,cpu,prefill,cpu.scheduler.grammar_mask,1,0.003264,0.003264,0.003264,0.003264,0.003264,0.003264,0.003264
static_ptq_tail_eager_layer,static_ptq_tail,eager,layer,cpu,prefill,cpu.scheduler.update_output,1,0.016191,0.016191,0.016191,0.016191,0.016191,0.016191,0.016191
static_ptq_tail_eager_layer,static_ptq_tail,eager,layer,cpu,prefill,gpu.compute_logits,1,0.209147,0.209147,0.209147,0.209147,0.209147,0.209147,0.209147
static_ptq_tail_eager_layer,static_ptq_tail,eager,layer,cpu,prefill,gpu.layer.01.fp.attention,1,1.044074,1.044074,1.044074,1.044074,1.044074,1.044074,1.044074
static_ptq_tail_eager_layer,static_ptq_tail,eager,layer,cpu,prefill,gpu.layer.01.fp.input_norm,1,0.247707,0.247707,0.247707,0.247707,0.247707,0.247707,0.247707
static_ptq_tail_eager_layer,static_ptq_tail,eager,layer,cpu,prefill,gpu.layer.01.fp.mlp,1,0.401464,0.401464,0.401464,0.401464,0.401464,0.401464,0.401464
static_ptq_tail_eager_layer,static_ptq_tail,eager,layer,cpu,prefill,gpu.layer.01.fp.post_attn_norm,1,0.155805,0.155805,0.155805,0.155805,0.155805,0.155805,0.155805
static_ptq_tail_eager_layer,static_ptq_tail,eager,layer,cpu,prefill,gpu.layer.01.fp.total,1,2.041909,2.041909,2.041909,2.041909,2.041909,2.041909,2.041909
static_ptq_tail_eager_layer,static_ptq_tail,eager,layer,cpu,prefill,gpu.layer.02.fp.attention,1,0.769199,0.769199,0.769199,0.769199,0.769199,0.769199,0.769199
static_ptq_tail_eager_layer,static_ptq_tail,eager,layer,cpu,prefill,gpu.layer.02.fp.input_norm,1,0.147677,0.147677,0.147677,0.147677,0.147677,0.147677,0.147677
static_ptq_tail_eager_layer,static_ptq_tail,eager,layer,cpu,prefill,gpu.layer.02.fp.mlp,1,0.36012,0.36012,0.36012,0.36012,0.36012,0.36012,0.36012
static_ptq_tail_eager_layer,static_ptq_tail,eager,layer,cpu,prefill,gpu.layer.02.fp.post_attn_norm,1,0.145309,0.145309,0.145309,0.145309,0.145309,0.145309,0.145309
static_ptq_tail_eager_layer,static_ptq_tail,eager,layer,cpu,prefill,gpu.layer.02.fp.total,1,1.569598,1.569598,1.569598,1.569598,1.569598,1.569598,1.569598
static_ptq_tail_eager_layer,static_ptq_tail,eager,layer,cpu,prefill,gpu.layer.03.fp.attention,1,0.767631,0.767631,0.767631,0.767631,0.767631,0.767631,0.767631
static_ptq_tail_eager_layer,static_ptq_tail,eager,layer,cpu,prefill,gpu.layer.03.fp.input_norm,1,0.134301,0.134301,0.134301,0.134301,0.134301,0.134301,0.134301
static_ptq_tail_eager_layer,static_ptq_tail,eager,layer,cpu,prefill,gpu.layer.03.fp.mlp,1,0.362584,0.362584,0.362584,0.362584,0.362584,0.362584,0.362584
static_ptq_tail_eager_layer,static_ptq_tail,eager,layer,cpu,prefill,gpu.layer.03.fp.post_attn_norm,1,0.157148,0.157148,0.157148,0.157148,0.157148,0.157148,0.157148
static_ptq_tail_eager_layer,static_ptq_tail,eager,layer,cpu,prefill,gpu.layer.03.fp.total,1,1.587486,1.587486,1.587486,1.587486,1.587486,1.587486,1.587486
static_ptq_tail_eager_layer,static_ptq_tail,eager,layer,cpu,prefill,gpu.layer.04.fp.attention,1,0.743088,0.743088,0.743088,0.743088,0.743088,0.743088,0.743088
static_ptq_tail_eager_layer,static_ptq_tail,eager,layer,cpu,prefill,gpu.layer.04.fp.input_norm,1,0.13555,0.13555,0.13555,0.13555,0.13555,0.13555,0.13555
static_ptq_tail_eager_layer,static_ptq_tail,eager,layer,cpu,prefill,gpu.layer.04.fp.mlp,1,0.354969,0.354969,0.354969,0.354969,0.354969,0.354969,0.354969
static_ptq_tail_eager_layer,static_ptq_tail,eager,layer,cpu,prefill,gpu.layer.04.fp.post_attn_norm,1,0.141053,0.141053,0.141053,0.141053,0.141053,0.141053,0.141053
static_ptq_tail_eager_layer,static_ptq_tail,eager,layer,cpu,prefill,gpu.layer.04.fp.total,1,1.525024,1.525024,1.525024,1.525024,1.525024,1.525024,1.525024
static_ptq_tail_eager_layer,static_ptq_tail,eager,layer,cpu,prefill,gpu.layer.05.fp.attention,1,0.731249,0.731249,0.731249,0.731249,0.731249,0.731249,0.731249
static_ptq_tail_eager_layer,static_ptq_tail,eager,layer,cpu,prefill,gpu.layer.05.fp.input_norm,1,0.130462,0.130462,0.130462,0.130462,0.130462,0.130462,0.130462
static_ptq_tail_eager_layer,static_ptq_tail,eager,layer,cpu,prefill,gpu.layer.05.fp.mlp,1,0.351576,0.351576,0.351576,0.351576,0.351576,0.351576,0.351576
static_ptq_tail_eager_layer,static_ptq_tail,eager,layer,cpu,prefill,gpu.layer.05.fp.post_attn_norm,1,0.137693,0.137693,0.137693,0.137693,0.137693,0.137693,0.137693
static_ptq_tail_eager_layer,static_ptq_tail,eager,layer,cpu,prefill,gpu.layer.05.fp.total,1,1.4968,1.4968,1.4968,1.4968,1.4968,1.4968,1.4968
static_ptq_tail_eager_layer,static_ptq_tail,eager,layer,cpu,prefill,gpu.layer.06.fp.attention,1,0.763119,0.763119,0.763119,0.763119,0.763119,0.763119,0.763119
static_ptq_tail_eager_layer,static_ptq_tail,eager,layer,cpu,prefill,gpu.layer.06.fp.input_norm,1,0.133725,0.133725,0.133725,0.133725,0.133725,0.133725,0.133725
static_ptq_tail_eager_layer,static_ptq_tail,eager,layer,cpu,prefill,gpu.layer.06.fp.mlp,1,0.351929,0.351929,0.351929,0.351929,0.351929,0.351929,0.351929
static_ptq_tail_eager_layer,static_ptq_tail,eager,layer,cpu,prefill,gpu.layer.06.fp.post_attn_norm,1,0.142941,0.142941,0.142941,0.142941,0.142941,0.142941,0.142941
static_ptq_tail_eager_layer,static_ptq_tail,eager,layer,cpu,prefill,gpu.layer.06.fp.total,1,1.541439,1.541439,1.541439,1.541439,1.541439,1.541439,1.541439
static_ptq_tail_eager_layer,static_ptq_tail,eager,layer,cpu,prefill,gpu.layer.07.fp.attention,1,0.740752,0.740752,0.740752,0.740752,0.740752,0.740752,0.740752
static_ptq_tail_eager_layer,static_ptq_tail,eager,layer,cpu,prefill,gpu.layer.07.fp.input_norm,1,0.151677,0.151677,0.151677,0.151677,0.151677,0.151677,0.151677
static_ptq_tail_eager_layer,static_ptq_tail,eager,layer,cpu,prefill,gpu.layer.07.fp.mlp,1,0.364696,0.364696,0.364696,0.364696,0.364696,0.364696,0.364696
static_ptq_tail_eager_layer,static_ptq_tail,eager,layer,cpu,prefill,gpu.layer.07.fp.post_attn_norm,1,0.144381,0.144381,0.144381,0.144381,0.144381,0.144381,0.144381
static_ptq_tail_eager_layer,static_ptq_tail,eager,layer,cpu,prefill,gpu.layer.07.fp.total,1,1.562847,1.562847,1.562847,1.562847,1.562847,1.562847,1.562847
static_ptq_tail_eager_layer,static_ptq_tail,eager,layer,cpu,prefill,gpu.layer.08.fp.attention,1,0.74888,0.74888,0.74888,0.74888,0.74888,0.74888,0.74888
static_ptq_tail_eager_layer,static_ptq_tail,eager,layer,cpu,prefill,gpu.layer.08.fp.input_norm,1,0.138685,0.138685,0.138685,0.138685,0.138685,0.138685,0.138685
static_ptq_tail_eager_layer,static_ptq_tail,eager,layer,cpu,prefill,gpu.layer.08.fp.mlp,1,0.360888,0.360888,0.360888,0.360888,0.360888,0.360888,0.360888
static_ptq_tail_eager_layer,static_ptq_tail,eager,layer,cpu,prefill,gpu.layer.08.fp.post_attn_norm,1,0.150813,0.150813,0.150813,0.150813,0.150813,0.150813,0.150813
static_ptq_tail_eager_layer,static_ptq_tail,eager,layer,cpu,prefill,gpu.layer.08.fp.total,1,1.552607,1.552607,1.552607,1.552607,1.552607,1.552607,1.552607
static_ptq_tail_eager_layer,static_ptq_tail,eager,layer,cpu,prefill,gpu.layer.09.fp.attention,1,0.730801,0.730801,0.730801,0.730801,0.730801,0.730801,0.730801
static_ptq_tail_eager_layer,static_ptq_tail,eager,layer,cpu,prefill,gpu.layer.09.fp.input_norm,1,0.131549,0.131549,0.131549,0.131549,0.131549,0.131549,0.131549
static_ptq_tail_eager_layer,static_ptq_tail,eager,layer,cpu,prefill,gpu.layer.09.fp.mlp,1,0.349752,0.349752,0.349752,0.349752,0.349752,0.349752,0.349752
static_ptq_tail_eager_layer,static_ptq_tail,eager,layer,cpu,prefill,gpu.layer.09.fp.post_attn_norm,1,0.139805,0.139805,0.139805,0.139805,0.139805,0.139805,0.139805
static_ptq_tail_eager_layer,static_ptq_tail,eager,layer,cpu,prefill,gpu.layer.09.fp.total,1,1.496576,1.496576,1.496576,1.496576,1.496576,1.496576,1.496576
static_ptq_tail_eager_layer,static_ptq_tail,eager,layer,cpu,prefill,gpu.layer.10.fp.attention,1,0.73208,0.73208,0.73208,0.73208,0.73208,0.73208,0.73208
static_ptq_tail_eager_layer,static_ptq_tail,eager,layer,cpu,prefill,gpu.layer.10.fp.input_norm,1,0.131997,0.131997,0.131997,0.131997,0.131997,0.131997,0.131997
static_ptq_tail_eager_layer,static_ptq_tail,eager,layer,cpu,prefill,gpu.layer.10.fp.mlp,1,0.372057,0.372057,0.372057,0.372057,0.372057,0.372057,0.372057
static_ptq_tail_eager_layer,static_ptq_tail,eager,layer,cpu,prefill,gpu.layer.10.fp.post_attn_norm,1,0.139325,0.139325,0.139325,0.139325,0.139325,0.139325,0.139325
static_ptq_tail_eager_layer,static_ptq_tail,eager,layer,cpu,prefill,gpu.layer.10.fp.total,1,1.517248,1.517248,1.517248,1.517248,1.517248,1.517248,1.517248
static_ptq_tail_eager_layer,static_ptq_tail,eager,layer,cpu,prefill,gpu.layer.11.fp.attention,1,0.784207,0.784207,0.784207,0.784207,0.784207,0.784207,0.784207
static_ptq_tail_eager_layer,static_ptq_tail,eager,layer,cpu,prefill,gpu.layer.11.fp.input_norm,1,0.141949,0.141949,0.141949,0.141949,0.141949,0.141949,0.141949
static_ptq_tail_eager_layer,static_ptq_tail,eager,layer,cpu,prefill,gpu.layer.11.fp.mlp,1,0.371128,0.371128,0.371128,0.371128,0.371128,0.371128,0.371128
static_ptq_tail_eager_layer,static_ptq_tail,eager,layer,cpu,prefill,gpu.layer.11.fp.post_attn_norm,1,0.139933,0.139933,0.139933,0.139933,0.139933,0.139933,0.139933
static_ptq_tail_eager_layer,static_ptq_tail,eager,layer,cpu,prefill,gpu.layer.11.fp.total,1,1.598046,1.598046,1.598046,1.598046,1.598046,1.598046,1.598046
static_ptq_tail_eager_layer,static_ptq_tail,eager,layer,cpu,prefill,gpu.layer.12.fp.attention,1,0.765232,0.765232,0.765232,0.765232,0.765232,0.765232,0.765232
static_ptq_tail_eager_layer,static_ptq_tail,eager,layer,cpu,prefill,gpu.layer.12.fp.input_norm,1,0.136509,0.136509,0.136509,0.136509,0.136509,0.136509,0.136509
static_ptq_tail_eager_layer,static_ptq_tail,eager,layer,cpu,prefill,gpu.layer.12.fp.mlp,1,0.357432,0.357432,0.357432,0.357432,0.357432,0.357432,0.357432
static_ptq_tail_eager_layer,static_ptq_tail,eager,layer,cpu,prefill,gpu.layer.12.fp.post_attn_norm,1,0.141469,0.141469,0.141469,0.141469,0.141469,0.141469,0.141469
static_ptq_tail_eager_layer,static_ptq_tail,eager,layer,cpu,prefill,gpu.layer.12.fp.total,1,1.545535,1.545535,1.545535,1.545535,1.545535,1.545535,1.545535
static_ptq_tail_eager_layer,static_ptq_tail,eager,layer,cpu,prefill,gpu.layer.13.fp.attention,1,0.765935,0.765935,0.765935,0.765935,0.765935,0.765935,0.765935
static_ptq_tail_eager_layer,static_ptq_tail,eager,layer,cpu,prefill,gpu.layer.13.fp.input_norm,1,0.130685,0.130685,0.130685,0.130685,0.130685,0.130685,0.130685
static_ptq_tail_eager_layer,static_ptq_tail,eager,layer,cpu,prefill,gpu.layer.13.fp.mlp,1,0.367256,0.367256,0.367256,0.367256,0.367256,0.367256,0.367256
static_ptq_tail_eager_layer,static_ptq_tail,eager,layer,cpu,prefill,gpu.layer.13.fp.post_attn_norm,1,0.137821,0.137821,0.137821,0.137821,0.137821,0.137821,0.137821
static_ptq_tail_eager_layer,static_ptq_tail,eager,layer,cpu,prefill,gpu.layer.13.fp.total,1,1.545183,1.545183,1.545183,1.545183,1.545183,1.545183,1.545183
static_ptq_tail_eager_layer,static_ptq_tail,eager,layer,cpu,prefill,gpu.layer.14.fp.attention,1,0.739504,0.739504,0.739504,0.739504,0.739504,0.739504,0.739504
static_ptq_tail_eager_layer,static_ptq_tail,eager,layer,cpu,prefill,gpu.layer.14.fp.input_norm,1,0.130174,0.130174,0.130174,0.130174,0.130174,0.130174,0.130174
static_ptq_tail_eager_layer,static_ptq_tail,eager,layer,cpu,prefill,gpu.layer.14.fp.mlp,1,0.355385,0.355385,0.355385,0.355385,0.355385,0.355385,0.355385
static_ptq_tail_eager_layer,static_ptq_tail,eager,layer,cpu,prefill,gpu.layer.14.fp.post_attn_norm,1,0.139997,0.139997,0.139997,0.139997,0.139997,0.139997,0.139997
static_ptq_tail_eager_layer,static_ptq_tail,eager,layer,cpu,prefill,gpu.layer.14.fp.total,1,1.523488,1.523488,1.523488,1.523488,1.523488,1.523488,1.523488
static_ptq_tail_eager_layer,static_ptq_tail,eager,layer,cpu,prefill,gpu.layer.15.fp.attention,1,0.739088,0.739088,0.739088,0.739088,0.739088,0.739088,0.739088
static_ptq_tail_eager_layer,static_ptq_tail,eager,layer,cpu,prefill,gpu.layer.15.fp.input_norm,1,0.130462,0.130462,0.130462,0.130462,0.130462,0.130462,0.130462
static_ptq_tail_eager_layer,static_ptq_tail,eager,layer,cpu,prefill,gpu.layer.15.fp.mlp,1,0.343448,0.343448,0.343448,0.343448,0.343448,0.343448,0.343448
static_ptq_tail_eager_layer,static_ptq_tail,eager,layer,cpu,prefill,gpu.layer.15.fp.post_attn_norm,1,0.135229,0.135229,0.135229,0.135229,0.135229,0.135229,0.135229
static_ptq_tail_eager_layer,static_ptq_tail,eager,layer,cpu,prefill,gpu.layer.15.fp.total,1,1.492128,1.492128,1.492128,1.492128,1.492128,1.492128,1.492128
static_ptq_tail_eager_layer,static_ptq_tail,eager,layer,cpu,prefill,gpu.layer.16.fp.attention,1,0.865101,0.865101,0.865101,0.865101,0.865101,0.865101,0.865101
static_ptq_tail_eager_layer,static_ptq_tail,eager,layer,cpu,prefill,gpu.layer.16.fp.input_norm,1,0.138333,0.138333,0.138333,0.138333,0.138333,0.138333,0.138333
static_ptq_tail_eager_layer,static_ptq_tail,eager,layer,cpu,prefill,gpu.layer.16.fp.mlp,1,0.358168,0.358168,0.358168,0.358168,0.358168,0.358168,0.358168
static_ptq_tail_eager_layer,static_ptq_tail,eager,layer,cpu,prefill,gpu.layer.16.fp.post_attn_norm,1,0.143197,0.143197,0.143197,0.143197,0.143197,0.143197,0.143197
static_ptq_tail_eager_layer,static_ptq_tail,eager,layer,cpu,prefill,gpu.layer.16.fp.total,1,1.650684,1.650684,1.650684,1.650684,1.650684,1.650684,1.650684
static_ptq_tail_eager_layer,static_ptq_tail,eager,layer,cpu,prefill,gpu.layer.17.fp.attention,1,0.718385,0.718385,0.718385,0.718385,0.718385,0.718385,0.718385
static_ptq_tail_eager_layer,static_ptq_tail,eager,layer,cpu,prefill,gpu.layer.17.fp.input_norm,1,0.149821,0.149821,0.149821,0.149821,0.149821,0.149821,0.149821
static_ptq_tail_eager_layer,static_ptq_tail,eager,layer,cpu,prefill,gpu.layer.17.fp.mlp,1,0.348345,0.348345,0.348345,0.348345,0.348345,0.348345,0.348345
static_ptq_tail_eager_layer,static_ptq_tail,eager,layer,cpu,prefill,gpu.layer.17.fp.post_attn_norm,1,0.139485,0.139485,0.139485,0.139485,0.139485,0.139485,0.139485
static_ptq_tail_eager_layer,static_ptq_tail,eager,layer,cpu,prefill,gpu.layer.17.fp.total,1,1.5016,1.5016,1.5016,1.5016,1.5016,1.5016,1.5016
static_ptq_tail_eager_layer,static_ptq_tail,eager,layer,cpu,prefill,gpu.layer.18.fp.attention,1,0.749328,0.749328,0.749328,0.749328,0.749328,0.749328,0.749328
static_ptq_tail_eager_layer,static_ptq_tail,eager,layer,cpu,prefill,gpu.layer.18.fp.input_norm,1,0.144765,0.144765,0.144765,0.144765,0.144765,0.144765,0.144765
static_ptq_tail_eager_layer,static_ptq_tail,eager,layer,cpu,prefill,gpu.layer.18.fp.mlp,1,0.370616,0.370616,0.370616,0.370616,0.370616,0.370616,0.370616
static_ptq_tail_eager_layer,static_ptq_tail,eager,layer,cpu,prefill,gpu.layer.18.fp.post_attn_norm,1,0.143773,0.143773,0.143773,0.143773,0.143773,0.143773,0.143773
static_ptq_tail_eager_layer,static_ptq_tail,eager,layer,cpu,prefill,gpu.layer.18.fp.total,1,1.557279,1.557279,1.557279,1.557279,1.557279,1.557279,1.557279
static_ptq_tail_eager_layer,static_ptq_tail,eager,layer,cpu,prefill,gpu.layer.19.fp.attention,1,0.74664,0.74664,0.74664,0.74664,0.74664,0.74664,0.74664
static_ptq_tail_eager_layer,static_ptq_tail,eager,layer,cpu,prefill,gpu.layer.19.fp.input_norm,1,0.129021,0.129021,0.129021,0.129021,0.129021,0.129021,0.129021
static_ptq_tail_eager_layer,static_ptq_tail,eager,layer,cpu,prefill,gpu.layer.19.fp.mlp,1,0.348408,0.348408,0.348408,0.348408,0.348408,0.348408,0.348408
static_ptq_tail_eager_layer,static_ptq_tail,eager,layer,cpu,prefill,gpu.layer.19.fp.post_attn_norm,1,0.134493,0.134493,0.134493,0.134493,0.134493,0.134493,0.134493
static_ptq_tail_eager_layer,static_ptq_tail,eager,layer,cpu,prefill,gpu.layer.19.fp.total,1,1.500799,1.500799,1.500799,1.500799,1.500799,1.500799,1.500799
static_ptq_tail_eager_layer,static_ptq_tail,eager,layer,cpu,prefill,gpu.layer.20.fp.attention,1,0.740304,0.740304,0.740304,0.740304,0.740304,0.740304,0.740304
static_ptq_tail_eager_layer,static_ptq_tail,eager,layer,cpu,prefill,gpu.layer.20.fp.input_norm,1,0.127709,0.127709,0.127709,0.127709,0.127709,0.127709,0.127709
static_ptq_tail_eager_layer,static_ptq_tail,eager,layer,cpu,prefill,gpu.layer.20.fp.mlp,1,0.351545,0.351545,0.351545,0.351545,0.351545,0.351545,0.351545
static_ptq_tail_eager_layer,static_ptq_tail,eager,layer,cpu,prefill,gpu.layer.20.fp.post_attn_norm,1,0.140349,0.140349,0.140349,0.140349,0.140349,0.140349,0.140349
static_ptq_tail_eager_layer,static_ptq_tail,eager,layer,cpu,prefill,gpu.layer.20.fp.total,1,1.50336,1.50336,1.50336,1.50336,1.50336,1.50336,1.50336
static_ptq_tail_eager_layer,static_ptq_tail,eager,layer,cpu,prefill,gpu.layer.21.fp.attention,1,0.761968,0.761968,0.761968,0.761968,0.761968,0.761968,0.761968
static_ptq_tail_eager_layer,static_ptq_tail,eager,layer,cpu,prefill,gpu.layer.21.fp.input_norm,1,0.133757,0.133757,0.133757,0.133757,0.133757,0.133757,0.133757
static_ptq_tail_eager_layer,static_ptq_tail,eager,layer,cpu,prefill,gpu.layer.21.fp.mlp,1,0.363416,0.363416,0.363416,0.363416,0.363416,0.363416,0.363416
static_ptq_tail_eager_layer,static_ptq_tail,eager,layer,cpu,prefill,gpu.layer.21.fp.post_attn_norm,1,0.139357,0.139357,0.139357,0.139357,0.139357,0.139357,0.139357
static_ptq_tail_eager_layer,static_ptq_tail,eager,layer,cpu,prefill,gpu.layer.21.fp.total,1,1.543935,1.543935,1.543935,1.543935,1.543935,1.543935,1.543935
static_ptq_tail_eager_layer,static_ptq_tail,eager,layer,cpu,prefill,gpu.layer.22.fp.attention,1,0.724689,0.724689,0.724689,0.724689,0.724689,0.724689,0.724689
static_ptq_tail_eager_layer,static_ptq_tail,eager,layer,cpu,prefill,gpu.layer.22.fp.input_norm,1,0.135645,0.135645,0.135645,0.135645,0.135645,0.135645,0.135645
static_ptq_tail_eager_layer,static_ptq_tail,eager,layer,cpu,prefill,gpu.layer.22.fp.mlp,1,0.349497,0.349497,0.349497,0.349497,0.349497,0.349497,0.349497
static_ptq_tail_eager_layer,static_ptq_tail,eager,layer,cpu,prefill,gpu.layer.22.fp.post_attn_norm,1,0.140413,0.140413,0.140413,0.140413,0.140413,0.140413,0.140413
static_ptq_tail_eager_layer,static_ptq_tail,eager,layer,cpu,prefill,gpu.layer.22.fp.total,1,1.490784,1.490784,1.490784,1.490784,1.490784,1.490784,1.490784
static_ptq_tail_eager_layer,static_ptq_tail,eager,layer,cpu,prefill,gpu.layer.23.fp.attention,1,0.713585,0.713585,0.713585,0.713585,0.713585,0.713585,0.713585
static_ptq_tail_eager_layer,static_ptq_tail,eager,layer,cpu,prefill,gpu.layer.23.fp.input_norm,1,0.129758,0.129758,0.129758,0.129758,0.129758,0.129758,0.129758
static_ptq_tail_eager_layer,static_ptq_tail,eager,layer,cpu,prefill,gpu.layer.23.fp.mlp,1,0.347768,0.347768,0.347768,0.347768,0.347768,0.347768,0.347768
static_ptq_tail_eager_layer,static_ptq_tail,eager,layer,cpu,prefill,gpu.layer.23.fp.post_attn_norm,1,0.138269,0.138269,0.138269,0.138269,0.138269,0.138269,0.138269
static_ptq_tail_eager_layer,static_ptq_tail,eager,layer,cpu,prefill,gpu.layer.23.fp.total,1,1.481889,1.481889,1.481889,1.481889,1.481889,1.481889,1.481889
static_ptq_tail_eager_layer,static_ptq_tail,eager,layer,cpu,prefill,gpu.layer.24.fp.attention,1,0.756431,0.756431,0.756431,0.756431,0.756431,0.756431,0.756431
static_ptq_tail_eager_layer,static_ptq_tail,eager,layer,cpu,prefill,gpu.layer.24.fp.input_norm,1,0.144573,0.144573,0.144573,0.144573,0.144573,0.144573,0.144573
static_ptq_tail_eager_layer,static_ptq_tail,eager,layer,cpu,prefill,gpu.layer.24.fp.mlp,1,0.354681,0.354681,0.354681,0.354681,0.354681,0.354681,0.354681
static_ptq_tail_eager_layer,static_ptq_tail,eager,layer,cpu,prefill,gpu.layer.24.fp.post_attn_norm,1,0.143453,0.143453,0.143453,0.143453,0.143453,0.143453,0.143453
static_ptq_tail_eager_layer,static_ptq_tail,eager,layer,cpu,prefill,gpu.layer.24.fp.total,1,1.545247,1.545247,1.545247,1.545247,1.545247,1.545247,1.545247
static_ptq_tail_eager_layer,static_ptq_tail,eager,layer,cpu,prefill,gpu.layer.25.fp.attention,1,0.750928,0.750928,0.750928,0.750928,0.750928,0.750928,0.750928
static_ptq_tail_eager_layer,static_ptq_tail,eager,layer,cpu,prefill,gpu.layer.25.fp.input_norm,1,0.132638,0.132638,0.132638,0.132638,0.132638,0.132638,0.132638
static_ptq_tail_eager_layer,static_ptq_tail,eager,layer,cpu,prefill,gpu.layer.25.fp.mlp,1,0.353401,0.353401,0.353401,0.353401,0.353401,0.353401,0.353401
static_ptq_tail_eager_layer,static_ptq_tail,eager,layer,cpu,prefill,gpu.layer.25.fp.post_attn_norm,1,0.132061,0.132061,0.132061,0.132061,0.132061,0.132061,0.132061
static_ptq_tail_eager_layer,static_ptq_tail,eager,layer,cpu,prefill,gpu.layer.25.fp.total,1,1.516352,1.516352,1.516352,1.516352,1.516352,1.516352,1.516352
static_ptq_tail_eager_layer,static_ptq_tail,eager,layer,cpu,prefill,gpu.layer.26.fp.attention,1,0.714129,0.714129,0.714129,0.714129,0.714129,0.714129,0.714129
static_ptq_tail_eager_layer,static_ptq_tail,eager,layer,cpu,prefill,gpu.layer.26.fp.input_norm,1,0.130877,0.130877,0.130877,0.130877,0.130877,0.130877,0.130877
static_ptq_tail_eager_layer,static_ptq_tail,eager,layer,cpu,prefill,gpu.layer.26.fp.mlp,1,0.362488,0.362488,0.362488,0.362488,0.362488,0.362488,0.362488
static_ptq_tail_eager_layer,static_ptq_tail,eager,layer,cpu,prefill,gpu.layer.26.fp.post_attn_norm,1,0.146269,0.146269,0.146269,0.146269,0.146269,0.146269,0.146269
static_ptq_tail_eager_layer,static_ptq_tail,eager,layer,cpu,prefill,gpu.layer.26.fp.total,1,1.508447,1.508447,1.508447,1.508447,1.508447,1.508447,1.508447
static_ptq_tail_eager_layer,static_ptq_tail,eager,layer,cpu,prefill,gpu.layer.27.fp.attention,1,0.730673,0.730673,0.730673,0.730673,0.730673,0.730673,0.730673
static_ptq_tail_eager_layer,static_ptq_tail,eager,layer,cpu,prefill,gpu.layer.27.fp.input_norm,1,0.141213,0.141213,0.141213,0.141213,0.141213,0.141213,0.141213
static_ptq_tail_eager_layer,static_ptq_tail,eager,layer,cpu,prefill,gpu.layer.27.fp.mlp,1,0.348536,0.348536,0.348536,0.348536,0.348536,0.348536,0.348536
static_ptq_tail_eager_layer,static_ptq_tail,eager,layer,cpu,prefill,gpu.layer.27.fp.post_attn_norm,1,0.135261,0.135261,0.135261,0.135261,0.135261,0.135261,0.135261
static_ptq_tail_eager_layer,static_ptq_tail,eager,layer,cpu,prefill,gpu.layer.27.fp.total,1,1.505695,1.505695,1.505695,1.505695,1.505695,1.505695,1.505695
static_ptq_tail_eager_layer,static_ptq_tail,eager,layer,cpu,prefill,gpu.layer.28.fp.attention,1,0.717137,0.717137,0.717137,0.717137,0.717137,0.717137,0.717137
static_ptq_tail_eager_layer,static_ptq_tail,eager,layer,cpu,prefill,gpu.layer.28.fp.input_norm,1,0.128349,0.128349,0.128349,0.128349,0.128349,0.128349,0.128349
static_ptq_tail_eager_layer,static_ptq_tail,eager,layer,cpu,prefill,gpu.layer.28.fp.mlp,1,0.341913,0.341913,0.341913,0.341913,0.341913,0.341913,0.341913
static_ptq_tail_eager_layer,static_ptq_tail,eager,layer,cpu,prefill,gpu.layer.28.fp.post_attn_norm,1,0.133469,0.133469,0.133469,0.133469,0.133469,0.133469,0.133469
static_ptq_tail_eager_layer,static_ptq_tail,eager,layer,cpu,prefill,gpu.layer.28.fp.total,1,1.471585,1.471585,1.471585,1.471585,1.471585,1.471585,1.471585
static_ptq_tail_eager_layer,static_ptq_tail,eager,layer,cpu,prefill,gpu.layer.29.fp.attention,1,0.743568,0.743568,0.743568,0.743568,0.743568,0.743568,0.743568
static_ptq_tail_eager_layer,static_ptq_tail,eager,layer,cpu,prefill,gpu.layer.29.fp.input_norm,1,0.130493,0.130493,0.130493,0.130493,0.130493,0.130493,0.130493
static_ptq_tail_eager_layer,static_ptq_tail,eager,layer,cpu,prefill,gpu.layer.29.fp.mlp,1,0.356313,0.356313,0.356313,0.356313,0.356313,0.356313,0.356313
static_ptq_tail_eager_layer,static_ptq_tail,eager,layer,cpu,prefill,gpu.layer.29.fp.post_attn_norm,1,0.138909,0.138909,0.138909,0.138909,0.138909,0.138909,0.138909
static_ptq_tail_eager_layer,static_ptq_tail,eager,layer,cpu,prefill,gpu.layer.29.fp.total,1,1.50976,1.50976,1.50976,1.50976,1.50976,1.50976,1.50976
static_ptq_tail_eager_layer,static_ptq_tail,eager,layer,cpu,prefill,gpu.layer.30.fp.attention,1,0.709265,0.709265,0.709265,0.709265,0.709265,0.709265,0.709265
static_ptq_tail_eager_layer,static_ptq_tail,eager,layer,cpu,prefill,gpu.layer.30.fp.input_norm,1,0.128254,0.128254,0.128254,0.128254,0.128254,0.128254,0.128254
static_ptq_tail_eager_layer,static_ptq_tail,eager,layer,cpu,prefill,gpu.layer.30.fp.mlp,1,0.346201,0.346201,0.346201,0.346201,0.346201,0.346201,0.346201
static_ptq_tail_eager_layer,static_ptq_tail,eager,layer,cpu,prefill,gpu.layer.30.fp.post_attn_norm,1,0.133821,0.133821,0.133821,0.133821,0.133821,0.133821,0.133821
static_ptq_tail_eager_layer,static_ptq_tail,eager,layer,cpu,prefill,gpu.layer.30.fp.total,1,1.457377,1.457377,1.457377,1.457377,1.457377,1.457377,1.457377
static_ptq_tail_eager_layer,static_ptq_tail,eager,layer,cpu,prefill,gpu.layer.31.fp.attention,1,0.718961,0.718961,0.718961,0.718961,0.718961,0.718961,0.718961
static_ptq_tail_eager_layer,static_ptq_tail,eager,layer,cpu,prefill,gpu.layer.31.fp.input_norm,1,0.13043,0.13043,0.13043,0.13043,0.13043,0.13043,0.13043
static_ptq_tail_eager_layer,static_ptq_tail,eager,layer,cpu,prefill,gpu.layer.31.fp.mlp,1,0.348088,0.348088,0.348088,0.348088,0.348088,0.348088,0.348088
static_ptq_tail_eager_layer,static_ptq_tail,eager,layer,cpu,prefill,gpu.layer.31.fp.post_attn_norm,1,0.136509,0.136509,0.136509,0.136509,0.136509,0.136509,0.136509
static_ptq_tail_eager_layer,static_ptq_tail,eager,layer,cpu,prefill,gpu.layer.31.fp.total,1,1.484161,1.484161,1.484161,1.484161,1.484161,1.484161,1.484161
static_ptq_tail_eager_layer,static_ptq_tail,eager,layer,cpu,prefill,gpu.layer.32.fp.attention,1,0.746192,0.746192,0.746192,0.746192,0.746192,0.746192,0.746192
static_ptq_tail_eager_layer,static_ptq_tail,eager,layer,cpu,prefill,gpu.layer.32.fp.input_norm,1,0.142461,0.142461,0.142461,0.142461,0.142461,0.142461,0.142461
static_ptq_tail_eager_layer,static_ptq_tail,eager,layer,cpu,prefill,gpu.layer.32.fp.mlp,1,0.35244,0.35244,0.35244,0.35244,0.35244,0.35244,0.35244
static_ptq_tail_eager_layer,static_ptq_tail,eager,layer,cpu,prefill,gpu.layer.32.fp.post_attn_norm,1,0.154429,0.154429,0.154429,0.154429,0.154429,0.154429,0.154429
static_ptq_tail_eager_layer,static_ptq_tail,eager,layer,cpu,prefill,gpu.layer.32.fp.total,1,1.541983,1.541983,1.541983,1.541983,1.541983,1.541983,1.541983
static_ptq_tail_eager_layer,static_ptq_tail,eager,layer,cpu,prefill,gpu.model_forward,1,50.483302,50.483302,50.483302,50.483302,50.483302,50.483302,50.483302
static_ptq_tail_eager_layer,static_ptq_tail,eager,layer,cpu,prefill,gpu.sample_postprocess,1,0.050655,0.050655,0.050655,0.050655,0.050655,0.050655,0.050655
static_ptq_tail_eager_layer,static_ptq_tail,eager,layer,cpu,prefill,gpu.sampler,1,0.424311,0.424311,0.424311,0.424311,0.424311,0.424311,0.424311
static_ptq_tail_eager_layer,static_ptq_tail,eager,layer,cpu,prefill,runtime.prepare_attn_metadata,1,0.260826,0.260826,0.260826,0.260826,0.260826,0.260826,0.260826
static_ptq_tail_eager_layer,static_ptq_tail,eager,layer,cpu,prefill,runtime.prepare_inputs,1,1.407682,1.407682,1.407682,1.407682,1.407682,1.407682,1.407682
static_ptq_tail_eager_layer,static_ptq_tail,eager,layer,cpu,prefill,runtime.preprocess_model_inputs,1,0.036095,0.036095,0.036095,0.036095,0.036095,0.036095,0.036095
static_ptq_tail_eager_layer,static_ptq_tail,eager,layer,cpu,prefill,runtime.slot_mappings,1,0.052799,0.052799,0.052799,0.052799,0.052799,0.052799,0.052799
static_ptq_tail_eager_layer,static_ptq_tail,eager,layer,cpu,request,cpu.request.engine_preprocess,1,0.042623,0.042623,0.042623,0.042623,0.042623,0.042623,0.042623
static_ptq_tail_eager_layer,static_ptq_tail,eager,layer,cpu,request,cpu.request.input_processing,1,0.923052,0.923052,0.923052,0.923052,0.923052,0.923052,0.923052
static_ptq_tail_eager_layer,static_ptq_tail,eager,layer,cpu,unknown,cpu.scheduler.schedule,33,4.33146,0.13125636363636364,0.130813,0.1424418,0.1529122,0.080415,0.155165
static_ptq_tail_eager_layer,static_ptq_tail,eager,layer,gpu,decode,gpu.compute_logits,31,188.35289669036865,6.075899893237699,6.006080150604248,6.332352161407471,6.999359989166259,5.869056224822998,7.254623889923096
static_ptq_tail_eager_layer,static_ptq_tail,eager,layer,gpu,decode,gpu.layer.01.fp.attention,31,17.16889601945877,0.5538353554664119,0.5390719771385193,0.5976960062980652,0.6678335905075072,0.5343999862670898,0.6905279755592346
static_ptq_tail_eager_layer,static_ptq_tail,eager,layer,gpu,decode,gpu.layer.01.fp.input_norm,31,0.20991999888792634,0.006771612867352462,0.006304000038653612,0.008320000022649765,0.009030399937182665,0.005696000065654516,0.009279999881982803
static_ptq_tail_eager_layer,static_ptq_tail,eager,layer,gpu,decode,gpu.layer.01.fp.mlp,31,64.68563199043274,2.0866332900139595,2.0403199195861816,2.2389440536499023,2.481900858879089,2.0346879959106445,2.5772480964660645
static_ptq_tail_eager_layer,static_ptq_tail,eager,layer,gpu,decode,gpu.layer.01.fp.post_attn_norm,31,0.2398079987615347,0.0077357418955333775,0.007327999919652939,0.009472000412642956,0.010265599749982356,0.0066559999249875546,0.010495999827980995
static_ptq_tail_eager_layer,static_ptq_tail,eager,layer,gpu,decode,gpu.layer.01.fp.total,31,82.44979238510132,2.6596707221000426,2.5967679023742676,2.8580799102783203,3.174662399291992,2.5873279571533203,3.2933759689331055
static_ptq_tail_eager_layer,static_ptq_tail,eager,layer,gpu,decode,gpu.layer.02.fp.attention,31,17.199680149555206,0.5548283919211356,0.5377600193023682,0.6080319881439209,0.666451209783554,0.5325440168380737,0.6909120082855225
static_ptq_tail_eager_layer,static_ptq_tail,eager,layer,gpu,decode,gpu.layer.02.fp.input_norm,31,0.25974399875849485,0.008378838669628866,0.00800000037997961,0.010015999898314476,0.010489599965512752,0.007391999941319227,0.010623999871313572
static_ptq_tail_eager_layer,static_ptq_tail,eager,layer,gpu,decode,gpu.layer.02.fp.mlp,31,64.98403215408325,2.096259101744621,2.039776086807251,2.24783992767334,2.48578565120697,2.0324161052703857,2.585184097290039
static_ptq_tail_eager_layer,static_ptq_tail,eager,layer,gpu,decode,gpu.layer.02.fp.post_attn_norm,31,0.24131199903786182,0.007784258033479413,0.007360000163316727,0.009247999638319016,0.009951999876648188,0.006688000168651342,0.010143999941647053
static_ptq_tail_eager_layer,static_ptq_tail,eager,layer,gpu,decode,gpu.layer.02.fp.total,31,82.83900785446167,2.672226059821344,2.5959360599517822,2.8816959857940674,3.177689671516418,2.5881600379943848,3.302432060241699
static_ptq_tail_eager_layer,static_ptq_tail,eager,layer,gpu,decode,gpu.layer.03.fp.attention,31,17.26668804883957,0.556989937059341,0.5390719771385193,0.6117439866065979,0.6673727810382842,0.5338240265846252,0.6908159852027893
static_ptq_tail_eager_layer,static_ptq_tail,eager,layer,gpu,decode,gpu.layer.03.fp.input_norm,31,0.27635200042277575,0.008914580658799218,0.008415999822318554,0.010591999627649784,0.01102400030940771,0.007712000049650669,0.011168000288307667
static_ptq_tail_eager_layer,static_ptq_tail,eager,layer,gpu,decode,gpu.layer.03.fp.mlp,31,65.0435836315155,2.0981801171456613,2.042912006378174,2.250591993331909,2.4742336511611938,2.0347518920898438,2.5671041011810303
static_ptq_tail_eager_layer,static_ptq_tail,eager,layer,gpu,decode,gpu.layer.03.fp.post_attn_norm,31,0.24137600045651197,0.007786322595371354,0.007327999919652939,0.009568000212311745,0.009779199864715338,0.006624000146985054,0.009855999611318111
static_ptq_tail_eager_layer,static_ptq_tail,eager,layer,gpu,decode,gpu.layer.03.fp.total,31,82.9836802482605,2.6768929112342095,2.603231906890869,2.8857920169830322,3.1679615736007687,2.5893120765686035,3.284832000732422
static_ptq_tail_eager_layer,static_ptq_tail,eager,layer,gpu,decode,gpu.layer.04.fp.input_norm,31,0.2600639993324876,0.008389161268789922,0.008063999935984612,0.010015999898314476,0.010371199995279311,0.007327999919652939,0.010495999827980995
static_ptq_tail_eager_layer,static_ptq_tail,eager,layer,gpu,decode,gpu.layer.04.fp.post_attn_norm,31,0.2585280002094805,0.008339612909983243,0.007935999892652035,0.009952000342309475,0.010364799946546554,0.00723200011998415,0.010528000071644783
static_ptq_tail_eager_layer,static_ptq_tail,eager,layer,gpu,decode,gpu.layer.04.ptq.attention,31,7.4047359973192215,0.2388624515264265,0.22310400009155273,0.2839359939098358,0.30629440546035763,0.21587200462818146,0.31561601161956787
static_ptq_tail_eager_layer,static_ptq_tail,eager,layer,gpu,decode,gpu.layer.04.ptq.mlp,31,22.851487815380096,0.7371447682380676,0.681439995765686,0.8787519931793213,0.9628672003746032,0.6657919883728027,0.9982720017433167
static_ptq_tail_eager_layer,static_ptq_tail,eager,layer,gpu,decode,gpu.layer.04.ptq.total,31,30.926175951957703,0.9976185790954097,0.9243199825286865,1.1869759559631348,1.2954559922218323,0.9018239974975586,1.3407679796218872
static_ptq_tail_eager_layer,static_ptq_tail,eager,layer,gpu,decode,gpu.layer.05.fp.input_norm,31,0.2459840001538396,0.007934967746898051,0.007455999962985516,0.009503999724984169,0.009715200029313564,0.006976000033318996,0.00979200005531311
static_ptq_tail_eager_layer,static_ptq_tail,eager,layer,gpu,decode,gpu.layer.05.fp.post_attn_norm,31,0.24252800038084388,0.007823483883253029,0.007296000141650438,0.009472000412642956,0.009795199986547232,0.006496000103652477,0.009920000098645687
static_ptq_tail_eager_layer,static_ptq_tail,eager,layer,gpu,decode,gpu.layer.05.ptq.attention,31,7.315744042396545,0.23599174330311437,0.2208320051431656,0.27804800868034363,0.30119040012359616,0.213919997215271,0.3104639947414398
static_ptq_tail_eager_layer,static_ptq_tail,eager,layer,gpu,decode,gpu.layer.05.ptq.mlp,31,22.87088006734848,0.7377703247531768,0.6816959977149963,0.8812159895896912,0.9605696141719817,0.6648960113525391,0.9933440089225769
static_ptq_tail_eager_layer,static_ptq_tail,eager,layer,gpu,decode,gpu.layer.05.ptq.total,31,30.829695999622345,0.9945063225684627,0.9215360283851624,1.183840036392212,1.2863776445388793,0.8992000222206116,1.3291840553283691
static_ptq_tail_eager_layer,static_ptq_tail,eager,layer,gpu,decode,gpu.layer.06.fp.input_norm,31,0.244096000213176,0.007874064523005677,0.007455999962985516,0.009440000168979168,0.009907200187444686,0.006335999816656113,0.010080000385642052
static_ptq_tail_eager_layer,static_ptq_tail,eager,layer,gpu,decode,gpu.layer.06.fp.post_attn_norm,31,0.28611200163140893,0.009229419407464804,0.007040000054985285,0.009535999968647957,0.043513600714504684,0.006335999816656113,0.0578560009598732
static_ptq_tail_eager_layer,static_ptq_tail,eager,layer,gpu,decode,gpu.layer.06.ptq.attention,31,7.254912003874779,0.23402941947983158,0.21740800142288208,0.2770240008831024,0.2993504077196121,0.21110400557518005,0.30819201469421387
static_ptq_tail_eager_layer,static_ptq_tail,eager,layer,gpu,decode,gpu.layer.06.ptq.mlp,31,23.18201583623886,0.7478069624593181,0.7034239768981934,0.8808959722518921,0.9626816093921661,0.6710399985313416,0.9961280226707458
static_ptq_tail_eager_layer,static_ptq_tail,eager,layer,gpu,decode,gpu.layer.06.ptq.total,31,31.179615795612335,1.0057940579229785,0.9463040232658386,1.1819519996643066,1.286851179599762,0.9020799994468689,1.3302719593048096
static_ptq_tail_eager_layer,static_ptq_tail,eager,layer,gpu,decode,gpu.layer.07.fp.input_norm,31,0.23574399994686246,0.007604645159576208,0.007071999832987785,0.009472000412642956,0.009759999718517065,0.006271999794989824,0.009855999611318111
static_ptq_tail_eager_layer,static_ptq_tail,eager,layer,gpu,decode,gpu.layer.07.fp.post_attn_norm,31,1.713503997772932,0.055274322508804256,0.03862399980425835,0.10976000130176544,0.11337599903345108,0.006688000168651342,0.11337599903345108
static_ptq_tail_eager_layer,static_ptq_tail,eager,layer,gpu,decode,gpu.layer.07.ptq.attention,31,9.945663958787918,0.32082786963831994,0.2763519883155823,0.37702399492263794,0.961683177947998,0.2088640034198761,0.9917119741439819
static_ptq_tail_eager_layer,static_ptq_tail,eager,layer,gpu,decode,gpu.layer.07.ptq.mlp,31,25.372992157936096,0.8184836179979386,0.810912013053894,0.8798080086708069,0.9640320181846618,0.6671040058135986,0.9959040284156799
static_ptq_tail_eager_layer,static_ptq_tail,eager,layer,gpu,decode,gpu.layer.07.ptq.total,31,38.97606360912323,1.2572923744878461,1.1805440187454224,1.4502719640731812,2.02589111328125,0.8957759737968445,2.070175886154175
static_ptq_tail_eager_layer,static_ptq_tail,eager,layer,gpu,decode,gpu.layer.08.fp.input_norm,31,0.25136000104248524,0.00810838713040275,0.007584000006318092,0.010048000141978264,0.01057280022650957,0.00687999976798892,0.010784000158309937
static_ptq_tail_eager_layer,static_ptq_tail,eager,layer,gpu,decode,gpu.layer.08.fp.post_attn_norm,31,2.489407998044044,0.08030348380787238,0.10719999670982361,0.1122559979557991,0.12587199807167052,0.006527999881654978,0.12783999741077423
static_ptq_tail_eager_layer,static_ptq_tail,eager,layer,gpu,decode,gpu.layer.08.ptq.attention,31,21.942016124725342,0.7078069717653336,0.9107840061187744,0.9641280174255371,0.9950144112110137,0.21331200003623962,0.9966080188751221
static_ptq_tail_eager_layer,static_ptq_tail,eager,layer,gpu,decode,gpu.layer.08.ptq.mlp,31,26.0446720123291,0.8401507100751323,0.8197119832038879,0.9371200203895569,1.016115176677704,0.6618239879608154,1.019935965538025
static_ptq_tail_eager_layer,static_ptq_tail,eager,layer,gpu,decode,gpu.layer.08.ptq.total,31,53.52652829885483,1.7266622031888654,1.9703680276870728,2.026047945022583,2.055590510368347,0.8937280178070068,2.058720111846924
static_ptq_tail_eager_layer,static_ptq_tail,eager,layer,gpu,decode,gpu.layer.09.fp.input_norm,31,0.23763199942186475,0.00766554836844725,0.0071680000983178616,0.009472000412642956,0.009814400132745505,0.006719999946653843,0.009920000098645687
static_ptq_tail_eager_layer,static_ptq_tail,eager,layer,gpu,decode,gpu.layer.09.fp.post_attn_norm,31,2.7031680000945926,0.08719896774498685,0.10768000036478043,0.11190400272607803,0.1177600011229515,0.006591999903321266,0.11977600306272507
static_ptq_tail_eager_layer,static_ptq_tail,eager,layer,gpu,decode,gpu.layer.09.ptq.attention,31,23.664895981550217,0.7633837413403296,0.9310399889945984,0.9604160189628601,0.9791935920715332,0.21068799495697021,0.982591986656189
static_ptq_tail_eager_layer,static_ptq_tail,eager,layer,gpu,decode,gpu.layer.09.ptq.mlp,31,26.221216082572937,0.845845680082998,0.8127040266990662,1.012384057044983,1.0182399868965148,0.6557120084762573,1.0185279846191406
static_ptq_tail_eager_layer,static_ptq_tail,eager,layer,gpu,decode,gpu.layer.09.ptq.total,31,55.983616054058075,1.8059230985180024,1.9880319833755493,2.0345280170440674,2.0636128425598144,0.8855999708175659,2.0746240615844727
static_ptq_tail_eager_layer,static_ptq_tail,eager,layer,gpu,decode,gpu.layer.10.fp.input_norm,31,0.23423999920487404,0.00755612900660884,0.007007999811321497,0.00902399979531765,0.009760000184178351,0.006591999903321266,0.010048000141978264
static_ptq_tail_eager_layer,static_ptq_tail,eager,layer,gpu,decode,gpu.layer.10.fp.post_attn_norm,31,2.9037440130487084,0.09366916171124866,0.1090880036354065,0.11267200112342834,0.11979519948363304,0.00684799998998642,0.12111999839544296
static_ptq_tail_eager_layer,static_ptq_tail,eager,layer,gpu,decode,gpu.layer.10.ptq.attention,31,24.332639917731285,0.7849238683139125,0.9301120042800903,0.9647039771080017,0.9968415915966033,0.21238400042057037,0.9992319941520691
static_ptq_tail_eager_layer,static_ptq_tail,eager,layer,gpu,decode,gpu.layer.10.ptq.mlp,31,26.999967992305756,0.870966709429218,0.8268479704856873,1.0245120525360107,1.0280128121376038,0.6679679751396179,1.029088020324707
static_ptq_tail_eager_layer,static_ptq_tail,eager,layer,gpu,decode,gpu.layer.10.ptq.total,31,57.81558418273926,1.8650188446044922,2.013983964920044,2.039520025253296,2.0760864496231077,0.8988800048828125,2.0874240398406982
static_ptq_tail_eager_layer,static_ptq_tail,eager,layer,gpu,decode,gpu.layer.11.fp.input_norm,31,0.24643200123682618,0.007949419394736328,0.007552000228315592,0.009568000212311745,0.009696000255644321,0.00684799998998642,0.009696000255644321
static_ptq_tail_eager_layer,static_ptq_tail,eager,layer,gpu,decode,gpu.layer.11.fp.post_attn_norm,31,3.0751679777167737,0.09919896702312174,0.10864000022411346,0.11148799955844879,0.117654400318861,0.006912000011652708,0.11958400160074234
static_ptq_tail_eager_layer,static_ptq_tail,eager,layer,gpu,decode,gpu.layer.11.ptq.attention,31,25.261983960866928,0.8149027084150622,0.9101439714431763,0.944383978843689,0.966515189409256,0.20771199464797974,0.9666879773139954
static_ptq_tail_eager_layer,static_ptq_tail,eager,layer,gpu,decode,gpu.layer.11.ptq.mlp,31,26.640928208827972,0.8593847809299346,0.8158400058746338,1.0099519491195679,1.0273759961128235,0.6608960032463074,1.0321279764175415
static_ptq_tail_eager_layer,static_ptq_tail,eager,layer,gpu,decode,gpu.layer.11.ptq.total,31,58.5098237991333,1.887413670939784,1.9701119661331177,2.017983913421631,2.060342311859131,0.8877760171890259,2.0689918994903564
static_ptq_tail_eager_layer,static_ptq_tail,eager,layer,gpu,decode,gpu.layer.12.fp.input_norm,31,0.2305599986575544,0.007437419311534013,0.007104000076651573,0.00863999966531992,0.008985599689185619,0.006432000081986189,0.009119999594986439
static_ptq_tail_eager_layer,static_ptq_tail,eager,layer,gpu,decode,gpu.layer.12.fp.post_attn_norm,31,3.1079999934881926,0.10025806430607073,0.10924799740314484,0.11158400028944016,0.12144639939069747,0.006976000033318996,0.12323199957609177
static_ptq_tail_eager_layer,static_ptq_tail,eager,layer,gpu,decode,gpu.layer.12.ptq.attention,31,25.588576018810272,0.825437936090654,0.9240000247955322,0.9621440172195435,0.9936864018440247,0.21065600216388702,1.0036799907684326
static_ptq_tail_eager_layer,static_ptq_tail,eager,layer,gpu,decode,gpu.layer.12.ptq.mlp,31,26.36031985282898,0.8503328984783541,0.8091520071029663,0.993183970451355,1.0236640214920043,0.648639976978302,1.024672031402588
static_ptq_tail_eager_layer,static_ptq_tail,eager,layer,gpu,decode,gpu.layer.12.ptq.total,31,58.7117440700531,1.8939272280662292,1.9813120365142822,2.0216639041900635,2.0498560667037964,0.8784319758415222,2.0566720962524414
static_ptq_tail_eager_layer,static_ptq_tail,eager,layer,gpu,decode,gpu.layer.13.fp.input_norm,31,0.2302720001898706,0.007428129038382922,0.007104000076651573,0.008608000352978706,0.00895679984241724,0.006719999946653843,0.00902399979531765
static_ptq_tail_eager_layer,static_ptq_tail,eager,layer,gpu,decode,gpu.layer.13.fp.post_attn_norm,31,3.0925760185346007,0.0997605167269226,0.10809600353240967,0.11363200098276138,0.1185279980301857,0.007135999854654074,0.1189119964838028
static_ptq_tail_eager_layer,static_ptq_tail,eager,layer,gpu,decode,gpu.layer.13.ptq.attention,31,27.3891841173172,0.8835220683005548,0.9380159974098206,1.0542720556259155,1.4893216252326962,0.20822399854660034,1.6682560443878174
static_ptq_tail_eager_layer,static_ptq_tail,eager,layer,gpu,decode,gpu.layer.13.ptq.mlp,31,26.186784029006958,0.8447349686776439,0.814848005771637,0.9631040096282959,1.0198336243629456,0.6582080125808716,1.0205440521240234
static_ptq_tail_eager_layer,static_ptq_tail,eager,layer,gpu,decode,gpu.layer.13.ptq.total,31,60.56703960895538,1.9537754712566253,2.0032639503479004,2.142303943634033,2.659411191940307,0.8855360150337219,2.8621439933776855
static_ptq_tail_eager_layer,static_ptq_tail,eager,layer,gpu,decode,gpu.layer.14.fp.input_norm,31,0.2267520003952086,0.007314580657909955,0.007071999832987785,0.008224000222980976,0.009187200106680393,0.0063680000603199005,0.009216000325977802
static_ptq_tail_eager_layer,static_ptq_tail,eager,layer,gpu,decode,gpu.layer.14.fp.post_attn_norm,31,3.1295039849355817,0.10095174144953489,0.10911999642848969,0.11910399794578552,0.12499199733138085,0.008224000222980976,0.12566399574279785
static_ptq_tail_eager_layer,static_ptq_tail,eager,layer,gpu,decode,gpu.layer.14.ptq.attention,31,26.160288020968437,0.8438802587409173,0.9245759844779968,0.9524480104446411,1.0026591897010804,0.20844799280166626,1.013535976409912
static_ptq_tail_eager_layer,static_ptq_tail,eager,layer,gpu,decode,gpu.layer.14.ptq.mlp,31,26.181631982326508,0.8445687736234357,0.8251199722290039,0.9426239728927612,1.0261888027191162,0.672544002532959,1.0268800258636475
static_ptq_tail_eager_layer,static_ptq_tail,eager,layer,gpu,decode,gpu.layer.14.ptq.total,31,59.07094395160675,1.9055143210195726,2.0016000270843506,2.05132794380188,2.0707520484924316,0.9006080031394958,2.077280044555664
static_ptq_tail_eager_layer,static_ptq_tail,eager,layer,gpu,decode,gpu.layer.15.fp.input_norm,31,0.22799999872222543,0.007354838668458884,0.007135999854654074,0.008224000222980976,0.008991999551653862,0.006463999859988689,0.008991999551653862
static_ptq_tail_eager_layer,static_ptq_tail,eager,layer,gpu,decode,gpu.layer.15.fp.post_attn_norm,31,3.1850879807025194,0.10274477357104901,0.10860799998044968,0.11404799669981003,0.11911039873957634,0.007071999832987785,0.12118399888277054
static_ptq_tail_eager_layer,static_ptq_tail,eager,layer,gpu,decode,gpu.layer.15.ptq.attention,31,26.39510405063629,0.8514549693753642,0.9285439848899841,0.9511359930038452,0.9560767889022828,0.20924800634384155,0.9567679762840271
static_ptq_tail_eager_layer,static_ptq_tail,eager,layer,gpu,decode,gpu.layer.15.ptq.mlp,31,25.65945601463318,0.8277243875688122,0.7968959808349609,0.9373440146446228,1.0260512471199035,0.6531519889831543,1.0281920433044434
static_ptq_tail_eager_layer,static_ptq_tail,eager,layer,gpu,decode,gpu.layer.15.ptq.total,31,58.81462377309799,1.8972459281644514,1.967136025428772,2.010848045349121,2.037718319892883,0.8812159895896912,2.0469439029693604
static_ptq_tail_eager_layer,static_ptq_tail,eager,layer,gpu,decode,gpu.layer.16.fp.input_norm,31,0.22412799997255206,0.007229935482985551,0.006943999789655209,0.008448000065982342,0.009056000038981438,0.006432000081986189,0.009056000038981438
static_ptq_tail_eager_layer,static_ptq_tail,eager,layer,gpu,decode,gpu.layer.16.fp.post_attn_norm,31,3.229663997888565,0.10418270960930855,0.10864000022411346,0.12083200365304947,0.12867199629545212,0.006624000146985054,0.13155199587345123
static_ptq_tail_eager_layer,static_ptq_tail,eager,layer,gpu,decode,gpu.layer.16.ptq.attention,31,26.763583928346634,0.8633414170434398,0.9265279769897461,0.9567360281944275,0.9751583933830261,0.20771199464797974,0.9786239862442017
static_ptq_tail_eager_layer,static_ptq_tail,eager,layer,gpu,decode,gpu.layer.16.ptq.mlp,31,25.612576067447662,0.8262121312079891,0.8022080063819885,0.9364479780197144,1.0185408115386962,0.6556800007820129,1.0192320346832275
static_ptq_tail_eager_layer,static_ptq_tail,eager,layer,gpu,decode,gpu.layer.16.ptq.total,31,59.33900785446167,1.9141615436923118,1.9836479425430298,2.040735960006714,2.0475199222564697,0.8832640051841736,2.0488638877868652
static_ptq_tail_eager_layer,static_ptq_tail,eager,layer,gpu,decode,gpu.layer.17.fp.input_norm,31,0.2233279994688928,0.0072041290151255745,0.006976000033318996,0.008352000266313553,0.009100799728184939,0.006399999838322401,0.009119999594986439
static_ptq_tail_eager_layer,static_ptq_tail,eager,layer,gpu,decode,gpu.layer.17.fp.post_attn_norm,31,3.16819200059399,0.10219974195464485,0.10838399827480316,0.11151999980211258,0.11717119961977004,0.007007999811321497,0.11840000003576279
static_ptq_tail_eager_layer,static_ptq_tail,eager,layer,gpu,decode,gpu.layer.17.ptq.attention,31,26.63260793685913,0.859116385059972,0.923520028591156,0.9473599791526794,0.9649600028991699,0.206496000289917,0.9663040041923523
static_ptq_tail_eager_layer,static_ptq_tail,eager,layer,gpu,decode,gpu.layer.17.ptq.mlp,31,25.396160006523132,0.8192309679523591,0.7913920283317566,0.934112012386322,1.0171520352363586,0.6503360271453857,1.0178240537643433
static_ptq_tail_eager_layer,static_ptq_tail,eager,layer,gpu,decode,gpu.layer.17.ptq.total,31,58.95516836643219,1.901779624723619,1.9690239429473877,2.0029120445251465,2.0280640363693236,0.8761919736862183,2.0374720096588135
static_ptq_tail_eager_layer,static_ptq_tail,eager,layer,gpu,decode,gpu.layer.18.fp.input_norm,31,0.22217599907889962,0.007166967712222568,0.006943999789655209,0.008352000266313553,0.009091199655085803,0.006399999838322401,0.009119999594986439
static_ptq_tail_eager_layer,static_ptq_tail,eager,layer,gpu,decode,gpu.layer.18.fp.post_attn_norm,31,3.1555199893191457,0.1017909673973918,0.10815999656915665,0.11049599945545197,0.11446079909801483,0.006976000033318996,0.11510399729013443
static_ptq_tail_eager_layer,static_ptq_tail,eager,layer,gpu,decode,gpu.layer.18.ptq.attention,31,26.8415999263525,0.8658580621404033,0.9284480214118958,0.9580159783363342,0.9839103877544403,0.20713600516319275,0.9867519736289978
static_ptq_tail_eager_layer,static_ptq_tail,eager,layer,gpu,decode,gpu.layer.18.ptq.mlp,31,25.42927986383438,0.8202993504462703,0.7931839823722839,0.9311360120773315,1.0166207551956177,0.6482560038566589,1.01692795753479
static_ptq_tail_eager_layer,static_ptq_tail,eager,layer,gpu,decode,gpu.layer.18.ptq.total,31,59.29526335000992,1.9127504306454812,1.9746559858322144,2.0112318992614746,2.0941919088363647,0.8762879967689514,2.1235198974609375
static_ptq_tail_eager_layer,static_ptq_tail,eager,layer,gpu,decode,gpu.layer.19.fp.input_norm,31,0.22975999908521771,0.0074116128737167,0.006912000011652708,0.008448000065982342,0.013388799782842393,0.006175999995321035,0.015231999568641186
static_ptq_tail_eager_layer,static_ptq_tail,eager,layer,gpu,decode,gpu.layer.19.fp.post_attn_norm,31,3.1297919978387654,0.10096103218834727,0.10684800148010254,0.10966400057077408,0.11547839865088462,0.006816000211983919,0.11721599847078323
static_ptq_tail_eager_layer,static_ptq_tail,eager,layer,gpu,decode,gpu.layer.19.ptq.attention,31,26.376256078481674,0.8508469702736023,0.9234560132026672,0.9375360012054443,0.9556800127029419,0.20608000457286835,0.9564480185508728
static_ptq_tail_eager_layer,static_ptq_tail,eager,layer,gpu,decode,gpu.layer.19.ptq.mlp,31,25.524480044841766,0.8233703240271537,0.7952640056610107,0.9361280202865601,1.016591989994049,0.6543999910354614,1.0183680057525635
static_ptq_tail_eager_layer,static_ptq_tail,eager,layer,gpu,decode,gpu.layer.19.ptq.total,31,58.9576957821846,1.9018611542640194,1.9676799774169922,2.0038399696350098,2.0170143365859987,0.8785920143127441,2.0185599327087402
static_ptq_tail_eager_layer,static_ptq_tail,eager,layer,gpu,decode,gpu.layer.20.fp.input_norm,31,0.22255999874323606,0.007179354798168906,0.00687999976798892,0.008287999778985977,0.009119999594986439,0.006335999816656113,0.009119999594986439
static_ptq_tail_eager_layer,static_ptq_tail,eager,layer,gpu,decode,gpu.layer.20.fp.post_attn_norm,31,3.2052799756638706,0.10339612824722164,0.10844799876213074,0.11407999694347382,0.12513599619269372,0.006752000190317631,0.12547199428081512
static_ptq_tail_eager_layer,static_ptq_tail,eager,layer,gpu,decode,gpu.layer.20.ptq.attention,31,27.551232114434242,0.8887494230462659,0.9178239703178406,1.0543040037155151,1.1265088438987731,0.20694400370121002,1.1293120384216309
static_ptq_tail_eager_layer,static_ptq_tail,eager,layer,gpu,decode,gpu.layer.20.ptq.mlp,31,25.640384078025818,0.8271091638072845,0.8075199723243713,0.94377601146698,1.0227871775627135,0.6543359756469727,1.0242559909820557
static_ptq_tail_eager_layer,static_ptq_tail,eager,layer,gpu,decode,gpu.layer.20.ptq.total,31,60.431231677532196,1.949394570242974,1.972864031791687,2.1136960983276367,2.412816047668457,0.8801599740982056,2.4912960529327393
static_ptq_tail_eager_layer,static_ptq_tail,eager,layer,gpu,decode,gpu.layer.21.fp.input_norm,31,0.2565759988501668,0.00827664512419893,0.007615999784320593,0.009216000325977802,0.017868799250572914,0.00687999976798892,0.02067199908196926
static_ptq_tail_eager_layer,static_ptq_tail,eager,layer,gpu,decode,gpu.layer.21.fp.post_attn_norm,31,3.1487679919227958,0.1015731610297676,0.10707200318574905,0.11055999994277954,0.12081600055098533,0.006719999946653843,0.12163200229406357
static_ptq_tail_eager_layer,static_ptq_tail,eager,layer,gpu,decode,gpu.layer.21.ptq.attention,31,26.42832000553608,0.8525264517914865,0.9197760224342346,0.9485440254211426,0.9645280122756958,0.20921599864959717,0.9676480293273926
static_ptq_tail_eager_layer,static_ptq_tail,eager,layer,gpu,decode,gpu.layer.21.ptq.mlp,31,25.51577603816986,0.8230895496183827,0.7947199940681458,0.9323199987411499,1.0189599633216857,0.6502400040626526,1.0191999673843384
static_ptq_tail_eager_layer,static_ptq_tail,eager,layer,gpu,decode,gpu.layer.21.ptq.total,31,58.93571239709854,1.9011520128096304,1.9692480564117432,1.9942400455474854,2.0373792171478273,0.8798720240592957,2.0427839756011963
static_ptq_tail_eager_layer,static_ptq_tail,eager,layer,gpu,decode,gpu.layer.22.fp.input_norm,31,0.22438399959355593,0.0072381935352759975,0.007007999811321497,0.008383999578654766,0.009158400166779757,0.006335999816656113,0.009216000325977802
static_ptq_tail_eager_layer,static_ptq_tail,eager,layer,gpu,decode,gpu.layer.22.fp.post_attn_norm,31,3.2153599839657545,0.10372128980534692,0.10822399705648422,0.11628799885511398,0.1250880017876625,0.00687999976798892,0.12748800218105316
static_ptq_tail_eager_layer,static_ptq_tail,eager,layer,gpu,decode,gpu.layer.22.ptq.attention,31,26.37491202354431,0.8508036136627197,0.9113919734954834,0.9514560103416443,0.9737440049648285,0.2088319957256317,0.9827200174331665
static_ptq_tail_eager_layer,static_ptq_tail,eager,layer,gpu,decode,gpu.layer.22.ptq.mlp,31,25.559327840805054,0.8244944464775824,0.7967680096626282,0.9342079758644104,1.010857594013214,0.651423990726471,1.0121920108795166
static_ptq_tail_eager_layer,static_ptq_tail,eager,layer,gpu,decode,gpu.layer.22.ptq.total,31,58.882368087768555,1.8994312286376953,1.9633280038833618,2.0051519870758057,2.0545888423919676,0.879040002822876,2.070784091949463
static_ptq_tail_eager_layer,static_ptq_tail,eager,layer,gpu,decode,gpu.layer.23.fp.input_norm,31,0.22313599986955523,0.007197935479663072,0.00687999976798892,0.008383999578654766,0.008995199762284755,0.006560000125318766,0.009119999594986439
static_ptq_tail_eager_layer,static_ptq_tail,eager,layer,gpu,decode,gpu.layer.23.fp.post_attn_norm,31,3.1595199983567,0.10191999994699032,0.10764800012111664,0.11059200018644333,0.1194848008453846,0.006943999789655209,0.11955200135707855
static_ptq_tail_eager_layer,static_ptq_tail,eager,layer,gpu,decode,gpu.layer.23.ptq.attention,31,26.561343863606453,0.8568175439873049,0.9259840250015259,0.9727039933204651,0.9871903955936432,0.2078399956226349,0.9902719855308533
static_ptq_tail_eager_layer,static_ptq_tail,eager,layer,gpu,decode,gpu.layer.23.ptq.mlp,31,25.772352159023285,0.8313661986781705,0.8018239736557007,0.9416319727897644,1.013308835029602,0.6593279838562012,1.014240026473999
static_ptq_tail_eager_layer,static_ptq_tail,eager,layer,gpu,decode,gpu.layer.23.ptq.total,31,59.43817627429962,1.917360524977407,1.9746880531311035,2.028736114501953,2.0633727312088013,0.8855040073394775,2.065023899078369
static_ptq_tail_eager_layer,static_ptq_tail,eager,layer,gpu,decode,gpu.layer.24.fp.input_norm,31,0.2495999988168478,0.008051612865059607,0.00774399982765317,0.009503999724984169,0.010009600035846233,0.006976000033318996,0.010143999941647053
static_ptq_tail_eager_layer,static_ptq_tail,eager,layer,gpu,decode,gpu.layer.24.fp.post_attn_norm,31,3.1761599886231124,0.10245677382655201,0.10822399705648422,0.11177600175142288,0.11938880011439323,0.006624000146985054,0.11955200135707855
static_ptq_tail_eager_layer,static_ptq_tail,eager,layer,gpu,decode,gpu.layer.24.ptq.attention,31,26.413823932409286,0.8520588365293318,0.9186239838600159,0.9550719857215881,0.9806591868400574,0.2069759964942932,0.9847679734230042
static_ptq_tail_eager_layer,static_ptq_tail,eager,layer,gpu,decode,gpu.layer.24.ptq.mlp,31,25.926112055778503,0.8363261953476937,0.8055359721183777,0.9383999705314636,1.021939218044281,0.6596159934997559,1.0224000215530396
static_ptq_tail_eager_layer,static_ptq_tail,eager,layer,gpu,decode,gpu.layer.24.ptq.total,31,59.29244810342789,1.9126596162396092,1.978592038154602,2.0399999618530273,2.0443968057632445,0.88755202293396,2.0445120334625244
static_ptq_tail_eager_layer,static_ptq_tail,eager,layer,gpu,decode,gpu.layer.25.fp.input_norm,31,0.2255360004492104,0.007275354853200335,0.00684799998998642,0.009056000038981438,0.00921919969841838,0.006399999838322401,0.009247999638319016
static_ptq_tail_eager_layer,static_ptq_tail,eager,layer,gpu,decode,gpu.layer.25.fp.post_attn_norm,31,3.1422719950787723,0.10136361274447653,0.10732799768447876,0.1098560020327568,0.12129920125007629,0.006591999903321266,0.1255040019750595
static_ptq_tail_eager_layer,static_ptq_tail,eager,layer,gpu,decode,gpu.layer.25.ptq.attention,31,26.25273595750332,0.8468624502420425,0.9145600199699402,0.9416000247001648,0.9579455852508545,0.206496000289917,0.9585599899291992
static_ptq_tail_eager_layer,static_ptq_tail,eager,layer,gpu,decode,gpu.layer.25.ptq.mlp,31,25.8092799782753,0.8325574186540419,0.8065599799156189,0.9352959990501404,1.0160671949386597,0.6581439971923828,1.0173439979553223
static_ptq_tail_eager_layer,static_ptq_tail,eager,layer,gpu,decode,gpu.layer.25.ptq.total,31,58.92256027460098,1.90072775079358,1.9723520278930664,2.0076160430908203,2.021664047241211,0.8841279745101929,2.023776054382324
static_ptq_tail_eager_layer,static_ptq_tail,eager,layer,gpu,decode,gpu.layer.26.fp.input_norm,31,0.2239999989978969,0.007225806419286997,0.006912000011652708,0.008576000109314919,0.00912319989874959,0.006432000081986189,0.009151999838650227
static_ptq_tail_eager_layer,static_ptq_tail,eager,layer,gpu,decode,gpu.layer.26.fp.post_attn_norm,31,3.1382080260664225,0.1012325169698846,0.10742399841547012,0.11273600161075592,0.1194688007235527,0.007135999854654074,0.11958400160074234
static_ptq_tail_eager_layer,static_ptq_tail,eager,layer,gpu,decode,gpu.layer.26.ptq.attention,31,26.14515207707882,0.8433920024864136,0.9069759845733643,0.9529280066490173,0.9738239943981171,0.20787200331687927,0.9749760031700134
static_ptq_tail_eager_layer,static_ptq_tail,eager,layer,gpu,decode,gpu.layer.26.ptq.mlp,31,25.734751999378204,0.8301532903025227,0.7964800000190735,0.9508799910545349,1.0204000115394591,0.6526719927787781,1.0237120389938354
static_ptq_tail_eager_layer,static_ptq_tail,eager,layer,gpu,decode,gpu.layer.26.ptq.total,31,58.68188762664795,1.8929641169886435,1.96288001537323,1.9881919622421265,2.0337791204452516,0.8798720240592957,2.0454719066619873
static_ptq_tail_eager_layer,static_ptq_tail,eager,layer,gpu,decode,gpu.layer.27.fp.input_norm,31,0.22729599801823497,0.00733212896833016,0.007007999811321497,0.0081599997356534,0.00914239976555109,0.006399999838322401,0.009151999838650227
static_ptq_tail_eager_layer,static_ptq_tail,eager,layer,gpu,decode,gpu.layer.27.fp.post_attn_norm,31,3.135872003622353,0.10115716140717268,0.10688000172376633,0.10886400192975998,0.11779839992523193,0.00800000037997961,0.11823999881744385
static_ptq_tail_eager_layer,static_ptq_tail,eager,layer,gpu,decode,gpu.layer.27.ptq.attention,31,27.502560079097748,0.8871793573902499,0.9301120042800903,0.979423999786377,1.4827615618705745,0.21011200547218323,1.679263949394226
static_ptq_tail_eager_layer,static_ptq_tail,eager,layer,gpu,decode,gpu.layer.27.ptq.mlp,31,25.727135956287384,0.8299076114931414,0.795744001865387,0.940671980381012,1.0202080011367798,0.6523200273513794,1.0213119983673096
static_ptq_tail_eager_layer,static_ptq_tail,eager,layer,gpu,decode,gpu.layer.27.ptq.total,31,60.1344318985939,1.9398203838256098,1.984544038772583,2.047071933746338,2.6300863504409784,0.883072018623352,2.86409592628479
static_ptq_tail_eager_layer,static_ptq_tail,eager,layer,gpu,decode,gpu.layer.28.fp.input_norm,31,0.22595199942588806,0.007288774175028647,0.006912000011652708,0.00854399986565113,0.009014399722218513,0.006527999881654978,0.00902399979531765
static_ptq_tail_eager_layer,static_ptq_tail,eager,layer,gpu,decode,gpu.layer.28.fp.post_attn_norm,31,3.1497279931791127,0.10160412881222944,0.1072319969534874,0.11129599809646606,0.1195615991950035,0.006624000146985054,0.12223999947309494
static_ptq_tail_eager_layer,static_ptq_tail,eager,layer,gpu,decode,gpu.layer.28.ptq.attention,31,26.20991988480091,0.845481286606481,0.9186879992485046,0.944703996181488,0.951196801662445,0.20713600516319275,0.9514560103416443
static_ptq_tail_eager_layer,static_ptq_tail,eager,layer,gpu,decode,gpu.layer.28.ptq.mlp,31,26.01993614435196,0.8393527788500632,0.8106560111045837,0.9515519738197327,1.0287232041358947,0.6584640145301819,1.0319679975509644
static_ptq_tail_eager_layer,static_ptq_tail,eager,layer,gpu,decode,gpu.layer.28.ptq.total,31,59.148960053920746,1.9080309694813145,1.9680960178375244,2.0083839893341064,2.1074753046035766,0.8846399784088135,2.1256000995635986
static_ptq_tail_eager_layer,static_ptq_tail,eager,layer,gpu,decode,gpu.layer.29.fp.input_norm,31,0.22678399924188852,0.007315612878770598,0.007040000054985285,0.008511999621987343,0.009100799728184939,0.0063680000603199005,0.009119999594986439
static_ptq_tail_eager_layer,static_ptq_tail,eager,layer,gpu,decode,gpu.layer.29.fp.post_attn_norm,31,3.1485440037213266,0.10156593560391376,0.10777600109577179,0.1103999987244606,0.11824959889054298,0.006912000011652708,0.12111999839544296
static_ptq_tail_eager_layer,static_ptq_tail,eager,layer,gpu,decode,gpu.layer.29.ptq.attention,31,26.098175913095474,0.8418766423579185,0.9114559888839722,0.9515519738197327,0.964185607433319,0.21119999885559082,0.9643200039863586
static_ptq_tail_eager_layer,static_ptq_tail,eager,layer,gpu,decode,gpu.layer.29.ptq.mlp,31,25.916896104812622,0.8360289066068588,0.8025919795036316,0.9346240162849426,1.020198440551758,0.6576640009880066,1.0212160348892212
static_ptq_tail_eager_layer,static_ptq_tail,eager,layer,gpu,decode,gpu.layer.29.ptq.total,31,58.91923201084137,1.9006203874464958,1.9718400239944458,2.0077760219573975,2.022230386734009,0.888159990310669,2.0225279331207275
static_ptq_tail_eager_layer,static_ptq_tail,eager,layer,gpu,decode,gpu.layer.30.fp.input_norm,31,0.22780800005421042,0.007348645163039046,0.007007999811321497,0.008608000352978706,0.009068800136446953,0.006399999838322401,0.009088000282645226
static_ptq_tail_eager_layer,static_ptq_tail,eager,layer,gpu,decode,gpu.layer.30.fp.post_attn_norm,31,3.1805439833551645,0.10259819301145692,0.10784000158309937,0.11590400338172913,0.12416639849543572,0.006719999946653843,0.12489599734544754
static_ptq_tail_eager_layer,static_ptq_tail,eager,layer,gpu,decode,gpu.layer.30.ptq.attention,31,25.798048123717308,0.8321951007650744,0.9018239974975586,0.9368000030517578,0.9650368094444275,0.2069759964942932,0.9705280065536499
static_ptq_tail_eager_layer,static_ptq_tail,eager,layer,gpu,decode,gpu.layer.30.ptq.mlp,31,25.83465611934662,0.833376003849891,0.8022720217704773,0.9430080056190491,1.016972827911377,0.6507520079612732,1.0184320211410522
static_ptq_tail_eager_layer,static_ptq_tail,eager,layer,gpu,decode,gpu.layer.30.ptq.total,31,58.43404829502106,1.884969299839389,1.9497920274734497,1.982848048210144,2.0417408466339113,0.875872015953064,2.056544065475464
static_ptq_tail_eager_layer,static_ptq_tail,eager,layer,gpu,decode,gpu.layer.31.fp.input_norm,31,0.2224639980122447,0.00717625800039499,0.006783999968320131,0.008511999621987343,0.008918399829417467,0.006304000038653612,0.00902399979531765
static_ptq_tail_eager_layer,static_ptq_tail,eager,layer,gpu,decode,gpu.layer.31.fp.post_attn_norm,31,3.119807990733534,0.10063896744301723,0.1064319983124733,0.11030399799346924,0.11832960024476051,0.006271999794989824,0.1204800009727478
static_ptq_tail_eager_layer,static_ptq_tail,eager,layer,gpu,decode,gpu.layer.31.ptq.attention,31,26.064896047115326,0.8408030982940428,0.9137600064277649,0.948415994644165,0.9839679896831512,0.21055999398231506,0.9917439818382263
static_ptq_tail_eager_layer,static_ptq_tail,eager,layer,gpu,decode,gpu.layer.31.ptq.mlp,31,26.09545600414276,0.8417889033594439,0.810912013053894,0.9371839761734009,1.0230592131614684,0.6600000262260437,1.0256320238113403
static_ptq_tail_eager_layer,static_ptq_tail,eager,layer,gpu,decode,gpu.layer.31.ptq.total,31,59.13664001226425,1.9076335487827178,1.9763840436935425,2.0134079456329346,2.0662688255310058,0.89055997133255,2.0794880390167236
static_ptq_tail_eager_layer,static_ptq_tail,eager,layer,gpu,decode,gpu.layer.32.fp.input_norm,31,0.2239999994635582,0.007225806434308329,0.00687999976798892,0.008448000065982342,0.009212799929082393,0.006304000038653612,0.009279999881982803
static_ptq_tail_eager_layer,static_ptq_tail,eager,layer,gpu,decode,gpu.layer.32.fp.post_attn_norm,31,3.2636479875072837,0.10527896733894464,0.10739199817180634,0.11564800143241882,0.11753279790282249,0.006976000033318996,0.11817599833011627
static_ptq_tail_eager_layer,static_ptq_tail,eager,layer,gpu,decode,gpu.layer.32.ptq.attention,31,26.148704156279564,0.8435065856864375,0.884223997592926,0.9514240026473999,0.9969120383262634,0.21174399554729462,1.001952052116394
static_ptq_tail_eager_layer,static_ptq_tail,eager,layer,gpu,decode,gpu.layer.32.ptq.mlp,31,26.460287928581238,0.8535576751155238,0.8193280100822449,0.945792019367218,1.0331807494163514,0.6702399849891663,1.0354559421539307
static_ptq_tail_eager_layer,static_ptq_tail,eager,layer,gpu,decode,gpu.layer.32.ptq.total,31,59.57241600751877,1.9216908389522183,1.9547840356826782,1.9938240051269531,2.0672704219818114,0.9003840088844299,2.0727040767669678
static_ptq_tail_eager_layer,static_ptq_tail,eager,layer,gpu,decode,gpu.model_forward,31,1851.2933616638184,59.71914069883285,61.425537109375,62.260318756103516,62.72841033935547,33.56886291503906,62.78940963745117
static_ptq_tail_eager_layer,static_ptq_tail,eager,layer,gpu,decode,gpu.sample_postprocess,31,0.029663999972399324,0.0009569032249161073,0.0008960000122897327,0.0012799999676644802,0.0015615999815054237,0.0007360000163316727,0.0015999999595806003
static_ptq_tail_eager_layer,static_ptq_tail,eager,layer,gpu,decode,gpu.sampler,31,2.880543999373913,0.09292077417335202,0.08640000224113464,0.11164800077676773,0.12852480188012122,0.08150400221347809,0.13238400220870972
static_ptq_tail_eager_layer,static_ptq_tail,eager,layer,gpu,decode,runtime.prepare_inputs,31,2.265504013746977,0.07308077463699926,0.07388799637556076,0.08620800077915192,0.09103999957442284,0.055296000093221664,0.09180799871683121
static_ptq_tail_eager_layer,static_ptq_tail,eager,layer,gpu,prefill,gpu.compute_logits,1,5.8691840171813965,5.8691840171813965,5.8691840171813965,5.8691840171813965,5.8691840171813965,5.8691840171813965,5.8691840171813965
static_ptq_tail_eager_layer,static_ptq_tail,eager,layer,gpu,prefill,gpu.layer.01.fp.attention,1,1.1827199459075928,1.1827199459075928,1.1827199459075928,1.1827199459075928,1.1827199459075928,1.1827199459075928,1.1827199459075928
static_ptq_tail_eager_layer,static_ptq_tail,eager,layer,gpu,prefill,gpu.layer.01.fp.input_norm,1,0.20291200280189514,0.20291200280189514,0.20291200280189514,0.20291200280189514,0.20291200280189514,0.20291200280189514,0.20291200280189514
static_ptq_tail_eager_layer,static_ptq_tail,eager,layer,gpu,prefill,gpu.layer.01.fp.mlp,1,2.7019519805908203,2.7019519805908203,2.7019519805908203,2.7019519805908203,2.7019519805908203,2.7019519805908203,2.7019519805908203
static_ptq_tail_eager_layer,static_ptq_tail,eager,layer,gpu,prefill,gpu.layer.01.fp.post_attn_norm,1,0.01881599985063076,0.01881599985063076,0.01881599985063076,0.01881599985063076,0.01881599985063076,0.01881599985063076,0.01881599985063076
static_ptq_tail_eager_layer,static_ptq_tail,eager,layer,gpu,prefill,gpu.layer.01.fp.total,1,4.282879829406738,4.282879829406738,4.282879829406738,4.282879829406738,4.282879829406738,4.282879829406738,4.282879829406738
static_ptq_tail_eager_layer,static_ptq_tail,eager,layer,gpu,prefill,gpu.layer.02.fp.attention,1,0.6408320069313049,0.6408320069313049,0.6408320069313049,0.6408320069313049,0.6408320069313049,0.6408320069313049,0.6408320069313049
static_ptq_tail_eager_layer,static_ptq_tail,eager,layer,gpu,prefill,gpu.layer.02.fp.input_norm,1,0.02316799946129322,0.02316799946129322,0.02316799946129322,0.02316799946129322,0.02316799946129322,0.02316799946129322,0.02316799946129322
static_ptq_tail_eager_layer,static_ptq_tail,eager,layer,gpu,prefill,gpu.layer.02.fp.mlp,1,2.5857279300689697,2.5857279300689697,2.5857279300689697,2.5857279300689697,2.5857279300689697,2.5857279300689697,2.5857279300689697
static_ptq_tail_eager_layer,static_ptq_tail,eager,layer,gpu,prefill,gpu.layer.02.fp.post_attn_norm,1,0.01942400075495243,0.01942400075495243,0.01942400075495243,0.01942400075495243,0.01942400075495243,0.01942400075495243,0.01942400075495243
static_ptq_tail_eager_layer,static_ptq_tail,eager,layer,gpu,prefill,gpu.layer.02.fp.total,1,3.2738559246063232,3.2738559246063232,3.2738559246063232,3.2738559246063232,3.2738559246063232,3.2738559246063232,3.2738559246063232
static_ptq_tail_eager_layer,static_ptq_tail,eager,layer,gpu,prefill,gpu.layer.03.fp.attention,1,0.6400960087776184,0.6400960087776184,0.6400960087776184,0.6400960087776184,0.6400960087776184,0.6400960087776184,0.6400960087776184
static_ptq_tail_eager_layer,static_ptq_tail,eager,layer,gpu,prefill,gpu.layer.03.fp.input_norm,1,0.023104000836610794,0.023104000836610794,0.023104000836610794,0.023104000836610794,0.023104000836610794,0.023104000836610794,0.023104000836610794
static_ptq_tail_eager_layer,static_ptq_tail,eager,layer,gpu,prefill,gpu.layer.03.fp.mlp,1,2.5880000591278076,2.5880000591278076,2.5880000591278076,2.5880000591278076,2.5880000591278076,2.5880000591278076,2.5880000591278076
static_ptq_tail_eager_layer,static_ptq_tail,eager,layer,gpu,prefill,gpu.layer.03.fp.post_attn_norm,1,0.019519999623298645,0.019519999623298645,0.019519999623298645,0.019519999623298645,0.019519999623298645,0.019519999623298645,0.019519999623298645
static_ptq_tail_eager_layer,static_ptq_tail,eager,layer,gpu,prefill,gpu.layer.03.fp.total,1,3.2758400440216064,3.2758400440216064,3.2758400440216064,3.2758400440216064,3.2758400440216064,3.2758400440216064,3.2758400440216064
static_ptq_tail_eager_layer,static_ptq_tail,eager,layer,gpu,prefill,gpu.layer.04.fp.attention,1,0.6364480257034302,0.6364480257034302,0.6364480257034302,0.6364480257034302,0.6364480257034302,0.6364480257034302,0.6364480257034302
static_ptq_tail_eager_layer,static_ptq_tail,eager,layer,gpu,prefill,gpu.layer.04.fp.input_norm,1,0.02300800010561943,0.02300800010561943,0.02300800010561943,0.02300800010561943,0.02300800010561943,0.02300800010561943,0.02300800010561943
static_ptq_tail_eager_layer,static_ptq_tail,eager,layer,gpu,prefill,gpu.layer.04.fp.mlp,1,2.5901761054992676,2.5901761054992676,2.5901761054992676,2.5901761054992676,2.5901761054992676,2.5901761054992676,2.5901761054992676
static_ptq_tail_eager_layer,static_ptq_tail,eager,layer,gpu,prefill,gpu.layer.04.fp.post_attn_norm,1,0.01990400068461895,0.01990400068461895,0.01990400068461895,0.01990400068461895,0.01990400068461895,0.01990400068461895,0.01990400068461895
static_ptq_tail_eager_layer,static_ptq_tail,eager,layer,gpu,prefill,gpu.layer.04.fp.total,1,3.2747199535369873,3.2747199535369873,3.2747199535369873,3.2747199535369873,3.2747199535369873,3.2747199535369873,3.2747199535369873
static_ptq_tail_eager_layer,static_ptq_tail,eager,layer,gpu,prefill,gpu.layer.05.fp.attention,1,0.6378560066223145,0.6378560066223145,0.6378560066223145,0.6378560066223145,0.6378560066223145,0.6378560066223145,0.6378560066223145
static_ptq_tail_eager_layer,static_ptq_tail,eager,layer,gpu,prefill,gpu.layer.05.fp.input_norm,1,0.022431999444961548,0.022431999444961548,0.022431999444961548,0.022431999444961548,0.022431999444961548,0.022431999444961548,0.022431999444961548
static_ptq_tail_eager_layer,static_ptq_tail,eager,layer,gpu,prefill,gpu.layer.05.fp.mlp,1,2.595776081085205,2.595776081085205,2.595776081085205,2.595776081085205,2.595776081085205,2.595776081085205,2.595776081085205
static_ptq_tail_eager_layer,static_ptq_tail,eager,layer,gpu,prefill,gpu.layer.05.fp.post_attn_norm,1,0.01945599913597107,0.01945599913597107,0.01945599913597107,0.01945599913597107,0.01945599913597107,0.01945599913597107,0.01945599913597107
static_ptq_tail_eager_layer,static_ptq_tail,eager,layer,gpu,prefill,gpu.layer.05.fp.total,1,3.2804160118103027,3.2804160118103027,3.2804160118103027,3.2804160118103027,3.2804160118103027,3.2804160118103027,3.2804160118103027
static_ptq_tail_eager_layer,static_ptq_tail,eager,layer,gpu,prefill,gpu.layer.06.fp.attention,1,0.6371200084686279,0.6371200084686279,0.6371200084686279,0.6371200084686279,0.6371200084686279,0.6371200084686279,0.6371200084686279
static_ptq_tail_eager_layer,static_ptq_tail,eager,layer,gpu,prefill,gpu.layer.06.fp.input_norm,1,0.02332800067961216,0.02332800067961216,0.02332800067961216,0.02332800067961216,0.02332800067961216,0.02332800067961216,0.02332800067961216
static_ptq_tail_eager_layer,static_ptq_tail,eager,layer,gpu,prefill,gpu.layer.06.fp.mlp,1,2.603584051132202,2.603584051132202,2.603584051132202,2.603584051132202,2.603584051132202,2.603584051132202,2.603584051132202
static_ptq_tail_eager_layer,static_ptq_tail,eager,layer,gpu,prefill,gpu.layer.06.fp.post_attn_norm,1,0.01942400075495243,0.01942400075495243,0.01942400075495243,0.01942400075495243,0.01942400075495243,0.01942400075495243,0.01942400075495243
static_ptq_tail_eager_layer,static_ptq_tail,eager,layer,gpu,prefill,gpu.layer.06.fp.total,1,3.2879040241241455,3.2879040241241455,3.2879040241241455,3.2879040241241455,3.2879040241241455,3.2879040241241455,3.2879040241241455
static_ptq_tail_eager_layer,static_ptq_tail,eager,layer,gpu,prefill,gpu.layer.07.fp.attention,1,0.6351360082626343,0.6351360082626343,0.6351360082626343,0.6351360082626343,0.6351360082626343,0.6351360082626343,0.6351360082626343
static_ptq_tail_eager_layer,static_ptq_tail,eager,layer,gpu,prefill,gpu.layer.07.fp.input_norm,1,0.022975999861955643,0.022975999861955643,0.022975999861955643,0.022975999861955643,0.022975999861955643,0.022975999861955643,0.022975999861955643
static_ptq_tail_eager_layer,static_ptq_tail,eager,layer,gpu,prefill,gpu.layer.07.fp.mlp,1,2.591264009475708,2.591264009475708,2.591264009475708,2.591264009475708,2.591264009475708,2.591264009475708,2.591264009475708
static_ptq_tail_eager_layer,static_ptq_tail,eager,layer,gpu,prefill,gpu.layer.07.fp.post_attn_norm,1,0.01958400011062622,0.01958400011062622,0.01958400011062622,0.01958400011062622,0.01958400011062622,0.01958400011062622,0.01958400011062622
static_ptq_tail_eager_layer,static_ptq_tail,eager,layer,gpu,prefill,gpu.layer.07.fp.total,1,3.273695945739746,3.273695945739746,3.273695945739746,3.273695945739746,3.273695945739746,3.273695945739746,3.273695945739746
static_ptq_tail_eager_layer,static_ptq_tail,eager,layer,gpu,prefill,gpu.layer.08.fp.attention,1,0.6409599781036377,0.6409599781036377,0.6409599781036377,0.6409599781036377,0.6409599781036377,0.6409599781036377,0.6409599781036377
static_ptq_tail_eager_layer,static_ptq_tail,eager,layer,gpu,prefill,gpu.layer.08.fp.input_norm,1,0.02304000034928322,0.02304000034928322,0.02304000034928322,0.02304000034928322,0.02304000034928322,0.02304000034928322,0.02304000034928322
static_ptq_tail_eager_layer,static_ptq_tail,eager,layer,gpu,prefill,gpu.layer.08.fp.mlp,1,2.595263957977295,2.595263957977295,2.595263957977295,2.595263957977295,2.595263957977295,2.595263957977295,2.595263957977295
static_ptq_tail_eager_layer,static_ptq_tail,eager,layer,gpu,prefill,gpu.layer.08.fp.post_attn_norm,1,0.019039999693632126,0.019039999693632126,0.019039999693632126,0.019039999693632126,0.019039999693632126,0.019039999693632126,0.019039999693632126
static_ptq_tail_eager_layer,static_ptq_tail,eager,layer,gpu,prefill,gpu.layer.08.fp.total,1,3.283071994781494,3.283071994781494,3.283071994781494,3.283071994781494,3.283071994781494,3.283071994781494,3.283071994781494
static_ptq_tail_eager_layer,static_ptq_tail,eager,layer,gpu,prefill,gpu.layer.09.fp.attention,1,0.6388159990310669,0.6388159990310669,0.6388159990310669,0.6388159990310669,0.6388159990310669,0.6388159990310669,0.6388159990310669
static_ptq_tail_eager_layer,static_ptq_tail,eager,layer,gpu,prefill,gpu.layer.09.fp.input_norm,1,0.022624000906944275,0.022624000906944275,0.022624000906944275,0.022624000906944275,0.022624000906944275,0.022624000906944275,0.022624000906944275
static_ptq_tail_eager_layer,static_ptq_tail,eager,layer,gpu,prefill,gpu.layer.09.fp.mlp,1,2.591200113296509,2.591200113296509,2.591200113296509,2.591200113296509,2.591200113296509,2.591200113296509,2.591200113296509
static_ptq_tail_eager_layer,static_ptq_tail,eager,layer,gpu,prefill,gpu.layer.09.fp.post_attn_norm,1,0.019360000267624855,0.019360000267624855,0.019360000267624855,0.019360000267624855,0.019360000267624855,0.019360000267624855,0.019360000267624855
static_ptq_tail_eager_layer,static_ptq_tail,eager,layer,gpu,prefill,gpu.layer.09.fp.total,1,3.2765119075775146,3.2765119075775146,3.2765119075775146,3.2765119075775146,3.2765119075775146,3.2765119075775146,3.2765119075775146
static_ptq_tail_eager_layer,static_ptq_tail,eager,layer,gpu,prefill,gpu.layer.10.fp.attention,1,0.6369280219078064,0.6369280219078064,0.6369280219078064,0.6369280219078064,0.6369280219078064,0.6369280219078064,0.6369280219078064
static_ptq_tail_eager_layer,static_ptq_tail,eager,layer,gpu,prefill,gpu.layer.10.fp.input_norm,1,0.022784000262618065,0.022784000262618065,0.022784000262618065,0.022784000262618065,0.022784000262618065,0.022784000262618065,0.022784000262618065
static_ptq_tail_eager_layer,static_ptq_tail,eager,layer,gpu,prefill,gpu.layer.10.fp.mlp,1,2.5800960063934326,2.5800960063934326,2.5800960063934326,2.5800960063934326,2.5800960063934326,2.5800960063934326,2.5800960063934326
static_ptq_tail_eager_layer,static_ptq_tail,eager,layer,gpu,prefill,gpu.layer.10.fp.post_attn_norm,1,0.019680000841617584,0.019680000841617584,0.019680000841617584,0.019680000841617584,0.019680000841617584,0.019680000841617584,0.019680000841617584
static_ptq_tail_eager_layer,static_ptq_tail,eager,layer,gpu,prefill,gpu.layer.10.fp.total,1,3.2640318870544434,3.2640318870544434,3.2640318870544434,3.2640318870544434,3.2640318870544434,3.2640318870544434,3.2640318870544434
static_ptq_tail_eager_layer,static_ptq_tail,eager,layer,gpu,prefill,gpu.layer.11.fp.attention,1,0.6375679969787598,0.6375679969787598,0.6375679969787598,0.6375679969787598,0.6375679969787598,0.6375679969787598,0.6375679969787598
static_ptq_tail_eager_layer,static_ptq_tail,eager,layer,gpu,prefill,gpu.layer.11.fp.input_norm,1,0.02223999984562397,0.02223999984562397,0.02223999984562397,0.02223999984562397,0.02223999984562397,0.02223999984562397,0.02223999984562397
static_ptq_tail_eager_layer,static_ptq_tail,eager,layer,gpu,prefill,gpu.layer.11.fp.mlp,1,2.588671922683716,2.588671922683716,2.588671922683716,2.588671922683716,2.588671922683716,2.588671922683716,2.588671922683716
static_ptq_tail_eager_layer,static_ptq_tail,eager,layer,gpu,prefill,gpu.layer.11.fp.post_attn_norm,1,0.01942400075495243,0.01942400075495243,0.01942400075495243,0.01942400075495243,0.01942400075495243,0.01942400075495243,0.01942400075495243
static_ptq_tail_eager_layer,static_ptq_tail,eager,layer,gpu,prefill,gpu.layer.11.fp.total,1,3.2727038860321045,3.2727038860321045,3.2727038860321045,3.2727038860321045,3.2727038860321045,3.2727038860321045,3.2727038860321045
static_ptq_tail_eager_layer,static_ptq_tail,eager,layer,gpu,prefill,gpu.layer.12.fp.attention,1,0.6404479742050171,0.6404479742050171,0.6404479742050171,0.6404479742050171,0.6404479742050171,0.6404479742050171,0.6404479742050171
static_ptq_tail_eager_layer,static_ptq_tail,eager,layer,gpu,prefill,gpu.layer.12.fp.input_norm,1,0.022943999618291855,0.022943999618291855,0.022943999618291855,0.022943999618291855,0.022943999618291855,0.022943999618291855,0.022943999618291855
static_ptq_tail_eager_layer,static_ptq_tail,eager,layer,gpu,prefill,gpu.layer.12.fp.mlp,1,2.608544111251831,2.608544111251831,2.608544111251831,2.608544111251831,2.608544111251831,2.608544111251831,2.608544111251831
static_ptq_tail_eager_layer,static_ptq_tail,eager,layer,gpu,prefill,gpu.layer.12.fp.post_attn_norm,1,0.02038400061428547,0.02038400061428547,0.02038400061428547,0.02038400061428547,0.02038400061428547,0.02038400061428547,0.02038400061428547
static_ptq_tail_eager_layer,static_ptq_tail,eager,layer,gpu,prefill,gpu.layer.12.fp.total,1,3.296895980834961,3.296895980834961,3.296895980834961,3.296895980834961,3.296895980834961,3.296895980834961,3.296895980834961
static_ptq_tail_eager_layer,static_ptq_tail,eager,layer,gpu,prefill,gpu.layer.13.fp.attention,1,0.6338880062103271,0.6338880062103271,0.6338880062103271,0.6338880062103271,0.6338880062103271,0.6338880062103271,0.6338880062103271
static_ptq_tail_eager_layer,static_ptq_tail,eager,layer,gpu,prefill,gpu.layer.13.fp.input_norm,1,0.022816000506281853,0.022816000506281853,0.022816000506281853,0.022816000506281853,0.022816000506281853,0.022816000506281853,0.022816000506281853
static_ptq_tail_eager_layer,static_ptq_tail,eager,layer,gpu,prefill,gpu.layer.13.fp.mlp,1,2.6451520919799805,2.6451520919799805,2.6451520919799805,2.6451520919799805,2.6451520919799805,2.6451520919799805,2.6451520919799805
static_ptq_tail_eager_layer,static_ptq_tail,eager,layer,gpu,prefill,gpu.layer.13.fp.post_attn_norm,1,0.019519999623298645,0.019519999623298645,0.019519999623298645,0.019519999623298645,0.019519999623298645,0.019519999623298645,0.019519999623298645
static_ptq_tail_eager_layer,static_ptq_tail,eager,layer,gpu,prefill,gpu.layer.13.fp.total,1,3.3259201049804688,3.3259201049804688,3.3259201049804688,3.3259201049804688,3.3259201049804688,3.3259201049804688,3.3259201049804688
static_ptq_tail_eager_layer,static_ptq_tail,eager,layer,gpu,prefill,gpu.layer.14.fp.attention,1,0.6464639902114868,0.6464639902114868,0.6464639902114868,0.6464639902114868,0.6464639902114868,0.6464639902114868,0.6464639902114868
static_ptq_tail_eager_layer,static_ptq_tail,eager,layer,gpu,prefill,gpu.layer.14.fp.input_norm,1,0.02319999970495701,0.02319999970495701,0.02319999970495701,0.02319999970495701,0.02319999970495701,0.02319999970495701,0.02319999970495701
static_ptq_tail_eager_layer,static_ptq_tail,eager,layer,gpu,prefill,gpu.layer.14.fp.mlp,1,2.6407039165496826,2.6407039165496826,2.6407039165496826,2.6407039165496826,2.6407039165496826,2.6407039165496826,2.6407039165496826
static_ptq_tail_eager_layer,static_ptq_tail,eager,layer,gpu,prefill,gpu.layer.14.fp.post_attn_norm,1,0.019551999866962433,0.019551999866962433,0.019551999866962433,0.019551999866962433,0.019551999866962433,0.019551999866962433,0.019551999866962433
static_ptq_tail_eager_layer,static_ptq_tail,eager,layer,gpu,prefill,gpu.layer.14.fp.total,1,3.3341760635375977,3.3341760635375977,3.3341760635375977,3.3341760635375977,3.3341760635375977,3.3341760635375977,3.3341760635375977
static_ptq_tail_eager_layer,static_ptq_tail,eager,layer,gpu,prefill,gpu.layer.15.fp.attention,1,0.637503981590271,0.637503981590271,0.637503981590271,0.637503981590271,0.637503981590271,0.637503981590271,0.637503981590271
static_ptq_tail_eager_layer,static_ptq_tail,eager,layer,gpu,prefill,gpu.layer.15.fp.input_norm,1,0.022207999601960182,0.022207999601960182,0.022207999601960182,0.022207999601960182,0.022207999601960182,0.022207999601960182,0.022207999601960182
static_ptq_tail_eager_layer,static_ptq_tail,eager,layer,gpu,prefill,gpu.layer.15.fp.mlp,1,2.5922560691833496,2.5922560691833496,2.5922560691833496,2.5922560691833496,2.5922560691833496,2.5922560691833496,2.5922560691833496
static_ptq_tail_eager_layer,static_ptq_tail,eager,layer,gpu,prefill,gpu.layer.15.fp.post_attn_norm,1,0.01974399946630001,0.01974399946630001,0.01974399946630001,0.01974399946630001,0.01974399946630001,0.01974399946630001,0.01974399946630001
static_ptq_tail_eager_layer,static_ptq_tail,eager,layer,gpu,prefill,gpu.layer.15.fp.total,1,3.2760961055755615,3.2760961055755615,3.2760961055755615,3.2760961055755615,3.2760961055755615,3.2760961055755615,3.2760961055755615
static_ptq_tail_eager_layer,static_ptq_tail,eager,layer,gpu,prefill,gpu.layer.16.fp.attention,1,0.6392959952354431,0.6392959952354431,0.6392959952354431,0.6392959952354431,0.6392959952354431,0.6392959952354431,0.6392959952354431
static_ptq_tail_eager_layer,static_ptq_tail,eager,layer,gpu,prefill,gpu.layer.16.fp.input_norm,1,0.02319999970495701,0.02319999970495701,0.02319999970495701,0.02319999970495701,0.02319999970495701,0.02319999970495701,0.02319999970495701
static_ptq_tail_eager_layer,static_ptq_tail,eager,layer,gpu,prefill,gpu.layer.16.fp.mlp,1,2.5899839401245117,2.5899839401245117,2.5899839401245117,2.5899839401245117,2.5899839401245117,2.5899839401245117,2.5899839401245117
static_ptq_tail_eager_layer,static_ptq_tail,eager,layer,gpu,prefill,gpu.layer.16.fp.post_attn_norm,1,0.01894400082528591,0.01894400082528591,0.01894400082528591,0.01894400082528591,0.01894400082528591,0.01894400082528591,0.01894400082528591
static_ptq_tail_eager_layer,static_ptq_tail,eager,layer,gpu,prefill,gpu.layer.16.fp.total,1,3.2761600017547607,3.2761600017547607,3.2761600017547607,3.2761600017547607,3.2761600017547607,3.2761600017547607,3.2761600017547607
static_ptq_tail_eager_layer,static_ptq_tail,eager,layer,gpu,prefill,gpu.layer.17.fp.attention,1,0.6388800144195557,0.6388800144195557,0.6388800144195557,0.6388800144195557,0.6388800144195557,0.6388800144195557,0.6388800144195557
static_ptq_tail_eager_layer,static_ptq_tail,eager,layer,gpu,prefill,gpu.layer.17.fp.input_norm,1,0.022975999861955643,0.022975999861955643,0.022975999861955643,0.022975999861955643,0.022975999861955643,0.022975999861955643,0.022975999861955643
static_ptq_tail_eager_layer,static_ptq_tail,eager,layer,gpu,prefill,gpu.layer.17.fp.mlp,1,2.587455987930298,2.587455987930298,2.587455987930298,2.587455987930298,2.587455987930298,2.587455987930298,2.587455987930298
static_ptq_tail_eager_layer,static_ptq_tail,eager,layer,gpu,prefill,gpu.layer.17.fp.post_attn_norm,1,0.019999999552965164,0.019999999552965164,0.019999999552965164,0.019999999552965164,0.019999999552965164,0.019999999552965164,0.019999999552965164
static_ptq_tail_eager_layer,static_ptq_tail,eager,layer,gpu,prefill,gpu.layer.17.fp.total,1,3.273952007293701,3.273952007293701,3.273952007293701,3.273952007293701,3.273952007293701,3.273952007293701,3.273952007293701
static_ptq_tail_eager_layer,static_ptq_tail,eager,layer,gpu,prefill,gpu.layer.18.fp.attention,1,0.635487973690033,0.635487973690033,0.635487973690033,0.635487973690033,0.635487973690033,0.635487973690033,0.635487973690033
static_ptq_tail_eager_layer,static_ptq_tail,eager,layer,gpu,prefill,gpu.layer.18.fp.input_norm,1,0.022495999932289124,0.022495999932289124,0.022495999932289124,0.022495999932289124,0.022495999932289124,0.022495999932289124,0.022495999932289124
static_ptq_tail_eager_layer,static_ptq_tail,eager,layer,gpu,prefill,gpu.layer.18.fp.mlp,1,2.591007947921753,2.591007947921753,2.591007947921753,2.591007947921753,2.591007947921753,2.591007947921753,2.591007947921753
static_ptq_tail_eager_layer,static_ptq_tail,eager,layer,gpu,prefill,gpu.layer.18.fp.post_attn_norm,1,0.019071999937295914,0.019071999937295914,0.019071999937295914,0.019071999937295914,0.019071999937295914,0.019071999937295914,0.019071999937295914
static_ptq_tail_eager_layer,static_ptq_tail,eager,layer,gpu,prefill,gpu.layer.18.fp.total,1,3.2726399898529053,3.2726399898529053,3.2726399898529053,3.2726399898529053,3.2726399898529053,3.2726399898529053,3.2726399898529053
static_ptq_tail_eager_layer,static_ptq_tail,eager,layer,gpu,prefill,gpu.layer.19.fp.attention,1,0.6353920102119446,0.6353920102119446,0.6353920102119446,0.6353920102119446,0.6353920102119446,0.6353920102119446,0.6353920102119446
static_ptq_tail_eager_layer,static_ptq_tail,eager,layer,gpu,prefill,gpu.layer.19.fp.input_norm,1,0.022304000332951546,0.022304000332951546,0.022304000332951546,0.022304000332951546,0.022304000332951546,0.022304000332951546,0.022304000332951546
static_ptq_tail_eager_layer,static_ptq_tail,eager,layer,gpu,prefill,gpu.layer.19.fp.mlp,1,2.5937600135803223,2.5937600135803223,2.5937600135803223,2.5937600135803223,2.5937600135803223,2.5937600135803223,2.5937600135803223
static_ptq_tail_eager_layer,static_ptq_tail,eager,layer,gpu,prefill,gpu.layer.19.fp.post_attn_norm,1,0.019648000597953796,0.019648000597953796,0.019648000597953796,0.019648000597953796,0.019648000597953796,0.019648000597953796,0.019648000597953796
static_ptq_tail_eager_layer,static_ptq_tail,eager,layer,gpu,prefill,gpu.layer.19.fp.total,1,3.2756481170654297,3.2756481170654297,3.2756481170654297,3.2756481170654297,3.2756481170654297,3.2756481170654297,3.2756481170654297
static_ptq_tail_eager_layer,static_ptq_tail,eager,layer,gpu,prefill,gpu.layer.20.fp.attention,1,0.6369919776916504,0.6369919776916504,0.6369919776916504,0.6369919776916504,0.6369919776916504,0.6369919776916504,0.6369919776916504
static_ptq_tail_eager_layer,static_ptq_tail,eager,layer,gpu,prefill,gpu.layer.20.fp.input_norm,1,0.022911999374628067,0.022911999374628067,0.022911999374628067,0.022911999374628067,0.022911999374628067,0.022911999374628067,0.022911999374628067
static_ptq_tail_eager_layer,static_ptq_tail,eager,layer,gpu,prefill,gpu.layer.20.fp.mlp,1,2.5883519649505615,2.5883519649505615,2.5883519649505615,2.5883519649505615,2.5883519649505615,2.5883519649505615,2.5883519649505615
static_ptq_tail_eager_layer,static_ptq_tail,eager,layer,gpu,prefill,gpu.layer.20.fp.post_attn_norm,1,0.01945599913597107,0.01945599913597107,0.01945599913597107,0.01945599913597107,0.01945599913597107,0.01945599913597107,0.01945599913597107
static_ptq_tail_eager_layer,static_ptq_tail,eager,layer,gpu,prefill,gpu.layer.20.fp.total,1,3.27238392829895,3.27238392829895,3.27238392829895,3.27238392829895,3.27238392829895,3.27238392829895,3.27238392829895
static_ptq_tail_eager_layer,static_ptq_tail,eager,layer,gpu,prefill,gpu.layer.21.fp.attention,1,0.6325759887695312,0.6325759887695312,0.6325759887695312,0.6325759887695312,0.6325759887695312,0.6325759887695312,0.6325759887695312
static_ptq_tail_eager_layer,static_ptq_tail,eager,layer,gpu,prefill,gpu.layer.21.fp.input_norm,1,0.022943999618291855,0.022943999618291855,0.022943999618291855,0.022943999618291855,0.022943999618291855,0.022943999618291855,0.022943999618291855
static_ptq_tail_eager_layer,static_ptq_tail,eager,layer,gpu,prefill,gpu.layer.21.fp.mlp,1,2.5916481018066406,2.5916481018066406,2.5916481018066406,2.5916481018066406,2.5916481018066406,2.5916481018066406,2.5916481018066406
static_ptq_tail_eager_layer,static_ptq_tail,eager,layer,gpu,prefill,gpu.layer.21.fp.post_attn_norm,1,0.019711999222636223,0.019711999222636223,0.019711999222636223,0.019711999222636223,0.019711999222636223,0.019711999222636223,0.019711999222636223
static_ptq_tail_eager_layer,static_ptq_tail,eager,layer,gpu,prefill,gpu.layer.21.fp.total,1,3.271519899368286,3.271519899368286,3.271519899368286,3.271519899368286,3.271519899368286,3.271519899368286,3.271519899368286
static_ptq_tail_eager_layer,static_ptq_tail,eager,layer,gpu,prefill,gpu.layer.22.fp.attention,1,0.6384320259094238,0.6384320259094238,0.6384320259094238,0.6384320259094238,0.6384320259094238,0.6384320259094238,0.6384320259094238
static_ptq_tail_eager_layer,static_ptq_tail,eager,layer,gpu,prefill,gpu.layer.22.fp.input_norm,1,0.023360000923275948,0.023360000923275948,0.023360000923275948,0.023360000923275948,0.023360000923275948,0.023360000923275948,0.023360000923275948
static_ptq_tail_eager_layer,static_ptq_tail,eager,layer,gpu,prefill,gpu.layer.22.fp.mlp,1,2.5922560691833496,2.5922560691833496,2.5922560691833496,2.5922560691833496,2.5922560691833496,2.5922560691833496,2.5922560691833496
static_ptq_tail_eager_layer,static_ptq_tail,eager,layer,gpu,prefill,gpu.layer.22.fp.post_attn_norm,1,0.01990400068461895,0.01990400068461895,0.01990400068461895,0.01990400068461895,0.01990400068461895,0.01990400068461895,0.01990400068461895
static_ptq_tail_eager_layer,static_ptq_tail,eager,layer,gpu,prefill,gpu.layer.22.fp.total,1,3.278656005859375,3.278656005859375,3.278656005859375,3.278656005859375,3.278656005859375,3.278656005859375,3.278656005859375
static_ptq_tail_eager_layer,static_ptq_tail,eager,layer,gpu,prefill,gpu.layer.23.fp.attention,1,0.6361280083656311,0.6361280083656311,0.6361280083656311,0.6361280083656311,0.6361280083656311,0.6361280083656311,0.6361280083656311
static_ptq_tail_eager_layer,static_ptq_tail,eager,layer,gpu,prefill,gpu.layer.23.fp.input_norm,1,0.022911999374628067,0.022911999374628067,0.022911999374628067,0.022911999374628067,0.022911999374628067,0.022911999374628067,0.022911999374628067
static_ptq_tail_eager_layer,static_ptq_tail,eager,layer,gpu,prefill,gpu.layer.23.fp.mlp,1,2.5956480503082275,2.5956480503082275,2.5956480503082275,2.5956480503082275,2.5956480503082275,2.5956480503082275,2.5956480503082275
static_ptq_tail_eager_layer,static_ptq_tail,eager,layer,gpu,prefill,gpu.layer.23.fp.post_attn_norm,1,0.019648000597953796,0.019648000597953796,0.019648000597953796,0.019648000597953796,0.019648000597953796,0.019648000597953796,0.019648000597953796
static_ptq_tail_eager_layer,static_ptq_tail,eager,layer,gpu,prefill,gpu.layer.23.fp.total,1,3.2788479328155518,3.2788479328155518,3.2788479328155518,3.2788479328155518,3.2788479328155518,3.2788479328155518,3.2788479328155518
static_ptq_tail_eager_layer,static_ptq_tail,eager,layer,gpu,prefill,gpu.layer.24.fp.attention,1,0.6362879872322083,0.6362879872322083,0.6362879872322083,0.6362879872322083,0.6362879872322083,0.6362879872322083,0.6362879872322083
static_ptq_tail_eager_layer,static_ptq_tail,eager,layer,gpu,prefill,gpu.layer.24.fp.input_norm,1,0.02348800003528595,0.02348800003528595,0.02348800003528595,0.02348800003528595,0.02348800003528595,0.02348800003528595,0.02348800003528595
static_ptq_tail_eager_layer,static_ptq_tail,eager,layer,gpu,prefill,gpu.layer.24.fp.mlp,1,2.579871892929077,2.579871892929077,2.579871892929077,2.579871892929077,2.579871892929077,2.579871892929077,2.579871892929077
static_ptq_tail_eager_layer,static_ptq_tail,eager,layer,gpu,prefill,gpu.layer.24.fp.post_attn_norm,1,0.01897599920630455,0.01897599920630455,0.01897599920630455,0.01897599920630455,0.01897599920630455,0.01897599920630455,0.01897599920630455
static_ptq_tail_eager_layer,static_ptq_tail,eager,layer,gpu,prefill,gpu.layer.24.fp.total,1,3.2632319927215576,3.2632319927215576,3.2632319927215576,3.2632319927215576,3.2632319927215576,3.2632319927215576,3.2632319927215576
static_ptq_tail_eager_layer,static_ptq_tail,eager,layer,gpu,prefill,gpu.layer.25.fp.attention,1,0.6333760023117065,0.6333760023117065,0.6333760023117065,0.6333760023117065,0.6333760023117065,0.6333760023117065,0.6333760023117065
static_ptq_tail_eager_layer,static_ptq_tail,eager,layer,gpu,prefill,gpu.layer.25.fp.input_norm,1,0.02284800074994564,0.02284800074994564,0.02284800074994564,0.02284800074994564,0.02284800074994564,0.02284800074994564,0.02284800074994564
static_ptq_tail_eager_layer,static_ptq_tail,eager,layer,gpu,prefill,gpu.layer.25.fp.mlp,1,2.582240104675293,2.582240104675293,2.582240104675293,2.582240104675293,2.582240104675293,2.582240104675293,2.582240104675293
static_ptq_tail_eager_layer,static_ptq_tail,eager,layer,gpu,prefill,gpu.layer.25.fp.post_attn_norm,1,0.019551999866962433,0.019551999866962433,0.019551999866962433,0.019551999866962433,0.019551999866962433,0.019551999866962433,0.019551999866962433
static_ptq_tail_eager_layer,static_ptq_tail,eager,layer,gpu,prefill,gpu.layer.25.fp.total,1,3.2625598907470703,3.2625598907470703,3.2625598907470703,3.2625598907470703,3.2625598907470703,3.2625598907470703,3.2625598907470703
static_ptq_tail_eager_layer,static_ptq_tail,eager,layer,gpu,prefill,gpu.layer.26.fp.attention,1,0.6319680213928223,0.6319680213928223,0.6319680213928223,0.6319680213928223,0.6319680213928223,0.6319680213928223,0.6319680213928223
static_ptq_tail_eager_layer,static_ptq_tail,eager,layer,gpu,prefill,gpu.layer.26.fp.input_norm,1,0.02287999913096428,0.02287999913096428,0.02287999913096428,0.02287999913096428,0.02287999913096428,0.02287999913096428,0.02287999913096428
static_ptq_tail_eager_layer,static_ptq_tail,eager,layer,gpu,prefill,gpu.layer.26.fp.mlp,1,2.5887999534606934,2.5887999534606934,2.5887999534606934,2.5887999534606934,2.5887999534606934,2.5887999534606934,2.5887999534606934
static_ptq_tail_eager_layer,static_ptq_tail,eager,layer,gpu,prefill,gpu.layer.26.fp.post_attn_norm,1,0.018912000581622124,0.018912000581622124,0.018912000581622124,0.018912000581622124,0.018912000581622124,0.018912000581622124,0.018912000581622124
static_ptq_tail_eager_layer,static_ptq_tail,eager,layer,gpu,prefill,gpu.layer.26.fp.total,1,3.2671360969543457,3.2671360969543457,3.2671360969543457,3.2671360969543457,3.2671360969543457,3.2671360969543457,3.2671360969543457
static_ptq_tail_eager_layer,static_ptq_tail,eager,layer,gpu,prefill,gpu.layer.27.fp.attention,1,0.6364160180091858,0.6364160180091858,0.6364160180091858,0.6364160180091858,0.6364160180091858,0.6364160180091858,0.6364160180091858
static_ptq_tail_eager_layer,static_ptq_tail,eager,layer,gpu,prefill,gpu.layer.27.fp.input_norm,1,0.02223999984562397,0.02223999984562397,0.02223999984562397,0.02223999984562397,0.02223999984562397,0.02223999984562397,0.02223999984562397
static_ptq_tail_eager_layer,static_ptq_tail,eager,layer,gpu,prefill,gpu.layer.27.fp.mlp,1,2.597759962081909,2.597759962081909,2.597759962081909,2.597759962081909,2.597759962081909,2.597759962081909,2.597759962081909
static_ptq_tail_eager_layer,static_ptq_tail,eager,layer,gpu,prefill,gpu.layer.27.fp.post_attn_norm,1,0.020031999796628952,0.020031999796628952,0.020031999796628952,0.020031999796628952,0.020031999796628952,0.020031999796628952,0.020031999796628952
static_ptq_tail_eager_layer,static_ptq_tail,eager,layer,gpu,prefill,gpu.layer.27.fp.total,1,3.280992031097412,3.280992031097412,3.280992031097412,3.280992031097412,3.280992031097412,3.280992031097412,3.280992031097412
static_ptq_tail_eager_layer,static_ptq_tail,eager,layer,gpu,prefill,gpu.layer.28.fp.attention,1,0.6342080235481262,0.6342080235481262,0.6342080235481262,0.6342080235481262,0.6342080235481262,0.6342080235481262,0.6342080235481262
static_ptq_tail_eager_layer,static_ptq_tail,eager,layer,gpu,prefill,gpu.layer.28.fp.input_norm,1,0.02316799946129322,0.02316799946129322,0.02316799946129322,0.02316799946129322,0.02316799946129322,0.02316799946129322,0.02316799946129322
static_ptq_tail_eager_layer,static_ptq_tail,eager,layer,gpu,prefill,gpu.layer.28.fp.mlp,1,2.5881919860839844,2.5881919860839844,2.5881919860839844,2.5881919860839844,2.5881919860839844,2.5881919860839844,2.5881919860839844
static_ptq_tail_eager_layer,static_ptq_tail,eager,layer,gpu,prefill,gpu.layer.28.fp.post_attn_norm,1,0.01881599985063076,0.01881599985063076,0.01881599985063076,0.01881599985063076,0.01881599985063076,0.01881599985063076,0.01881599985063076
static_ptq_tail_eager_layer,static_ptq_tail,eager,layer,gpu,prefill,gpu.layer.28.fp.total,1,3.269279956817627,3.269279956817627,3.269279956817627,3.269279956817627,3.269279956817627,3.269279956817627,3.269279956817627
static_ptq_tail_eager_layer,static_ptq_tail,eager,layer,gpu,prefill,gpu.layer.29.fp.attention,1,0.636896014213562,0.636896014213562,0.636896014213562,0.636896014213562,0.636896014213562,0.636896014213562,0.636896014213562
static_ptq_tail_eager_layer,static_ptq_tail,eager,layer,gpu,prefill,gpu.layer.29.fp.input_norm,1,0.022816000506281853,0.022816000506281853,0.022816000506281853,0.022816000506281853,0.022816000506281853,0.022816000506281853,0.022816000506281853
static_ptq_tail_eager_layer,static_ptq_tail,eager,layer,gpu,prefill,gpu.layer.29.fp.mlp,1,2.5946879386901855,2.5946879386901855,2.5946879386901855,2.5946879386901855,2.5946879386901855,2.5946879386901855,2.5946879386901855
static_ptq_tail_eager_layer,static_ptq_tail,eager,layer,gpu,prefill,gpu.layer.29.fp.post_attn_norm,1,0.019360000267624855,0.019360000267624855,0.019360000267624855,0.019360000267624855,0.019360000267624855,0.019360000267624855,0.019360000267624855
static_ptq_tail_eager_layer,static_ptq_tail,eager,layer,gpu,prefill,gpu.layer.29.fp.total,1,3.278143882751465,3.278143882751465,3.278143882751465,3.278143882751465,3.278143882751465,3.278143882751465,3.278143882751465
static_ptq_tail_eager_layer,static_ptq_tail,eager,layer,gpu,prefill,gpu.layer.30.fp.attention,1,0.6338559985160828,0.6338559985160828,0.6338559985160828,0.6338559985160828,0.6338559985160828,0.6338559985160828,0.6338559985160828
static_ptq_tail_eager_layer,static_ptq_tail,eager,layer,gpu,prefill,gpu.layer.30.fp.input_norm,1,0.02271999977529049,0.02271999977529049,0.02271999977529049,0.02271999977529049,0.02271999977529049,0.02271999977529049,0.02271999977529049
static_ptq_tail_eager_layer,static_ptq_tail,eager,layer,gpu,prefill,gpu.layer.30.fp.mlp,1,2.6027519702911377,2.6027519702911377,2.6027519702911377,2.6027519702911377,2.6027519702911377,2.6027519702911377,2.6027519702911377
static_ptq_tail_eager_layer,static_ptq_tail,eager,layer,gpu,prefill,gpu.layer.30.fp.post_attn_norm,1,0.019071999937295914,0.019071999937295914,0.019071999937295914,0.019071999937295914,0.019071999937295914,0.019071999937295914,0.019071999937295914
static_ptq_tail_eager_layer,static_ptq_tail,eager,layer,gpu,prefill,gpu.layer.30.fp.total,1,3.2831039428710938,3.2831039428710938,3.2831039428710938,3.2831039428710938,3.2831039428710938,3.2831039428710938,3.2831039428710938
static_ptq_tail_eager_layer,static_ptq_tail,eager,layer,gpu,prefill,gpu.layer.31.fp.attention,1,0.6338880062103271,0.6338880062103271,0.6338880062103271,0.6338880062103271,0.6338880062103271,0.6338880062103271,0.6338880062103271
static_ptq_tail_eager_layer,static_ptq_tail,eager,layer,gpu,prefill,gpu.layer.31.fp.input_norm,1,0.02287999913096428,0.02287999913096428,0.02287999913096428,0.02287999913096428,0.02287999913096428,0.02287999913096428,0.02287999913096428
static_ptq_tail_eager_layer,static_ptq_tail,eager,layer,gpu,prefill,gpu.layer.31.fp.mlp,1,2.5817599296569824,2.5817599296569824,2.5817599296569824,2.5817599296569824,2.5817599296569824,2.5817599296569824,2.5817599296569824
static_ptq_tail_eager_layer,static_ptq_tail,eager,layer,gpu,prefill,gpu.layer.31.fp.post_attn_norm,1,0.019648000597953796,0.019648000597953796,0.019648000597953796,0.019648000597953796,0.019648000597953796,0.019648000597953796,0.019648000597953796
static_ptq_tail_eager_layer,static_ptq_tail,eager,layer,gpu,prefill,gpu.layer.31.fp.total,1,3.2628800868988037,3.2628800868988037,3.2628800868988037,3.2628800868988037,3.2628800868988037,3.2628800868988037,3.2628800868988037
static_ptq_tail_eager_layer,static_ptq_tail,eager,layer,gpu,prefill,gpu.layer.32.fp.attention,1,0.633247971534729,0.633247971534729,0.633247971534729,0.633247971534729,0.633247971534729,0.633247971534729,0.633247971534729
static_ptq_tail_eager_layer,static_ptq_tail,eager,layer,gpu,prefill,gpu.layer.32.fp.input_norm,1,0.02287999913096428,0.02287999913096428,0.02287999913096428,0.02287999913096428,0.02287999913096428,0.02287999913096428,0.02287999913096428
static_ptq_tail_eager_layer,static_ptq_tail,eager,layer,gpu,prefill,gpu.layer.32.fp.mlp,1,2.5919039249420166,2.5919039249420166,2.5919039249420166,2.5919039249420166,2.5919039249420166,2.5919039249420166,2.5919039249420166
static_ptq_tail_eager_layer,static_ptq_tail,eager,layer,gpu,prefill,gpu.layer.32.fp.post_attn_norm,1,0.01894400082528591,0.01894400082528591,0.01894400082528591,0.01894400082528591,0.01894400082528591,0.01894400082528591,0.01894400082528591
static_ptq_tail_eager_layer,static_ptq_tail,eager,layer,gpu,prefill,gpu.layer.32.fp.total,1,3.2715840339660645,3.2715840339660645,3.2715840339660645,3.2715840339660645,3.2715840339660645,3.2715840339660645,3.2715840339660645
static_ptq_tail_eager_layer,static_ptq_tail,eager,layer,gpu,prefill,gpu.model_forward,1,106.27040100097656,106.27040100097656,106.27040100097656,106.27040100097656,106.27040100097656,106.27040100097656,106.27040100097656
static_ptq_tail_eager_layer,static_ptq_tail,eager,layer,gpu,prefill,gpu.sample_postprocess,1,0.0010560000082477927,0.0010560000082477927,0.0010560000082477927,0.0010560000082477927,0.0010560000082477927,0.0010560000082477927,0.0010560000082477927
static_ptq_tail_eager_layer,static_ptq_tail,eager,layer,gpu,prefill,gpu.sampler,1,0.08182399719953537,0.08182399719953537,0.08182399719953537,0.08182399719953537,0.08182399719953537,0.08182399719953537,0.08182399719953537
static_ptq_tail_eager_layer,static_ptq_tail,eager,layer,gpu,prefill,runtime.prepare_inputs,1,1.3244479894638062,1.3244479894638062,1.3244479894638062,1.3244479894638062,1.3244479894638062,1.3244479894638062,1.3244479894638062
